date,product,ex_refinery,excise+municipal_tax,oil_fund,conservation_fund,marketing_margin,vat,retail
2026-09-25,แก๊สโซฮอล์ 95 (E10),30.7071,7.425,-4.2,0.05,3.345,2.6129,39.94
2026-09-25,แก๊สโซฮอล์ 91,30.29,7.425,-4.2,0.05,3.4163,2.5886,39.57
2026-09-25,แก๊สโซฮอล์ E20,29.7164,6.6,-7.31,0.05,3.5979,2.2857000000000003,34.94
2026-09-25,แก๊สโซฮอล์ E85,26.5041,1.2375,-2.53,0.05,3.5982,2.0202,30.88
2026-09-25,เบนซิน 95,31.3848,8.25,2.44,0.05,3.6042,3.201,48.93
2026-09-25,ดีเซล B7,38.013,7.612,-4.95,0.05,2.0039,2.711,41.44
2026-09-25,ดีเซล B20,38.4467,6.5483,-8.99,0.05,2.001,2.384,36.44
2026-09-25,lpg,,,,,,,25.87
2026-09-24,แก๊สโซฮอล์ 95 (E10),,,,,,,39.94
2026-09-24,แก๊สโซฮอล์ 91,,,,,,,39.57
2026-09-24,แก๊สโซฮอล์ E20,,,,,,,34.94
2026-09-24,แก๊สโซฮอล์ E85,,,,,,,30.88
2026-09-24,เบนซิน 95,,,,,,,48.93
2026-09-24,ดีเซล B7,,,,,,,41.44
2026-09-24,ดีเซล B20,,,,,,,36.44
2026-09-24,lpg,,,,,,,25.87
2026-09-23,แก๊สโซฮอล์ 95 (E10),,,,,,,39.94
2026-09-23,แก๊สโซฮอล์ 91,,,,,,,39.57
2026-09-23,แก๊สโซฮอล์ E20,,,,,,,34.94
2026-09-23,แก๊สโซฮอล์ E85,,,,,,,30.88
2026-09-23,เบนซิน 95,,,,,,,48.93
2026-09-23,ดีเซล B7,,,,,,,40.69
2026-09-23,ดีเซล B20,,,,,,,35.69
2026-09-23,lpg,,,,,,,25.87
2026-09-22,แก๊สโซฮอล์ 95 (E10),,,,,,,39.94
2026-09-22,แก๊สโซฮอล์ 91,,,,,,,39.57
2026-09-22,แก๊สโซฮอล์ E20,,,,,,,34.94
2026-09-22,แก๊สโซฮอล์ E85,,,,,,,30.88
2026-09-22,เบนซิน 95,,,,,,,48.93
2026-09-22,ดีเซล B7,,,,,,,40.69
2026-09-22,ดีเซล B20,,,,,,,35.69
2026-09-22,lpg,,,,,,,25.87
2026-09-21,แก๊สโซฮอล์ 95 (E10),,,,,,,39.94
2026-09-21,แก๊สโซฮอล์ 91,,,,,,,39.57
2026-09-21,แก๊สโซฮอล์ E20,,,,,,,34.94
2026-09-21,แก๊สโซฮอล์ E85,,,,,,,30.88
2026-09-21,เบนซิน 95,,,,,,,48.93
2026-09-21,ดีเซล B7,,,,,,,40.69
2026-09-21,ดีเซล B20,,,,,,,35.69
2026-09-21,lpg,,,,,,,25.87
2026-09-18,แก๊สโซฮอล์ 95 (E10),,,,,,,39.94
2026-09-18,แก๊สโซฮอล์ 91,,,,,,,39.57
2026-09-18,แก๊สโซฮอล์ E20,,,,,,,34.94
2026-09-18,แก๊สโซฮอล์ E85,,,,,,,30.88
2026-09-18,เบนซิน 95,,,,,,,48.93
2026-09-18,ดีเซล B7,,,,,,,40.69
2026-09-18,ดีเซล B20,,,,,,,35.69
2026-09-18,lpg,,,,,,,25.87
2026-09-17,แก๊สโซฮอล์ 95 (E10),,,,,,,39.94
2026-09-17,แก๊สโซฮอล์ 91,,,,,,,39.57
2026-09-17,แก๊สโซฮอล์ E20,,,,,,,34.94
2026-09-17,แก๊สโซฮอล์ E85,,,,,,,30.88
2026-09-17,เบนซิน 95,,,,,,,48.93
2026-09-17,ดีเซล B7,,,,,,,40.69
2026-09-17,ดีเซล B20,,,,,,,35.69
2026-09-17,lpg,,,,,,,25.87
2026-09-16,แก๊สโซฮอล์ 95 (E10),,,,,,,39.94
2026-09-16,แก๊สโซฮอล์ 91,,,,,,,39.57
2026-09-16,แก๊สโซฮอล์ E20,,,,,,,34.94
2026-09-16,แก๊สโซฮอล์ E85,,,,,,,30.88
2026-09-16,เบนซิน 95,,,,,,,48.93
2026-09-16,ดีเซล B7,,,,,,,40.69
2026-09-16,ดีเซล B20,,,,,,,35.69
2026-09-16,lpg,,,,,,,25.87
2026-09-15,แก๊สโซฮอล์ 95 (E10),,,,,,,39.94
2026-09-15,แก๊สโซฮอล์ 91,,,,,,,39.57
2026-09-15,แก๊สโซฮอล์ E20,,,,,,,34.94
2026-09-15,แก๊สโซฮอล์ E85,,,,,,,30.88
2026-09-15,เบนซิน 95,,,,,,,48.93
2026-09-15,ดีเซล B7,,,,,,,40.69
2026-09-15,ดีเซล B20,,,,,,,35.69
2026-09-15,lpg,,,,,,,25.87
2026-09-14,แก๊สโซฮอล์ 95 (E10),,,,,,,39.09
2026-09-14,แก๊สโซฮอล์ 91,,,,,,,38.72
2026-09-14,แก๊สโซฮอล์ E20,,,,,,,34.09
2026-09-14,แก๊สโซฮอล์ E85,,,,,,,30.03
2026-09-14,เบนซิน 95,,,,,,,48.08
2026-09-14,ดีเซล B7,,,,,,,39.84
2026-09-14,ดีเซล B20,,,,,,,34.84
2026-09-14,lpg,,,,,,,25.87
2026-09-11,แก๊สโซฮอล์ 95 (E10),,,,,,,39.09
2026-09-11,แก๊สโซฮอล์ 91,,,,,,,38.72
2026-09-11,แก๊สโซฮอล์ E20,,,,,,,34.09
2026-09-11,แก๊สโซฮอล์ E85,,,,,,,30.03
2026-09-11,เบนซิน 95,,,,,,,48.08
2026-09-11,ดีเซล B7,,,,,,,39.84
2026-09-11,ดีเซล B20,,,,,,,34.84
2026-09-11,lpg,,,,,,,25.87
2026-09-10,แก๊สโซฮอล์ 95 (E10),,,,,,,39.09
2026-09-10,แก๊สโซฮอล์ 91,,,,,,,38.72
2026-09-10,แก๊สโซฮอล์ E20,,,,,,,34.09
2026-09-10,แก๊สโซฮอล์ E85,,,,,,,30.03
2026-09-10,เบนซิน 95,,,,,,,48.08
2026-09-10,ดีเซล B7,,,,,,,39.84
2026-09-10,ดีเซล B20,,,,,,,34.84
2026-09-10,lpg,,,,,,,25.87
2026-09-09,แก๊สโซฮอล์ 95 (E10),,,,,,,39.09
2026-09-09,แก๊สโซฮอล์ 91,,,,,,,38.72
2026-09-09,แก๊สโซฮอล์ E20,,,,,,,34.09
2026-09-09,แก๊สโซฮอล์ E85,,,,,,,30.03
2026-09-09,เบนซิน 95,,,,,,,48.08
2026-09-09,ดีเซล B7,,,,,,,39.84
2026-09-09,ดีเซล B20,,,,,,,34.84
2026-09-09,lpg,,,,,,,25.87
2026-09-08,แก๊สโซฮอล์ 95 (E10),,,,,,,38.29
2026-09-08,แก๊สโซฮอล์ 91,,,,,,,37.92
2026-09-08,แก๊สโซฮอล์ E20,,,,,,,33.29
2026-09-08,แก๊สโซฮอล์ E85,,,,,,,29.23
2026-09-08,เบนซิน 95,,,,,,,47.28
2026-09-08,ดีเซล B7,,,,,,,39.14
2026-09-08,ดีเซล B20,,,,,,,34.14
2026-09-08,lpg,,,,,,,25.87
2026-09-07,แก๊สโซฮอล์ 95 (E10),,,,,,,38.29
2026-09-07,แก๊สโซฮอล์ 91,,,,,,,37.92
2026-09-07,แก๊สโซฮอล์ E20,,,,,,,33.29
2026-09-07,แก๊สโซฮอล์ E85,,,,,,,29.23
2026-09-07,เบนซิน 95,,,,,,,47.28
2026-09-07,ดีเซล B7,,,,,,,39.14
2026-09-07,ดีเซล B20,,,,,,,34.14
2026-09-07,lpg,,,,,,,25.87
2026-09-04,แก๊สโซฮอล์ 95 (E10),,,,,,,38.29
2026-09-04,แก๊สโซฮอล์ 91,,,,,,,37.92
2026-09-04,แก๊สโซฮอล์ E20,,,,,,,33.29
2026-09-04,แก๊สโซฮอล์ E85,,,,,,,29.23
2026-09-04,เบนซิน 95,,,,,,,47.28
2026-09-04,ดีเซล B7,,,,,,,39.14
2026-09-04,ดีเซล B20,,,,,,,34.14
2026-09-04,lpg,,,,,,,25.87
2026-09-03,แก๊สโซฮอล์ 95 (E10),,,,,,,38.29
2026-09-03,แก๊สโซฮอล์ 91,,,,,,,37.92
2026-09-03,แก๊สโซฮอล์ E20,,,,,,,33.29
2026-09-03,แก๊สโซฮอล์ E85,,,,,,,29.23
2026-09-03,เบนซิน 95,,,,,,,47.28
2026-09-03,ดีเซล B7,,,,,,,39.14
2026-09-03,ดีเซล B20,,,,,,,34.14
2026-09-03,lpg,,,,,,,25.87
2026-09-02,แก๊สโซฮอล์ 95 (E10),,,,,,,38.29
2026-09-02,แก๊สโซฮอล์ 91,,,,,,,37.92
2026-09-02,แก๊สโซฮอล์ E20,,,,,,,33.29
2026-09-02,แก๊สโซฮอล์ E85,,,,,,,29.23
2026-09-02,เบนซิน 95,,,,,,,47.28
2026-09-02,ดีเซล B7,,,,,,,39.14
2026-09-02,ดีเซล B20,,,,,,,34.14
2026-09-02,lpg,,,,,,,25.87
2026-09-01,แก๊สโซฮอล์ 95 (E10),,,,,,,37.69
2026-09-01,แก๊สโซฮอล์ 91,,,,,,,37.32
2026-09-01,แก๊สโซฮอล์ E20,,,,,,,32.69
2026-09-01,แก๊สโซฮอล์ E85,,,,,,,28.63
2026-09-01,เบนซิน 95,,,,,,,46.68
2026-09-01,ดีเซล B7,,,,,,,38.39
2026-09-01,ดีเซล B20,,,,,,,33.39
2026-09-01,lpg,,,,,,,25.87
2026-08-31,แก๊สโซฮอล์ 95 (E10),,,,,,,37.69
2026-08-31,แก๊สโซฮอล์ 91,,,,,,,37.32
2026-08-31,แก๊สโซฮอล์ E20,,,,,,,32.69
2026-08-31,แก๊สโซฮอล์ E85,,,,,,,28.63
2026-08-31,เบนซิน 95,,,,,,,46.68
2026-08-31,ดีเซล B7,,,,,,,38.39
2026-08-31,ดีเซล B20,,,,,,,33.39
2026-08-31,lpg,,,,,,,25.87
2026-08-28,แก๊สโซฮอล์ 95 (E10),,,,,,,37.69
2026-08-28,แก๊สโซฮอล์ 91,,,,,,,37.32
2026-08-28,แก๊สโซฮอล์ E20,,,,,,,32.69
2026-08-28,แก๊สโซฮอล์ E85,,,,,,,28.63
2026-08-28,เบนซิน 95,,,,,,,46.68
2026-08-28,ดีเซล B7,,,,,,,38.39
2026-08-28,ดีเซล B20,,,,,,,33.39
2026-08-28,lpg,,,,,,,25.87
2026-08-27,แก๊สโซฮอล์ 95 (E10),,,,,,,37.69
2026-08-27,แก๊สโซฮอล์ 91,,,,,,,37.32
2026-08-27,แก๊สโซฮอล์ E20,,,,,,,32.69
2026-08-27,แก๊สโซฮอล์ E85,,,,,,,28.63
2026-08-27,เบนซิน 95,,,,,,,46.68
2026-08-27,ดีเซล B7,,,,,,,38.39
2026-08-27,ดีเซล B20,,,,,,,33.39
2026-08-27,lpg,,,,,,,25.87
2026-08-26,แก๊สโซฮอล์ 95 (E10),,,,,,,37.69
2026-08-26,แก๊สโซฮอล์ 91,,,,,,,37.32
2026-08-26,แก๊สโซฮอล์ E20,,,,,,,32.69
2026-08-26,แก๊สโซฮอล์ E85,,,,,,,28.63
2026-08-26,เบนซิน 95,,,,,,,46.68
2026-08-26,ดีเซล B7,,,,,,,38.39
2026-08-26,ดีเซล B20,,,,,,,33.39
2026-08-26,lpg,,,,,,,25.87
2026-08-25,แก๊สโซฮอล์ 95 (E10),,,,,,,37.69
2026-08-25,แก๊สโซฮอล์ 91,,,,,,,37.32
2026-08-25,แก๊สโซฮอล์ E20,,,,,,,32.69
2026-08-25,แก๊สโซฮอล์ E85,,,,,,,28.63
2026-08-25,เบนซิน 95,,,,,,,46.68
2026-08-25,ดีเซล B7,,,,,,,38.39
2026-08-25,ดีเซล B20,,,,,,,33.39
2026-08-25,lpg,,,,,,,25.87
2026-08-24,แก๊สโซฮอล์ 95 (E10),,,,,,,37.69
2026-08-24,แก๊สโซฮอล์ 91,,,,,,,37.32
2026-08-24,แก๊สโซฮอล์ E20,,,,,,,32.69
2026-08-24,แก๊สโซฮอล์ E85,,,,,,,28.63
2026-08-24,เบนซิน 95,,,,,,,46.68
2026-08-24,ดีเซล B7,,,,,,,38.39
2026-08-24,ดีเซล B20,,,,,,,33.39
2026-08-24,lpg,,,,,,,25.87
2026-08-21,แก๊สโซฮอล์ 95 (E10),,,,,,,37.69
2026-08-21,แก๊สโซฮอล์ 91,,,,,,,37.32
2026-08-21,แก๊สโซฮอล์ E20,,,,,,,32.69
2026-08-21,แก๊สโซฮอล์ E85,,,,,,,28.63
2026-08-21,เบนซิน 95,,,,,,,46.68
2026-08-21,ดีเซล B7,,,,,,,38.39
2026-08-21,ดีเซล B20,,,,,,,33.39
2026-08-21,lpg,,,,,,,25.87
2026-08-20,แก๊สโซฮอล์ 95 (E10),,,,,,,37.69
2026-08-20,แก๊สโซฮอล์ 91,,,,,,,37.32
2026-08-20,แก๊สโซฮอล์ E20,,,,,,,32.69
2026-08-20,แก๊สโซฮอล์ E85,,,,,,,28.63
2026-08-20,เบนซิน 95,,,,,,,46.68
2026-08-20,ดีเซล B7,,,,,,,38.39
2026-08-20,ดีเซล B20,,,,,,,33.39
2026-08-20,lpg,,,,,,,25.87
2026-08-19,แก๊สโซฮอล์ 95 (E10),,,,,,,37.69
2026-08-19,แก๊สโซฮอล์ 91,,,,,,,37.32
2026-08-19,แก๊สโซฮอล์ E20,,,,,,,32.69
2026-08-19,แก๊สโซฮอล์ E85,,,,,,,28.63
2026-08-19,เบนซิน 95,,,,,,,46.68
2026-08-19,ดีเซล B7,,,,,,,38.39
2026-08-19,ดีเซล B20,,,,,,,33.39
2026-08-19,lpg,,,,,,,25.87
2026-08-18,แก๊สโซฮอล์ 95 (E10),,,,,,,36.84
2026-08-18,แก๊สโซฮอล์ 91,,,,,,,36.47
2026-08-18,แก๊สโซฮอล์ E20,,,,,,,31.84
2026-08-18,แก๊สโซฮอล์ E85,,,,,,,27.78
2026-08-18,เบนซิน 95,,,,,,,45.83
2026-08-18,ดีเซล B7,,,,,,,37.54
2026-08-18,ดีเซล B20,,,,,,,32.54
2026-08-18,lpg,,,,,,,25.87
2026-08-17,แก๊สโซฮอล์ 95 (E10),,,,,,,36.84
2026-08-17,แก๊สโซฮอล์ 91,,,,,,,36.47
2026-08-17,แก๊สโซฮอล์ E20,,,,,,,31.84
2026-08-17,แก๊สโซฮอล์ E85,,,,,,,27.78
2026-08-17,เบนซิน 95,,,,,,,45.83
2026-08-17,ดีเซล B7,,,,,,,37.54
2026-08-17,ดีเซล B20,,,,,,,32.54
2026-08-17,lpg,,,,,,,25.87
2026-08-14,แก๊สโซฮอล์ 95 (E10),,,,,,,36.84
2026-08-14,แก๊สโซฮอล์ 91,,,,,,,36.47
2026-08-14,แก๊สโซฮอล์ E20,,,,,,,31.84
2026-08-14,แก๊สโซฮอล์ E85,,,,,,,27.78
2026-08-14,เบนซิน 95,,,,,,,45.83
2026-08-14,ดีเซล B7,,,,,,,37.54
2026-08-14,ดีเซล B20,,,,,,,32.54
2026-08-14,lpg,,,,,,,25.87
2026-08-13,แก๊สโซฮอล์ 95 (E10),,,,,,,36.84
2026-08-13,แก๊สโซฮอล์ 91,,,,,,,36.47
2026-08-13,แก๊สโซฮอล์ E20,,,,,,,31.84
2026-08-13,แก๊สโซฮอล์ E85,,,,,,,27.78
2026-08-13,เบนซิน 95,,,,,,,45.83
2026-08-13,ดีเซล B7,,,,,,,37.54
2026-08-13,ดีเซล B20,,,,,,,32.54
2026-08-13,lpg,,,,,,,25.87
2026-08-11,แก๊สโซฮอล์ 95 (E10),,,,,,,35.99
2026-08-11,แก๊สโซฮอล์ 91,,,,,,,35.62
2026-08-11,แก๊สโซฮอล์ E20,,,,,,,30.99
2026-08-11,แก๊สโซฮอล์ E85,,,,,,,26.93
2026-08-11,เบนซิน 95,,,,,,,44.98
2026-08-11,ดีเซล B7,,,,,,,36.69
2026-08-11,ดีเซล B20,,,,,,,31.69
2026-08-11,lpg,,,,,,,25.87
2026-08-10,แก๊สโซฮอล์ 95 (E10),,,,,,,35.99
2026-08-10,แก๊สโซฮอล์ 91,,,,,,,35.62
2026-08-10,แก๊สโซฮอล์ E20,,,,,,,30.99
2026-08-10,แก๊สโซฮอล์ E85,,,,,,,26.93
2026-08-10,เบนซิน 95,,,,,,,44.98
2026-08-10,ดีเซล B7,,,,,,,36.69
2026-08-10,ดีเซล B20,,,,,,,31.69
2026-08-10,lpg,,,,,,,25.87
2026-08-07,แก๊สโซฮอล์ 95 (E10),,,,,,,35.99
2026-08-07,แก๊สโซฮอล์ 91,,,,,,,35.62
2026-08-07,แก๊สโซฮอล์ E20,,,,,,,30.99
2026-08-07,แก๊สโซฮอล์ E85,,,,,,,26.93
2026-08-07,เบนซิน 95,,,,,,,44.98
2026-08-07,ดีเซล B7,,,,,,,36.69
2026-08-07,ดีเซล B20,,,,,,,31.69
2026-08-07,lpg,,,,,,,25.87
2026-08-06,แก๊สโซฮอล์ 95 (E10),,,,,,,35.99
2026-08-06,แก๊สโซฮอล์ 91,,,,,,,35.62
2026-08-06,แก๊สโซฮอล์ E20,,,,,,,30.99
2026-08-06,แก๊สโซฮอล์ E85,,,,,,,26.93
2026-08-06,เบนซิน 95,,,,,,,44.98
2026-08-06,ดีเซล B7,,,,,,,36.69
2026-08-06,ดีเซล B20,,,,,,,31.69
2026-08-06,lpg,,,,,,,25.87
2026-08-05,แก๊สโซฮอล์ 95 (E10),,,,,,,36.69
2026-08-05,แก๊สโซฮอล์ 91,,,,,,,36.32
2026-08-05,แก๊สโซฮอล์ E20,,,,,,,31.69
2026-08-05,แก๊สโซฮอล์ E85,,,,,,,27.63
2026-08-05,เบนซิน 95,,,,,,,45.68
2026-08-05,ดีเซล B7,,,,,,,36.69
2026-08-05,ดีเซล B20,,,,,,,31.69
2026-08-05,lpg,,,,,,,25.87
2026-08-04,แก๊สโซฮอล์ 95 (E10),,,,,,,36.69
2026-08-04,แก๊สโซฮอล์ 91,,,,,,,36.32
2026-08-04,แก๊สโซฮอล์ E20,,,,,,,31.69
2026-08-04,แก๊สโซฮอล์ E85,,,,,,,27.63
2026-08-04,เบนซิน 95,,,,,,,45.68
2026-08-04,ดีเซล B7,,,,,,,36.69
2026-08-04,ดีเซล B20,,,,,,,31.69
2026-08-04,lpg,,,,,,,25.87
2026-08-03,แก๊สโซฮอล์ 95 (E10),,,,,,,36.69
2026-08-03,แก๊สโซฮอล์ 91,,,,,,,36.32
2026-08-03,แก๊สโซฮอล์ E20,,,,,,,31.69
2026-08-03,แก๊สโซฮอล์ E85,,,,,,,27.63
2026-08-03,เบนซิน 95,,,,,,,45.68
2026-08-03,ดีเซล B7,,,,,,,36.69
2026-08-03,ดีเซล B20,,,,,,,31.69
2026-08-03,lpg,,,,,,,25.87
2026-07-31,แก๊สโซฮอล์ 95 (E10),,,,,,,36.69
2026-07-31,แก๊สโซฮอล์ 91,,,,,,,36.32
2026-07-31,แก๊สโซฮอล์ E20,,,,,,,31.69
2026-07-31,แก๊สโซฮอล์ E85,,,,,,,27.63
2026-07-31,เบนซิน 95,,,,,,,45.68
2026-07-31,ดีเซล B7,,,,,,,36.69
2026-07-31,ดีเซล B20,,,,,,,31.69
2026-07-31,lpg,,,,,,,25.87
2026-07-27,แก๊สโซฮอล์ 95 (E10),,,,,,,36.69
2026-07-27,แก๊สโซฮอล์ 91,,,,,,,36.32
2026-07-27,แก๊สโซฮอล์ E20,,,,,,,31.69
2026-07-27,แก๊สโซฮอล์ E85,,,,,,,27.63
2026-07-27,เบนซิน 95,,,,,,,45.68
2026-07-27,ดีเซล B7,,,,,,,36.69
2026-07-27,ดีเซล B20,,,,,,,31.69
2026-07-27,lpg,,,,,,,25.87
2026-07-24,แก๊สโซฮอล์ 95 (E10),,,,,,,36.69
2026-07-24,แก๊สโซฮอล์ 91,,,,,,,36.32
2026-07-24,แก๊สโซฮอล์ E20,,,,,,,31.69
2026-07-24,แก๊สโซฮอล์ E85,,,,,,,27.63
2026-07-24,เบนซิน 95,,,,,,,45.68
2026-07-24,ดีเซล B7,,,,,,,36.69
2026-07-24,ดีเซล B20,,,,,,,31.69
2026-07-24,lpg,,,,,,,25.87
2026-07-23,แก๊สโซฮอล์ 95 (E10),,,,,,,36.69
2026-07-23,แก๊สโซฮอล์ 91,,,,,,,36.32
2026-07-23,แก๊สโซฮอล์ E20,,,,,,,31.69
2026-07-23,แก๊สโซฮอล์ E85,,,,,,,27.63
2026-07-23,เบนซิน 95,,,,,,,45.68
2026-07-23,ดีเซล B7,,,,,,,36.69
2026-07-23,ดีเซล B20,,,,,,,31.69
2026-07-23,lpg,,,,,,,25.87
2026-07-22,แก๊สโซฮอล์ 95 (E10),,,,,,,35.79
2026-07-22,แก๊สโซฮอล์ 91,,,,,,,35.42
2026-07-22,แก๊สโซฮอล์ E20,,,,,,,30.79
2026-07-22,แก๊สโซฮอล์ E85,,,,,,,26.73
2026-07-22,เบนซิน 95,,,,,,,44.78
2026-07-22,ดีเซล B7,,,,,,,35.79
2026-07-22,ดีเซล B20,,,,,,,30.79
2026-07-22,lpg,,,,,,,25.87
2026-07-21,แก๊สโซฮอล์ 95 (E10),,,,,,,34.94
2026-07-21,แก๊สโซฮอล์ 91,,,,,,,34.57
2026-07-21,แก๊สโซฮอล์ E20,,,,,,,29.94
2026-07-21,แก๊สโซฮอล์ E85,,,,,,,25.88
2026-07-21,เบนซิน 95,,,,,,,43.93
2026-07-21,ดีเซล B7,,,,,,,34.94
2026-07-21,ดีเซล B20,,,,,,,29.94
2026-07-21,lpg,,,,,,,25.87
2026-07-20,แก๊สโซฮอล์ 95 (E10),,,,,,,34.94
2026-07-20,แก๊สโซฮอล์ 91,,,,,,,34.57
2026-07-20,แก๊สโซฮอล์ E20,,,,,,,29.94
2026-07-20,แก๊สโซฮอล์ E85,,,,,,,25.88
2026-07-20,เบนซิน 95,,,,,,,43.93
2026-07-20,ดีเซล B7,,,,,,,34.94
2026-07-20,ดีเซล B20,,,,,,,29.94
2026-07-20,lpg,,,,,,,33.59
2026-07-17,แก๊สโซฮอล์ 95 (E10),,,,,,,34.94
2026-07-17,แก๊สโซฮอล์ 91,,,,,,,34.57
2026-07-17,แก๊สโซฮอล์ E20,,,,,,,29.94
2026-07-17,แก๊สโซฮอล์ E85,,,,,,,25.88
2026-07-17,เบนซิน 95,,,,,,,43.93
2026-07-17,ดีเซล B7,,,,,,,34.94
2026-07-17,ดีเซล B20,,,,,,,29.94
2026-07-17,lpg,,,,,,,25.87
2026-07-16,แก๊สโซฮอล์ 95 (E10),,,,,,,34.94
2026-07-16,แก๊สโซฮอล์ 91,,,,,,,34.57
2026-07-16,แก๊สโซฮอล์ E20,,,,,,,29.94
2026-07-16,แก๊สโซฮอล์ E85,,,,,,,25.88
2026-07-16,เบนซิน 95,,,,,,,43.93
2026-07-16,ดีเซล B7,,,,,,,34.94
2026-07-16,ดีเซล B20,,,,,,,29.94
2026-07-16,lpg,,,,,,,25.87
2026-07-15,แก๊สโซฮอล์ 95 (E10),,,,,,,34.94
2026-07-15,แก๊สโซฮอล์ 91,,,,,,,34.57
2026-07-15,แก๊สโซฮอล์ E20,,,,,,,29.94
2026-07-15,แก๊สโซฮอล์ E85,,,,,,,25.88
2026-07-15,เบนซิน 95,,,,,,,43.93
2026-07-15,ดีเซล B7,,,,,,,34.94
2026-07-15,ดีเซล B20,,,,,,,29.94
2026-07-15,lpg,,,,,,,25.87
2026-07-14,แก๊สโซฮอล์ 95 (E10),,,,,,,34.94
2026-07-14,แก๊สโซฮอล์ 91,,,,,,,34.57
2026-07-14,แก๊สโซฮอล์ E20,,,,,,,29.94
2026-07-14,แก๊สโซฮอล์ E85,,,,,,,25.88
2026-07-14,เบนซิน 95,,,,,,,43.93
2026-07-14,ดีเซล B7,,,,,,,34.94
2026-07-14,ดีเซล B20,,,,,,,29.94
2026-07-14,lpg,,,,,,,25.87
2026-07-13,แก๊สโซฮอล์ 95 (E10),,,,,,,34.94
2026-07-13,แก๊สโซฮอล์ 91,,,,,,,34.57
2026-07-13,แก๊สโซฮอล์ E20,,,,,,,29.94
2026-07-13,แก๊สโซฮอล์ E85,,,,,,,25.88
2026-07-13,เบนซิน 95,,,,,,,43.93
2026-07-13,ดีเซล B7,,,,,,,34.94
2026-07-13,ดีเซล B20,,,,,,,29.94
2026-07-13,lpg,,,,,,,25.87
2026-07-10,แก๊สโซฮอล์ 95 (E10),,,,,,,34.94
2026-07-10,แก๊สโซฮอล์ 91,,,,,,,34.57
2026-07-10,แก๊สโซฮอล์ E20,,,,,,,29.94
2026-07-10,แก๊สโซฮอล์ E85,,,,,,,25.88
2026-07-10,เบนซิน 95,,,,,,,43.93
2026-07-10,ดีเซล B7,,,,,,,34.94
2026-07-10,ดีเซล B20,,,,,,,29.94
2026-07-10,lpg,,,,,,,25.87
2026-07-09,แก๊สโซฮอล์ 95 (E10),,,,,,,34.94
2026-07-09,แก๊สโซฮอล์ 91,,,,,,,34.57
2026-07-09,แก๊สโซฮอล์ E20,,,,,,,29.94
2026-07-09,แก๊สโซฮอล์ E85,,,,,,,25.88
2026-07-09,เบนซิน 95,,,,,,,43.93
2026-07-09,ดีเซล B7,,,,,,,34.94
2026-07-09,ดีเซล B20,,,,,,,29.94
2026-07-09,lpg,,,,,,,25.87
2026-07-08,แก๊สโซฮอล์ 95 (E10),,,,,,,34.94
2026-07-08,แก๊สโซฮอล์ 91,,,,,,,34.57
2026-07-08,แก๊สโซฮอล์ E20,,,,,,,29.94
2026-07-08,แก๊สโซฮอล์ E85,,,,,,,25.88
2026-07-08,เบนซิน 95,,,,,,,43.93
2026-07-08,ดีเซล B7,,,,,,,34.94
2026-07-08,ดีเซล B20,,,,,,,29.94
2026-07-08,lpg,,,,,,,25.87
2026-07-07,แก๊สโซฮอล์ 95 (E10),,,,,,,37.45
2026-07-07,แก๊สโซฮอล์ 91,,,,,,,37.08
2026-07-07,แก๊สโซฮอล์ E20,,,,,,,32.45
2026-07-07,แก๊สโซฮอล์ E85,,,,,,,28.39
2026-07-07,เบนซิน 95,,,,,,,46.44
2026-07-07,ดีเซล B7,,,,,,,37.5
2026-07-07,ดีเซล B20,,,,,,,32.5
2026-07-07,lpg,,,,,,,25.87
2026-07-06,แก๊สโซฮอล์ 95 (E10),,,,,,,37.45
2026-07-06,แก๊สโซฮอล์ 91,,,,,,,37.08
2026-07-06,แก๊สโซฮอล์ E20,,,,,,,32.45
2026-07-06,แก๊สโซฮอล์ E85,,,,,,,28.39
2026-07-06,เบนซิน 95,,,,,,,46.44
2026-07-06,ดีเซล B7,,,,,,,37.5
2026-07-06,ดีเซล B20,,,,,,,32.5
2026-07-06,lpg,,,,,,,25.87
2026-07-03,แก๊สโซฮอล์ 95 (E10),,,,,,,37.45
2026-07-03,แก๊สโซฮอล์ 91,,,,,,,37.08
2026-07-03,แก๊สโซฮอล์ E20,,,,,,,32.45
2026-07-03,แก๊สโซฮอล์ E85,,,,,,,28.39
2026-07-03,เบนซิน 95,,,,,,,46.44
2026-07-03,ดีเซล B7,,,,,,,37.5
2026-07-03,ดีเซล B20,,,,,,,32.5
2026-07-03,lpg,,,,,,,25.87
2026-07-02,แก๊สโซฮอล์ 95 (E10),,,,,,,38.05
2026-07-02,แก๊สโซฮอล์ 91,,,,,,,37.68
2026-07-02,แก๊สโซฮอล์ E20,,,,,,,33.05
2026-07-02,แก๊สโซฮอล์ E85,,,,,,,28.99
2026-07-02,เบนซิน 95,,,,,,,47.64
2026-07-02,ดีเซล B7,,,,,,,37.5
2026-07-02,ดีเซล B20,,,,,,,32.5
2026-07-02,lpg,,,,,,,25.87
2026-07-01,แก๊สโซฮอล์ 95 (E10),,,,,,,38.05
2026-07-01,แก๊สโซฮอล์ 91,,,,,,,37.68
2026-07-01,แก๊สโซฮอล์ E20,,,,,,,33.05
2026-07-01,แก๊สโซฮอล์ E85,,,,,,,28.99
2026-07-01,เบนซิน 95,,,,,,,47.64
2026-07-01,ดีเซล B7,,,,,,,37.5
2026-07-01,ดีเซล B20,,,,,,,32.5
2026-07-01,lpg,,,,,,,25.87
2026-06-30,แก๊สโซฮอล์ 95 (E10),,,,,,,38.05
2026-06-30,แก๊สโซฮอล์ 91,,,,,,,37.68
2026-06-30,แก๊สโซฮอล์ E20,,,,,,,33.05
2026-06-30,แก๊สโซฮอล์ E85,,,,,,,28.99
2026-06-30,เบนซิน 95,,,,,,,47.64
2026-06-30,ดีเซล B7,,,,,,,37.5
2026-06-30,ดีเซล B20,,,,,,,32.5
2026-06-30,lpg,,,,,,,25.87
2026-06-29,แก๊สโซฮอล์ 95 (E10),,,,,,,38.05
2026-06-29,แก๊สโซฮอล์ 91,,,,,,,37.68
2026-06-29,แก๊สโซฮอล์ E20,,,,,,,33.05
2026-06-29,แก๊สโซฮอล์ E85,,,,,,,28.99
2026-06-29,เบนซิน 95,,,,,,,47.64
2026-06-29,ดีเซล B7,,,,,,,37.5
2026-06-29,ดีเซล B20,,,,,,,32.5
2026-06-29,lpg,,,,,,,25.87
2026-06-28,แก๊สโซฮอล์ 95 (E10),,,,,,,38.05
2026-06-28,แก๊สโซฮอล์ 91,,,,,,,37.68
2026-06-28,แก๊สโซฮอล์ E20,,,,,,,33.05
2026-06-28,แก๊สโซฮอล์ E85,,,,,,,28.99
2026-06-28,เบนซิน 95,,,,,,,47.64
2026-06-28,ดีเซล B7,,,,,,,37.5
2026-06-28,ดีเซล B20,,,,,,,32.5
2026-06-28,lpg,,,,,,,25.87
2026-06-27,แก๊สโซฮอล์ 95 (E10),,,,,,,38.05
2026-06-27,แก๊สโซฮอล์ 91,,,,,,,37.68
2026-06-27,แก๊สโซฮอล์ E20,,,,,,,33.05
2026-06-27,แก๊สโซฮอล์ E85,,,,,,,28.99
2026-06-27,เบนซิน 95,,,,,,,47.64
2026-06-27,ดีเซล B7,,,,,,,37.5
2026-06-27,ดีเซล B20,,,,,,,32.5
2026-06-27,lpg,,,,,,,25.87
2026-06-26,แก๊สโซฮอล์ 95 (E10),,,,,,,38.05
2026-06-26,แก๊สโซฮอล์ 91,,,,,,,37.68
2026-06-26,แก๊สโซฮอล์ E20,,,,,,,33.05
2026-06-26,แก๊สโซฮอล์ E85,,,,,,,28.99
2026-06-26,เบนซิน 95,,,,,,,47.64
2026-06-26,ดีเซล B7,,,,,,,37.5
2026-06-26,ดีเซล B20,,,,,,,32.5
2026-06-26,lpg,,,,,,,25.87
2026-06-25,แก๊สโซฮอล์ 95 (E10),,,,,,,38.05
2026-06-25,แก๊สโซฮอล์ 91,,,,,,,37.68
2026-06-25,แก๊สโซฮอล์ E20,,,,,,,33.05
2026-06-25,แก๊สโซฮอล์ E85,,,,,,,28.99
2026-06-25,เบนซิน 95,,,,,,,47.64
2026-06-25,ดีเซล B7,,,,,,,37.5
2026-06-25,ดีเซล B20,,,,,,,32.5
2026-06-25,lpg,,,,,,,25.87
2026-06-24,แก๊สโซฮอล์ 95 (E10),,,,,,,38.85
2026-06-24,แก๊สโซฮอล์ 91,,,,,,,38.48
2026-06-24,แก๊สโซฮอล์ E20,,,,,,,33.85
2026-06-24,แก๊สโซฮอล์ E85,,,,,,,29.79
2026-06-24,เบนซิน 95,,,,,,,48.44
2026-06-24,ดีเซล B7,,,,,,,37.5
2026-06-24,ดีเซล B20,,,,,,,32.5
2026-06-24,lpg,,,,,,,25.87
2026-06-23,แก๊สโซฮอล์ 95 (E10),,,,,,,38.85
2026-06-23,แก๊สโซฮอล์ 91,,,,,,,38.48
2026-06-23,แก๊สโซฮอล์ E20,,,,,,,33.85
2026-06-23,แก๊สโซฮอล์ E85,,,,,,,29.79
2026-06-23,เบนซิน 95,,,,,,,48.44
2026-06-23,ดีเซล B7,,,,,,,37.5
2026-06-23,ดีเซล B20,,,,,,,32.5
2026-06-23,lpg,,,,,,,25.87
2026-06-22,แก๊สโซฮอล์ 95 (E10),,,,,,,38.85
2026-06-22,แก๊สโซฮอล์ 91,,,,,,,38.48
2026-06-22,แก๊สโซฮอล์ E20,,,,,,,33.85
2026-06-22,แก๊สโซฮอล์ E85,,,,,,,29.79
2026-06-22,เบนซิน 95,,,,,,,48.44
2026-06-22,ดีเซล B7,,,,,,,37.5
2026-06-22,ดีเซล B20,,,,,,,32.5
2026-06-22,lpg,,,,,,,25.87
2026-06-21,แก๊สโซฮอล์ 95 (E10),,,,,,,38.85
2026-06-21,แก๊สโซฮอล์ 91,,,,,,,38.48
2026-06-21,แก๊สโซฮอล์ E20,,,,,,,33.85
2026-06-21,แก๊สโซฮอล์ E85,,,,,,,29.79
2026-06-21,เบนซิน 95,,,,,,,48.44
2026-06-21,ดีเซล B7,,,,,,,37.5
2026-06-21,ดีเซล B20,,,,,,,32.5
2026-06-21,lpg,,,,,,,25.87
2026-06-20,แก๊สโซฮอล์ 95 (E10),,,,,,,38.85
2026-06-20,แก๊สโซฮอล์ 91,,,,,,,38.48
2026-06-20,แก๊สโซฮอล์ E20,,,,,,,33.85
2026-06-20,แก๊สโซฮอล์ E85,,,,,,,29.79
2026-06-20,เบนซิน 95,,,,,,,48.44
2026-06-20,ดีเซล B7,,,,,,,37.5
2026-06-20,ดีเซล B20,,,,,,,32.5
2026-06-20,lpg,,,,,,,25.87
2026-06-19,แก๊สโซฮอล์ 95 (E10),,,,,,,38.85
2026-06-19,แก๊สโซฮอล์ 91,,,,,,,38.48
2026-06-19,แก๊สโซฮอล์ E20,,,,,,,33.85
2026-06-19,แก๊สโซฮอล์ E85,,,,,,,29.79
2026-06-19,เบนซิน 95,,,,,,,48.44
2026-06-19,ดีเซล B7,,,,,,,37.5
2026-06-19,ดีเซล B20,,,,,,,32.5
2026-06-19,lpg,,,,,,,25.87
2026-06-17,แก๊สโซฮอล์ 95 (E10),,,,,,,40.35
2026-06-17,แก๊สโซฮอล์ 91,,,,,,,39.98
2026-06-17,แก๊สโซฮอล์ E20,,,,,,,35.35
2026-06-17,แก๊สโซฮอล์ E85,,,,,,,31.29
2026-06-17,เบนซิน 95,,,,,,,49.94
2026-06-17,ดีเซล B7,,,,,,,38.8
2026-06-17,ดีเซล B20,,,,,,,33.8
2026-06-17,lpg,,,,,,,25.87
2026-06-16,แก๊สโซฮอล์ 95 (E10),,,,,,,41.1
2026-06-16,แก๊สโซฮอล์ 91,,,,,,,40.73
2026-06-16,แก๊สโซฮอล์ E20,,,,,,,36.1
2026-06-16,แก๊สโซฮอล์ E85,,,,,,,32.04
2026-06-16,เบนซิน 95,,,,,,,50.69
2026-06-16,ดีเซล B7,,,,,,,38.8
2026-06-16,ดีเซล B20,,,,,,,33.8
2026-06-16,lpg,,,,,,,25.87
2026-06-15,แก๊สโซฮอล์ 95 (E10),,,,,,,42.3
2026-06-15,แก๊สโซฮอล์ 91,,,,,,,41.93
2026-06-15,แก๊สโซฮอล์ E20,,,,,,,37.3
2026-06-15,แก๊สโซฮอล์ E85,,,,,,,33.24
2026-06-15,เบนซิน 95,,,,,,,51.89
2026-06-15,ดีเซล B7,,,,,,,39.8
2026-06-15,ดีเซล B20,,,,,,,34.8
2026-06-15,lpg,,,,,,,25.87
2026-06-14,แก๊สโซฮอล์ 95 (E10),,,,,,,42.3
2026-06-14,แก๊สโซฮอล์ 91,,,,,,,41.93
2026-06-14,แก๊สโซฮอล์ E20,,,,,,,37.3
2026-06-14,แก๊สโซฮอล์ E85,,,,,,,33.24
2026-06-14,เบนซิน 95,,,,,,,51.89
2026-06-14,ดีเซล B7,,,,,,,39.8
2026-06-14,ดีเซล B20,,,,,,,34.8
2026-06-14,lpg,,,,,,,25.87
2026-06-13,แก๊สโซฮอล์ 95 (E10),,,,,,,42.3
2026-06-13,แก๊สโซฮอล์ 91,,,,,,,41.93
2026-06-13,แก๊สโซฮอล์ E20,,,,,,,37.3
2026-06-13,แก๊สโซฮอล์ E85,,,,,,,33.24
2026-06-13,เบนซิน 95,,,,,,,51.89
2026-06-13,ดีเซล B7,,,,,,,39.8
2026-06-13,ดีเซล B20,,,,,,,34.8
2026-06-13,lpg,,,,,,,25.87
2026-06-12,แก๊สโซฮอล์ 95 (E10),,,,,,,43.1
2026-06-12,แก๊สโซฮอล์ 91,,,,,,,42.73
2026-06-12,แก๊สโซฮอล์ E20,,,,,,,38.1
2026-06-12,แก๊สโซฮอล์ E85,,,,,,,34.04
2026-06-12,เบนซิน 95,,,,,,,52.69
2026-06-12,ดีเซล B7,,,,,,,40.8
2026-06-12,ดีเซล B20,,,,,,,35.8
2026-06-12,lpg,,,,,,,25.87
2026-06-11,แก๊สโซฮอล์ 95 (E10),,,,,,,43.1
2026-06-11,แก๊สโซฮอล์ 91,,,,,,,42.73
2026-06-11,แก๊สโซฮอล์ E20,,,,,,,38.1
2026-06-11,แก๊สโซฮอล์ E85,,,,,,,34.04
2026-06-11,เบนซิน 95,,,,,,,52.69
2026-06-11,ดีเซล B7,,,,,,,40.8
2026-06-11,ดีเซล B20,,,,,,,35.8
2026-06-11,lpg,,,,,,,25.87
2026-06-10,แก๊สโซฮอล์ 95 (E10),,,,,,,43.1
2026-06-10,แก๊สโซฮอล์ 91,,,,,,,42.73
2026-06-10,แก๊สโซฮอล์ E20,,,,,,,38.1
2026-06-10,แก๊สโซฮอล์ E85,,,,,,,34.04
2026-06-10,เบนซิน 95,,,,,,,52.69
2026-06-10,ดีเซล B7,,,,,,,41.3
2026-06-10,ดีเซล B20,,,,,,,35.8
2026-06-10,lpg,,,,,,,25.87
2026-06-09,แก๊สโซฮอล์ 95 (E10),,,,,,,43.1
2026-06-09,แก๊สโซฮอล์ 91,,,,,,,42.73
2026-06-09,แก๊สโซฮอล์ E20,,,,,,,38.1
2026-06-09,แก๊สโซฮอล์ E85,,,,,,,34.04
2026-06-09,เบนซิน 95,,,,,,,52.69
2026-06-09,ดีเซล B7,,,,,,,41.3
2026-06-09,ดีเซล B20,,,,,,,35.8
2026-06-09,lpg,,,,,,,25.87
2026-06-08,แก๊สโซฮอล์ 95 (E10),,,,,,,42.6
2026-06-08,แก๊สโซฮอล์ 91,,,,,,,42.23
2026-06-08,แก๊สโซฮอล์ E20,,,,,,,37.6
2026-06-08,แก๊สโซฮอล์ E85,,,,,,,33.54
2026-06-08,เบนซิน 95,,,,,,,52.19
2026-06-08,ดีเซล B7,,,,,,,40.8
2026-06-08,ดีเซล B20,,,,,,,35.3
2026-06-08,lpg,,,,,,,25.87
2026-06-07,แก๊สโซฮอล์ 95 (E10),,,,,,,42.6
2026-06-07,แก๊สโซฮอล์ 91,,,,,,,42.23
2026-06-07,แก๊สโซฮอล์ E20,,,,,,,37.6
2026-06-07,แก๊สโซฮอล์ E85,,,,,,,33.54
2026-06-07,เบนซิน 95,,,,,,,52.19
2026-06-07,ดีเซล B7,,,,,,,40.8
2026-06-07,ดีเซล B20,,,,,,,35.3
2026-06-07,lpg,,,,,,,25.87
2026-06-06,แก๊สโซฮอล์ 95 (E10),,,,,,,42.6
2026-06-06,แก๊สโซฮอล์ 91,,,,,,,42.23
2026-06-06,แก๊สโซฮอล์ E20,,,,,,,37.6
2026-06-06,แก๊สโซฮอล์ E85,,,,,,,33.54
2026-06-06,เบนซิน 95,,,,,,,52.19
2026-06-06,ดีเซล B7,,,,,,,40.8
2026-06-06,ดีเซล B20,,,,,,,35.3
2026-06-06,lpg,,,,,,,25.87
2026-06-05,แก๊สโซฮอล์ 95 (E10),,,,,,,43.3
2026-06-05,แก๊สโซฮอล์ 91,,,,,,,42.93
2026-06-05,แก๊สโซฮอล์ E20,,,,,,,38.3
2026-06-05,แก๊สโซฮอล์ E85,,,,,,,34.24
2026-06-05,เบนซิน 95,,,,,,,52.89
2026-06-05,ดีเซล B7,,,,,,,41.5
2026-06-05,ดีเซล B20,,,,,,,36.0
2026-06-05,lpg,,,,,,,25.87
2026-06-04,แก๊สโซฮอล์ 95 (E10),,,,,,,43.3
2026-06-04,แก๊สโซฮอล์ 91,,,,,,,42.93
2026-06-04,แก๊สโซฮอล์ E20,,,,,,,38.3
2026-06-04,แก๊สโซฮอล์ E85,,,,,,,34.24
2026-06-04,เบนซิน 95,,,,,,,52.89
2026-06-04,ดีเซล B7,,,,,,,41.5
2026-06-04,ดีเซล B20,,,,,,,36.0
2026-06-04,lpg,,,,,,,25.87
2026-06-03,แก๊สโซฮอล์ 95 (E10),,,,,,,42.9
2026-06-03,แก๊สโซฮอล์ 91,,,,,,,42.53
2026-06-03,แก๊สโซฮอล์ E20,,,,,,,37.9
2026-06-03,แก๊สโซฮอล์ E85,,,,,,,33.84
2026-06-03,เบนซิน 95,,,,,,,52.49
2026-06-03,ดีเซล B7,,,,,,,40.7
2026-06-03,ดีเซล B20,,,,,,,35.2
2026-06-03,lpg,,,,,,,25.87
2026-06-02,แก๊สโซฮอล์ 95 (E10),,,,,,,42.9
2026-06-02,แก๊สโซฮอล์ 91,,,,,,,42.53
2026-06-02,แก๊สโซฮอล์ E20,,,,,,,37.9
2026-06-02,แก๊สโซฮอล์ E85,,,,,,,33.84
2026-06-02,เบนซิน 95,,,,,,,52.49
2026-06-02,ดีเซล B7,,,,,,,40.7
2026-06-02,ดีเซล B20,,,,,,,35.2
2026-06-02,lpg,,,,,,,25.87
2026-06-01,แก๊สโซฮอล์ 95 (E10),,,,,,,42.9
2026-06-01,แก๊สโซฮอล์ 91,,,,,,,42.53
2026-06-01,แก๊สโซฮอล์ E20,,,,,,,37.9
2026-06-01,แก๊สโซฮอล์ E85,,,,,,,33.84
2026-06-01,เบนซิน 95,,,,,,,52.49
2026-06-01,ดีเซล B7,,,,,,,40.7
2026-06-01,ดีเซล B20,,,,,,,35.2
2026-06-01,lpg,,,,,,,25.87
2026-05-31,แก๊สโซฮอล์ 95 (E10),,,,,,,42.9
2026-05-31,แก๊สโซฮอล์ 91,,,,,,,42.53
2026-05-31,แก๊สโซฮอล์ E20,,,,,,,37.9
2026-05-31,แก๊สโซฮอล์ E85,,,,,,,33.84
2026-05-31,เบนซิน 95,,,,,,,52.49
2026-05-31,ดีเซล B7,,,,,,,40.7
2026-05-31,ดีเซล B20,,,,,,,35.2
2026-05-31,lpg,,,,,,,25.87
2026-05-30,แก๊สโซฮอล์ 95 (E10),,,,,,,42.9
2026-05-30,แก๊สโซฮอล์ 91,,,,,,,42.53
2026-05-30,แก๊สโซฮอล์ E20,,,,,,,37.9
2026-05-30,แก๊สโซฮอล์ E85,,,,,,,33.84
2026-05-30,เบนซิน 95,,,,,,,52.49
2026-05-30,ดีเซล B7,,,,,,,40.7
2026-05-30,ดีเซล B20,,,,,,,35.2
2026-05-30,lpg,,,,,,,25.87
2026-05-29,แก๊สโซฮอล์ 95 (E10),,,,,,,43.6
2026-05-29,แก๊สโซฮอล์ 91,,,,,,,43.23
2026-05-29,แก๊สโซฮอล์ E20,,,,,,,37.9
2026-05-29,แก๊สโซฮอล์ E85,,,,,,,33.84
2026-05-29,เบนซิน 95,,,,,,,53.19
2026-05-29,ดีเซล B7,,,,,,,41.2
2026-05-29,ดีเซล B20,,,,,,,35.2
2026-05-29,lpg,,,,,,,25.87
2026-05-28,แก๊สโซฮอล์ 95 (E10),,,,,,,44.3
2026-05-28,แก๊สโซฮอล์ 91,,,,,,,43.93
2026-05-28,แก๊สโซฮอล์ E20,,,,,,,37.9
2026-05-28,แก๊สโซฮอล์ E85,,,,,,,33.84
2026-05-28,เบนซิน 95,,,,,,,53.89
2026-05-28,ดีเซล B7,,,,,,,41.2
2026-05-28,ดีเซล B20,,,,,,,35.2
2026-05-28,lpg,,,,,,,25.87
2026-05-27,แก๊สโซฮอล์ 95 (E10),,,,,,,44.3
2026-05-27,แก๊สโซฮอล์ 91,,,,,,,43.93
2026-05-27,แก๊สโซฮอล์ E20,,,,,,,37.9
2026-05-27,แก๊สโซฮอล์ E85,,,,,,,33.84
2026-05-27,เบนซิน 95,,,,,,,53.89
2026-05-27,ดีเซล B7,,,,,,,41.2
2026-05-27,ดีเซล B20,,,,,,,35.2
2026-05-27,lpg,,,,,,,25.87
2026-05-26,แก๊สโซฮอล์ 95 (E10),,,,,,,44.3
2026-05-26,แก๊สโซฮอล์ 91,,,,,,,43.93
2026-05-26,แก๊สโซฮอล์ E20,,,,,,,37.9
2026-05-26,แก๊สโซฮอล์ E85,,,,,,,33.84
2026-05-26,เบนซิน 95,,,,,,,53.89
2026-05-26,ดีเซล B7,,,,,,,41.2
2026-05-26,ดีเซล B20,,,,,,,35.2
2026-05-26,lpg,,,,,,,25.87
2026-05-25,แก๊สโซฮอล์ 95 (E10),,,,,,,44.9
2026-05-25,แก๊สโซฮอล์ 91,,,,,,,44.53
2026-05-25,แก๊สโซฮอล์ E20,,,,,,,37.9
2026-05-25,แก๊สโซฮอล์ E85,,,,,,,33.84
2026-05-25,เบนซิน 95,,,,,,,54.49
2026-05-25,ดีเซล B7,,,,,,,42.2
2026-05-25,ดีเซล B20,,,,,,,35.2
2026-05-25,lpg,,,,,,,25.87
2026-05-24,แก๊สโซฮอล์ 95 (E10),,,,,,,44.9
2026-05-24,แก๊สโซฮอล์ 91,,,,,,,44.53
2026-05-24,แก๊สโซฮอล์ E20,,,,,,,37.9
2026-05-24,แก๊สโซฮอล์ E85,,,,,,,33.84
2026-05-24,เบนซิน 95,,,,,,,54.49
2026-05-24,ดีเซล B7,,,,,,,42.2
2026-05-24,ดีเซล B20,,,,,,,35.2
2026-05-24,lpg,,,,,,,25.87
2026-05-23,แก๊สโซฮอล์ 95 (E10),,,,,,,44.9
2026-05-23,แก๊สโซฮอล์ 91,,,,,,,44.53
2026-05-23,แก๊สโซฮอล์ E20,,,,,,,37.9
2026-05-23,แก๊สโซฮอล์ E85,,,,,,,33.84
2026-05-23,เบนซิน 95,,,,,,,54.49
2026-05-23,ดีเซล B7,,,,,,,42.2
2026-05-23,ดีเซล B20,,,,,,,35.2
2026-05-23,lpg,,,,,,,25.87
2026-05-22,แก๊สโซฮอล์ 95 (E10),,,,,,,44.9
2026-05-22,แก๊สโซฮอล์ 91,,,,,,,44.53
2026-05-22,แก๊สโซฮอล์ E20,,,,,,,37.9
2026-05-22,แก๊สโซฮอล์ E85,,,,,,,33.84
2026-05-22,เบนซิน 95,,,,,,,54.49
2026-05-22,ดีเซล B7,,,,,,,42.2
2026-05-22,ดีเซล B20,,,,,,,35.2
2026-05-22,lpg,,,,,,,25.87
2026-05-21,แก๊สโซฮอล์ 95 (E10),,,,,,,44.9
2026-05-21,แก๊สโซฮอล์ 91,,,,,,,44.53
2026-05-21,แก๊สโซฮอล์ E20,,,,,,,37.9
2026-05-21,แก๊สโซฮอล์ E85,,,,,,,33.84
2026-05-21,เบนซิน 95,,,,,,,54.49
2026-05-21,ดีเซล B7,,,,,,,42.2
2026-05-21,ดีเซล B20,,,,,,,35.2
2026-05-21,lpg,,,,,,,25.87
2026-05-20,แก๊สโซฮอล์ 95 (E10),,,,,,,44.9
2026-05-20,แก๊สโซฮอล์ 91,,,,,,,44.53
2026-05-20,แก๊สโซฮอล์ E20,,,,,,,37.9
2026-05-20,แก๊สโซฮอล์ E85,,,,,,,33.84
2026-05-20,เบนซิน 95,,,,,,,54.49
2026-05-20,ดีเซล B7,,,,,,,42.2
2026-05-20,ดีเซล B20,,,,,,,35.2
2026-05-20,lpg,,,,,,,25.87
2026-05-19,แก๊สโซฮอล์ 95 (E10),,,,,,,44.9
2026-05-19,แก๊สโซฮอล์ 91,,,,,,,44.53
2026-05-19,แก๊สโซฮอล์ E20,,,,,,,37.9
2026-05-19,แก๊สโซฮอล์ E85,,,,,,,33.84
2026-05-19,เบนซิน 95,,,,,,,54.49
2026-05-19,ดีเซล B7,,,,,,,42.2
2026-05-19,ดีเซล B20,,,,,,,35.2
2026-05-19,lpg,,,,,,,25.87
2026-05-18,แก๊สโซฮอล์ 95 (E10),,,,,,,44.05
2026-05-18,แก๊สโซฮอล์ 91,,,,,,,43.68
2026-05-18,แก๊สโซฮอล์ E20,,,,,,,37.05
2026-05-18,แก๊สโซฮอล์ E85,,,,,,,32.99
2026-05-18,เบนซิน 95,,,,,,,53.64
2026-05-18,ดีเซล B7,,,,,,,41.45
2026-05-18,ดีเซล B20,,,,,,,34.45
2026-05-18,lpg,,,,,,,25.87
2026-05-17,แก๊สโซฮอล์ 95 (E10),,,,,,,44.05
2026-05-17,แก๊สโซฮอล์ 91,,,,,,,43.68
2026-05-17,แก๊สโซฮอล์ E20,,,,,,,37.05
2026-05-17,แก๊สโซฮอล์ E85,,,,,,,32.99
2026-05-17,เบนซิน 95,,,,,,,53.64
2026-05-17,ดีเซล B7,,,,,,,41.45
2026-05-17,ดีเซล B20,,,,,,,34.45
2026-05-17,lpg,,,,,,,25.87
2026-05-16,แก๊สโซฮอล์ 95 (E10),,,,,,,44.05
2026-05-16,แก๊สโซฮอล์ 91,,,,,,,43.68
2026-05-16,แก๊สโซฮอล์ E20,,,,,,,37.05
2026-05-16,แก๊สโซฮอล์ E85,,,,,,,32.99
2026-05-16,เบนซิน 95,,,,,,,53.64
2026-05-16,ดีเซล B7,,,,,,,41.45
2026-05-16,ดีเซล B20,,,,,,,34.45
2026-05-16,lpg,,,,,,,25.87
2026-05-15,แก๊สโซฮอล์ 95 (E10),,,,,,,44.05
2026-05-15,แก๊สโซฮอล์ 91,,,,,,,43.68
2026-05-15,แก๊สโซฮอล์ E20,,,,,,,37.05
2026-05-15,แก๊สโซฮอล์ E85,,,,,,,32.99
2026-05-15,เบนซิน 95,,,,,,,53.64
2026-05-15,ดีเซล B7,,,,,,,41.45
2026-05-15,ดีเซล B20,,,,,,,34.45
2026-05-15,lpg,,,,,,,25.87
2026-05-14,แก๊สโซฮอล์ 95 (E10),,,,,,,44.05
2026-05-14,แก๊สโซฮอล์ 91,,,,,,,43.68
2026-05-14,แก๊สโซฮอล์ E20,,,,,,,37.05
2026-05-14,แก๊สโซฮอล์ E85,,,,,,,32.99
2026-05-14,เบนซิน 95,,,,,,,53.64
2026-05-14,ดีเซล B7,,,,,,,41.45
2026-05-14,ดีเซล B20,,,,,,,34.45
2026-05-14,lpg,,,,,,,25.87
2026-05-13,แก๊สโซฮอล์ 95 (E10),,,,,,,43.35
2026-05-13,แก๊สโซฮอล์ 91,,,,,,,42.98
2026-05-13,แก๊สโซฮอล์ E20,,,,,,,36.35
2026-05-13,แก๊สโซฮอล์ E85,,,,,,,32.29
2026-05-13,เบนซิน 95,,,,,,,52.94
2026-05-13,ดีเซล B7,,,,,,,40.75
2026-05-13,ดีเซล B20,,,,,,,33.75
2026-05-13,lpg,,,,,,,25.87
2026-05-12,แก๊สโซฮอล์ 95 (E10),,,,,,,42.45
2026-05-12,แก๊สโซฮอล์ 91,,,,,,,42.08
2026-05-12,แก๊สโซฮอล์ E20,,,,,,,35.45
2026-05-12,แก๊สโซฮอล์ E85,,,,,,,31.39
2026-05-12,เบนซิน 95,,,,,,,52.04
2026-05-12,ดีเซล B7,,,,,,,39.95
2026-05-12,ดีเซล B20,,,,,,,32.95
2026-05-12,lpg,,,,,,,25.87
2026-05-11,แก๊สโซฮอล์ 95 (E10),,,,,,,42.45
2026-05-11,แก๊สโซฮอล์ 91,,,,,,,42.08
2026-05-11,แก๊สโซฮอล์ E20,,,,,,,35.45
2026-05-11,แก๊สโซฮอล์ E85,,,,,,,31.39
2026-05-11,เบนซิน 95,,,,,,,52.04
2026-05-11,ดีเซล B7,,,,,,,39.95
2026-05-11,ดีเซล B20,,,,,,,32.95
2026-05-11,lpg,,,,,,,25.87
2026-05-10,แก๊สโซฮอล์ 95 (E10),,,,,,,42.45
2026-05-10,แก๊สโซฮอล์ 91,,,,,,,42.08
2026-05-10,แก๊สโซฮอล์ E20,,,,,,,35.45
2026-05-10,แก๊สโซฮอล์ E85,,,,,,,31.39
2026-05-10,เบนซิน 95,,,,,,,52.04
2026-05-10,ดีเซล B7,,,,,,,39.95
2026-05-10,ดีเซล B20,,,,,,,32.95
2026-05-10,lpg,,,,,,,25.87
2026-05-08,แก๊สโซฮอล์ 95 (E10),,,,,,,42.45
2026-05-08,แก๊สโซฮอล์ 91,,,,,,,42.08
2026-05-08,แก๊สโซฮอล์ E20,,,,,,,35.45
2026-05-08,แก๊สโซฮอล์ E85,,,,,,,31.39
2026-05-08,เบนซิน 95,,,,,,,52.04
2026-05-08,ดีเซล B7,,,,,,,39.95
2026-05-08,ดีเซล B20,,,,,,,32.95
2026-05-08,lpg,,,,,,,25.87
2026-05-07,แก๊สโซฮอล์ 95 (E10),,,,,,,43.3
2026-05-07,แก๊สโซฮอล์ 91,,,,,,,42.93
2026-05-07,แก๊สโซฮอล์ E20,,,,,,,36.3
2026-05-07,แก๊สโซฮอล์ E85,,,,,,,32.24
2026-05-07,เบนซิน 95,,,,,,,52.89
2026-05-07,ดีเซล B7,,,,,,,40.8
2026-05-07,ดีเซล B20,,,,,,,33.8
2026-05-07,lpg,,,,,,,25.87
2026-05-06,แก๊สโซฮอล์ 95 (E10),,,,,,,43.3
2026-05-06,แก๊สโซฮอล์ 91,,,,,,,42.93
2026-05-06,แก๊สโซฮอล์ E20,,,,,,,36.3
2026-05-06,แก๊สโซฮอล์ E85,,,,,,,32.24
2026-05-06,เบนซิน 95,,,,,,,52.89
2026-05-06,ดีเซล B7,,,,,,,40.8
2026-05-06,ดีเซล B20,,,,,,,33.8
2026-05-06,lpg,,,,,,,25.87
2026-05-05,แก๊สโซฮอล์ 95 (E10),,,,,,,43.3
2026-05-05,แก๊สโซฮอล์ 91,,,,,,,42.93
2026-05-05,แก๊สโซฮอล์ E20,,,,,,,36.3
2026-05-05,แก๊สโซฮอล์ E85,,,,,,,32.24
2026-05-05,เบนซิน 95,,,,,,,52.89
2026-05-05,ดีเซล B7,,,,,,,40.8
2026-05-05,ดีเซล B20,,,,,,,33.8
2026-05-05,lpg,,,,,,,25.87
2026-05-04,แก๊สโซฮอล์ 95 (E10),,,,,,,43.3
2026-05-04,แก๊สโซฮอล์ 91,,,,,,,42.93
2026-05-04,แก๊สโซฮอล์ E20,,,,,,,36.3
2026-05-04,แก๊สโซฮอล์ E85,,,,,,,32.24
2026-05-04,เบนซิน 95,,,,,,,52.89
2026-05-04,ดีเซล B7,,,,,,,40.8
2026-05-04,ดีเซล B20,,,,,,,33.8
2026-05-04,lpg,,,,,,,25.87
2026-05-03,แก๊สโซฮอล์ 95 (E10),,,,,,,43.3
2026-05-03,แก๊สโซฮอล์ 91,,,,,,,42.93
2026-05-03,แก๊สโซฮอล์ E20,,,,,,,36.3
2026-05-03,แก๊สโซฮอล์ E85,,,,,,,32.24
2026-05-03,เบนซิน 95,,,,,,,52.89
2026-05-03,ดีเซล B7,,,,,,,40.8
2026-05-03,ดีเซล B20,,,,,,,33.8
2026-05-03,lpg,,,,,,,25.87
2026-05-02,แก๊สโซฮอล์ 95 (E10),,,,,,,43.3
2026-05-02,แก๊สโซฮอล์ 91,,,,,,,42.93
2026-05-02,แก๊สโซฮอล์ E20,,,,,,,36.3
2026-05-02,แก๊สโซฮอล์ E85,,,,,,,32.24
2026-05-02,เบนซิน 95,,,,,,,52.89
2026-05-02,ดีเซล B7,,,,,,,40.8
2026-05-02,ดีเซล B20,,,,,,,33.8
2026-05-02,lpg,,,,,,,25.87
2026-05-01,แก๊สโซฮอล์ 95 (E10),,,,,,,43.3
2026-05-01,แก๊สโซฮอล์ 91,,,,,,,42.93
2026-05-01,แก๊สโซฮอล์ E20,,,,,,,36.3
2026-05-01,แก๊สโซฮอล์ E85,,,,,,,32.24
2026-05-01,เบนซิน 95,,,,,,,52.89
2026-05-01,ดีเซล B7,,,,,,,40.8
2026-05-01,ดีเซล B20,,,,,,,33.8
2026-05-01,lpg,,,,,,,25.87
2026-04-30,แก๊สโซฮอล์ 95 (E10),,,,,,,42.45
2026-04-30,แก๊สโซฮอล์ 91,,,,,,,42.08
2026-04-30,แก๊สโซฮอล์ E20,,,,,,,35.45
2026-04-30,แก๊สโซฮอล์ E85,,,,,,,31.39
2026-04-30,เบนซิน 95,,,,,,,52.04
2026-04-30,ดีเซล B7,,,,,,,40.2
2026-04-30,ดีเซล B20,,,,,,,33.2
2026-04-30,lpg,,,,,,,25.87
2026-04-29,แก๊สโซฮอล์ 95 (E10),,,,,,,42.45
2026-04-29,แก๊สโซฮอล์ 91,,,,,,,42.08
2026-04-29,แก๊สโซฮอล์ E20,,,,,,,35.45
2026-04-29,แก๊สโซฮอล์ E85,,,,,,,31.39
2026-04-29,เบนซิน 95,,,,,,,52.04
2026-04-29,ดีเซล B7,,,,,,,40.2
2026-04-29,ดีเซล B20,,,,,,,33.2
2026-04-29,lpg,,,,,,,25.87
2026-04-28,แก๊สโซฮอล์ 95 (E10),,,,,,,42.45
2026-04-28,แก๊สโซฮอล์ 91,,,,,,,42.08
2026-04-28,แก๊สโซฮอล์ E20,,,,,,,35.45
2026-04-28,แก๊สโซฮอล์ E85,,,,,,,31.39
2026-04-28,เบนซิน 95,,,,,,,52.04
2026-04-28,ดีเซล B7,,,,,,,40.2
2026-04-28,ดีเซล B20,,,,,,,33.2
2026-04-28,lpg,,,,,,,25.87
2026-04-27,แก๊สโซฮอล์ 95 (E10),,,,,,,42.45
2026-04-27,แก๊สโซฮอล์ 91,,,,,,,42.08
2026-04-27,แก๊สโซฮอล์ E20,,,,,,,35.45
2026-04-27,แก๊สโซฮอล์ E85,,,,,,,31.39
2026-04-27,เบนซิน 95,,,,,,,52.04
2026-04-27,ดีเซล B7,,,,,,,40.2
2026-04-27,ดีเซล B20,,,,,,,33.2
2026-04-27,lpg,,,,,,,25.87
2026-04-26,แก๊สโซฮอล์ 95 (E10),,,,,,,42.45
2026-04-26,แก๊สโซฮอล์ 91,,,,,,,42.08
2026-04-26,แก๊สโซฮอล์ E20,,,,,,,35.45
2026-04-26,แก๊สโซฮอล์ E85,,,,,,,31.39
2026-04-26,เบนซิน 95,,,,,,,52.04
2026-04-26,ดีเซล B7,,,,,,,40.2
2026-04-26,ดีเซล B20,,,,,,,33.2
2026-04-26,lpg,,,,,,,25.87
2026-04-25,แก๊สโซฮอล์ 95 (E10),,,,,,,42.45
2026-04-25,แก๊สโซฮอล์ 91,,,,,,,42.08
2026-04-25,แก๊สโซฮอล์ E20,,,,,,,35.45
2026-04-25,แก๊สโซฮอล์ E85,,,,,,,31.39
2026-04-25,เบนซิน 95,,,,,,,52.04
2026-04-25,ดีเซล B7,,,,,,,40.2
2026-04-25,ดีเซล B20,,,,,,,33.2
2026-04-25,lpg,,,,,,,25.87
2026-04-24,แก๊สโซฮอล์ 95 (E10),,,,,,,42.45
2026-04-24,แก๊สโซฮอล์ 91,,,,,,,42.08
2026-04-24,แก๊สโซฮอล์ E20,,,,,,,35.45
2026-04-24,แก๊สโซฮอล์ E85,,,,,,,31.39
2026-04-24,เบนซิน 95,,,,,,,52.04
2026-04-24,ดีเซล B7,,,,,,,40.2
2026-04-24,ดีเซล B20,,,,,,,33.2
2026-04-24,lpg,,,,,,,25.87
2026-04-23,แก๊สโซฮอล์ 95 (E10),,,,,,,42.45
2026-04-23,แก๊สโซฮอล์ 91,,,,,,,42.08
2026-04-23,แก๊สโซฮอล์ E20,,,,,,,35.45
2026-04-23,แก๊สโซฮอล์ E85,,,,,,,31.39
2026-04-23,เบนซิน 95,,,,,,,52.04
2026-04-23,ดีเซล B7,,,,,,,41.7
2026-04-23,ดีเซล B20,,,,,,,34.7
2026-04-23,lpg,,,,,,,25.87
2026-04-22,แก๊สโซฮอล์ 95 (E10),,,,,,,42.45
2026-04-22,แก๊สโซฮอล์ 91,,,,,,,42.08
2026-04-22,แก๊สโซฮอล์ E20,,,,,,,35.45
2026-04-22,แก๊สโซฮอล์ E85,,,,,,,31.39
2026-04-22,เบนซิน 95,,,,,,,52.04
2026-04-22,ดีเซล B7,,,,,,,41.7
2026-04-22,ดีเซล B20,,,,,,,34.7
2026-04-22,lpg,,,,,,,25.87
2026-04-21,แก๊สโซฮอล์ 95 (E10),,,,,,,42.45
2026-04-21,แก๊สโซฮอล์ 91,,,,,,,42.08
2026-04-21,แก๊สโซฮอล์ E20,,,,,,,35.45
2026-04-21,แก๊สโซฮอล์ E85,,,,,,,31.39
2026-04-21,เบนซิน 95,,,,,,,52.04
2026-04-21,ดีเซล B7,,,,,,,41.7
2026-04-21,ดีเซล B20,,,,,,,34.7
2026-04-21,lpg,,,,,,,25.87
2026-04-20,แก๊สโซฮอล์ 95 (E10),,,,,,,42.45
2026-04-20,แก๊สโซฮอล์ 91,,,,,,,42.08
2026-04-20,แก๊สโซฮอล์ E20,,,,,,,35.45
2026-04-20,แก๊สโซฮอล์ E85,,,,,,,31.39
2026-04-20,เบนซิน 95,,,,,,,52.04
2026-04-20,ดีเซล B7,,,,,,,42.9
2026-04-20,ดีเซล B20,,,,,,,35.9
2026-04-20,lpg,,,,,,,25.87
2026-04-16,แก๊สโซฮอล์ 95 (E10),,,,,,,42.95
2026-04-16,แก๊สโซฮอล์ 91,,,,,,,42.58
2026-04-16,แก๊สโซฮอล์ E20,,,,,,,35.95
2026-04-16,แก๊สโซฮอล์ E85,,,,,,,31.89
2026-04-16,เบนซิน 95,,,,,,,52.54
2026-04-16,ดีเซล B7,,,,,,,44.4
2026-04-16,ดีเซล B20,,,,,,,37.4
2026-04-16,lpg,,,,,,,25.87
2026-04-15,แก๊สโซฮอล์ 95 (E10),,,,,,,42.95
2026-04-15,แก๊สโซฮอล์ 91,,,,,,,42.58
2026-04-15,แก๊สโซฮอล์ E20,,,,,,,35.95
2026-04-15,แก๊สโซฮอล์ E85,,,,,,,31.89
2026-04-15,เบนซิน 95,,,,,,,52.54
2026-04-15,ดีเซล B7,,,,,,,44.4
2026-04-15,ดีเซล B20,,,,,,,37.4
2026-04-15,lpg,,,,,,,25.87
2026-04-14,แก๊สโซฮอล์ 95 (E10),,,,,,,42.95
2026-04-14,แก๊สโซฮอล์ 91,,,,,,,42.58
2026-04-14,แก๊สโซฮอล์ E20,,,,,,,35.95
2026-04-14,แก๊สโซฮอล์ E85,,,,,,,31.89
2026-04-14,เบนซิน 95,,,,,,,52.54
2026-04-14,ดีเซล B7,,,,,,,44.4
2026-04-14,ดีเซล B20,,,,,,,37.4
2026-04-14,lpg,,,,,,,25.87
2026-04-13,แก๊สโซฮอล์ 95 (E10),,,,,,,42.95
2026-04-13,แก๊สโซฮอล์ 91,,,,,,,42.58
2026-04-13,แก๊สโซฮอล์ E20,,,,,,,35.95
2026-04-13,แก๊สโซฮอล์ E85,,,,,,,31.89
2026-04-13,เบนซิน 95,,,,,,,52.54
2026-04-13,ดีเซล B7,,,,,,,44.4
2026-04-13,ดีเซล B20,,,,,,,37.4
2026-04-13,lpg,,,,,,,25.87
2026-04-12,แก๊สโซฮอล์ 95 (E10),,,,,,,42.95
2026-04-12,แก๊สโซฮอล์ 91,,,,,,,42.58
2026-04-12,แก๊สโซฮอล์ E20,,,,,,,35.95
2026-04-12,แก๊สโซฮอล์ E85,,,,,,,31.89
2026-04-12,เบนซิน 95,,,,,,,52.54
2026-04-12,ดีเซล B7,,,,,,,44.4
2026-04-12,ดีเซล B20,,,,,,,37.4
2026-04-12,lpg,,,,,,,25.87
2026-04-11,แก๊สโซฮอล์ 95 (E10),,,,,,,42.95
2026-04-11,แก๊สโซฮอล์ 91,,,,,,,42.58
2026-04-11,แก๊สโซฮอล์ E20,,,,,,,35.95
2026-04-11,แก๊สโซฮอล์ E85,,,,,,,31.89
2026-04-11,เบนซิน 95,,,,,,,52.54
2026-04-11,ดีเซล B7,,,,,,,44.4
2026-04-11,ดีเซล B20,,,,,,,37.4
2026-04-11,lpg,,,,,,,25.87
2026-04-10,แก๊สโซฮอล์ 95 (E10),,,,,,,43.95
2026-04-10,แก๊สโซฮอล์ 91,,,,,,,43.58
2026-04-10,แก๊สโซฮอล์ E20,,,,,,,38.95
2026-04-10,แก๊สโซฮอล์ E85,,,,,,,34.89
2026-04-10,เบนซิน 95,,,,,,,52.54
2026-04-10,ดีเซล B7,,,,,,,48.4
2026-04-10,ดีเซล B20,,,,,,,43.4
2026-04-10,lpg,,,,,,,25.87
2026-04-09,แก๊สโซฮอล์ 95 (E10),,,,,,,43.95
2026-04-09,แก๊สโซฮอล์ 91,,,,,,,43.58
2026-04-09,แก๊สโซฮอล์ E20,,,,,,,38.95
2026-04-09,แก๊สโซฮอล์ E85,,,,,,,34.89
2026-04-09,เบนซิน 95,,,,,,,52.54
2026-04-09,ดีเซล B7,,,,,,,48.4
2026-04-09,ดีเซล B20,,,,,,,43.4
2026-04-09,lpg,,,,,,,25.87
2026-04-08,แก๊สโซฮอล์ 95 (E10),,,,,,,43.95
2026-04-08,แก๊สโซฮอล์ 91,,,,,,,43.58
2026-04-08,แก๊สโซฮอล์ E20,,,,,,,38.95
2026-04-08,แก๊สโซฮอล์ E85,,,,,,,34.89
2026-04-08,เบนซิน 95,,,,,,,52.54
2026-04-08,ดีเซล B7,,,,,,,50.54
2026-04-08,ดีเซล B20,,,,,,,45.54
2026-04-08,lpg,,,,,,,25.87
2026-04-07,แก๊สโซฮอล์ 95 (E10),,,,,,,43.95
2026-04-07,แก๊สโซฮอล์ 91,,,,,,,43.58
2026-04-07,แก๊สโซฮอล์ E20,,,,,,,38.95
2026-04-07,แก๊สโซฮอล์ E85,,,,,,,34.89
2026-04-07,เบนซิน 95,,,,,,,52.54
2026-04-07,ดีเซล B7,,,,,,,50.54
2026-04-07,ดีเซล B20,,,,,,,45.54
2026-04-07,lpg,,,,,,,25.87
2026-04-03,แก๊สโซฮอล์ 95 (E10),,,,,,,43.95
2026-04-03,แก๊สโซฮอล์ 91,,,,,,,43.58
2026-04-03,แก๊สโซฮอล์ E20,,,,,,,38.95
2026-04-03,แก๊สโซฮอล์ E85,,,,,,,35.69
2026-04-03,เบนซิน 95,,,,,,,52.54
2026-04-03,ดีเซล B7,,,,,,,47.74
2026-04-03,ดีเซล B20,,,,,,,42.74
2026-04-03,lpg,,,,,,,25.87
2026-04-02,แก๊สโซฮอล์ 95 (E10),,,,,,,43.25
2026-04-02,แก๊สโซฮอล์ 91,,,,,,,42.88
2026-04-02,แก๊สโซฮอล์ E20,,,,,,,38.25
2026-04-02,แก๊สโซฮอล์ E85,,,,,,,34.99
2026-04-02,เบนซิน 95,,,,,,,51.84
2026-04-02,ดีเซล B7,,,,,,,44.24
2026-04-02,ดีเซล B20,,,,,,,39.24
2026-04-02,lpg,,,,,,,25.87
2026-04-01,แก๊สโซฮอล์ 95 (E10),,,,,,,42.05
2026-04-01,แก๊สโซฮอล์ 91,,,,,,,41.68
2026-04-01,แก๊สโซฮอล์ E20,,,,,,,37.05
2026-04-01,แก๊สโซฮอล์ E85,,,,,,,33.79
2026-04-01,เบนซิน 95,,,,,,,50.64
2026-04-01,ดีเซล B7,,,,,,,40.74
2026-04-01,ดีเซล B20,,,,,,,35.74
2026-04-01,lpg,,,,,,,25.87
2026-03-31,แก๊สโซฮอล์ 95 (E10),,,,,,,42.05
2026-03-31,แก๊สโซฮอล์ 91,,,,,,,41.68
2026-03-31,แก๊สโซฮอล์ E20,,,,,,,37.05
2026-03-31,แก๊สโซฮอล์ E85,,,,,,,33.79
2026-03-31,เบนซิน 95,,,,,,,50.64
2026-03-31,ดีเซล B7,,,,,,,40.74
2026-03-31,ดีเซล B20,,,,,,,35.74
2026-03-31,lpg,,,,,,,25.87
2026-03-30,แก๊สโซฮอล์ 95 (E10),,,,,,,41.05
2026-03-30,แก๊สโซฮอล์ 91,,,,,,,40.68
2026-03-30,แก๊สโซฮอล์ E20,,,,,,,36.05
2026-03-30,แก๊สโซฮอล์ E85,,,,,,,32.79
2026-03-30,เบนซิน 95,,,,,,,49.64
2026-03-30,ดีเซล B7,,,,,,,38.94
2026-03-30,ดีเซล B20,,,,,,,33.94
2026-03-30,lpg,,,,,,,25.87
2026-03-27,แก๊สโซฮอล์ 95 (E10),,,,,,,41.05
2026-03-27,แก๊สโซฮอล์ 91,,,,,,,40.68
2026-03-27,แก๊สโซฮอล์ E20,,,,,,,36.05
2026-03-27,แก๊สโซฮอล์ E85,,,,,,,32.79
2026-03-27,เบนซิน 95,,,,,,,49.64
2026-03-27,ดีเซล B7,,,,,,,38.94
2026-03-27,ดีเซล B20,,,,,,,33.94
2026-03-27,lpg,,,,,,,25.87
2026-03-26,แก๊สโซฮอล์ 95 (E10),,,,,,,41.05
2026-03-26,แก๊สโซฮอล์ 91,,,,,,,40.68
2026-03-26,แก๊สโซฮอล์ E20,,,,,,,36.05
2026-03-26,แก๊สโซฮอล์ E85,,,,,,,32.79
2026-03-26,เบนซิน 95,,,,,,,49.64
2026-03-26,ดีเซล B7,,,,,,,38.94
2026-03-26,lpg,,,,,,,25.87
2026-03-25,แก๊สโซฮอล์ 95 (E10),,,,,,,35.05
2026-03-25,แก๊สโซฮอล์ 91,,,,,,,34.68
2026-03-25,แก๊สโซฮอล์ E20,,,,,,,30.05
2026-03-25,แก๊สโซฮอล์ E85,,,,,,,26.79
2026-03-25,เบนซิน 95,,,,,,,43.64
2026-03-25,ดีเซล B7,,,,,,,32.94
2026-03-25,lpg,,,,,,,25.87
2026-03-24,แก๊สโซฮอล์ 95 (E10),,,,,,,35.05
2026-03-24,แก๊สโซฮอล์ 91,,,,,,,34.68
2026-03-24,แก๊สโซฮอล์ E20,,,,,,,30.05
2026-03-24,แก๊สโซฮอล์ E85,,,,,,,26.79
2026-03-24,เบนซิน 95,,,,,,,43.64
2026-03-24,ดีเซล B7,,,,,,,32.94
2026-03-24,lpg,,,,,,,25.87
2026-03-23,แก๊สโซฮอล์ 95 (E10),,,,,,,33.05
2026-03-23,แก๊สโซฮอล์ 91,,,,,,,32.68
2026-03-23,แก๊สโซฮอล์ E20,,,,,,,28.05
2026-03-23,แก๊สโซฮอล์ E85,,,,,,,24.79
2026-03-23,เบนซิน 95,,,,,,,41.64
2026-03-23,ดีเซล B7,,,,,,,31.14
2026-03-23,lpg,,,,,,,25.87
2026-03-20,แก๊สโซฮอล์ 95 (E10),,,,,,,32.05
2026-03-20,แก๊สโซฮอล์ 91,,,,,,,31.68
2026-03-20,แก๊สโซฮอล์ E20,,,,,,,27.05
2026-03-20,แก๊สโซฮอล์ E85,,,,,,,23.79
2026-03-20,เบนซิน 95,,,,,,,40.64
2026-03-20,ดีเซล B7,,,,,,,30.44
2026-03-20,lpg,,,,,,,25.87
2026-03-19,แก๊สโซฮอล์ 95 (E10),,,,,,,32.05
2026-03-19,แก๊สโซฮอล์ 91,,,,,,,31.68
2026-03-19,แก๊สโซฮอล์ E20,,,,,,,27.05
2026-03-19,แก๊สโซฮอล์ E85,,,,,,,23.79
2026-03-19,เบนซิน 95,,,,,,,40.64
2026-03-19,ดีเซล B7,,,,,,,30.44
2026-03-19,lpg,,,,,,,25.87
2026-03-18,แก๊สโซฮอล์ 95 (E10),,,,,,,32.05
2026-03-18,แก๊สโซฮอล์ 91,,,,,,,31.68
2026-03-18,แก๊สโซฮอล์ E20,,,,,,,27.05
2026-03-18,แก๊สโซฮอล์ E85,,,,,,,23.79
2026-03-18,เบนซิน 95,,,,,,,40.64
2026-03-18,ดีเซล B7,,,,,,,30.44
2026-03-18,lpg,,,,,,,25.87
2026-03-17,แก๊สโซฮอล์ 95 (E10),,,,,,,31.05
2026-03-17,แก๊สโซฮอล์ 91,,,,,,,30.68
2026-03-17,แก๊สโซฮอล์ E20,,,,,,,27.84
2026-03-17,แก๊สโซฮอล์ E85,,,,,,,25.79
2026-03-17,เบนซิน 95,,,,,,,39.64
2026-03-17,ดีเซล B7,,,,,,,29.94
2026-03-17,lpg,,,,,,,25.87
2026-03-16,แก๊สโซฮอล์ 95 (E10),,,,,,,31.05
2026-03-16,แก๊สโซฮอล์ 91,,,,,,,30.68
2026-03-16,แก๊สโซฮอล์ E20,,,,,,,27.84
2026-03-16,แก๊สโซฮอล์ E85,,,,,,,25.79
2026-03-16,เบนซิน 95,,,,,,,39.64
2026-03-16,ดีเซล B7,,,,,,,29.94
2026-03-16,lpg,,,,,,,25.87
2026-03-13,แก๊สโซฮอล์ 95 (E10),,,,,,,31.05
2026-03-13,แก๊สโซฮอล์ 91,,,,,,,30.68
2026-03-13,แก๊สโซฮอล์ E20,,,,,,,27.84
2026-03-13,แก๊สโซฮอล์ E85,,,,,,,25.79
2026-03-13,เบนซิน 95,,,,,,,39.64
2026-03-13,ดีเซล B7,,,,,,,29.94
2026-03-13,lpg,,,,,,,25.87
2026-03-12,แก๊สโซฮอล์ 95 (E10),,,,,,,31.05
2026-03-12,แก๊สโซฮอล์ 91,,,,,,,30.68
2026-03-12,แก๊สโซฮอล์ E20,,,,,,,27.84
2026-03-12,แก๊สโซฮอล์ E85,,,,,,,25.79
2026-03-12,เบนซิน 95,,,,,,,39.64
2026-03-12,ดีเซล B7,,,,,,,29.94
2026-03-12,lpg,,,,,,,25.87
2026-03-11,แก๊สโซฮอล์ 95 (E10),,,,,,,31.05
2026-03-11,แก๊สโซฮอล์ 91,,,,,,,30.68
2026-03-11,แก๊สโซฮอล์ E20,,,,,,,27.84
2026-03-11,แก๊สโซฮอล์ E85,,,,,,,25.79
2026-03-11,เบนซิน 95,,,,,,,39.64
2026-03-11,ดีเซล B7,,,,,,,29.94
2026-03-11,lpg,,,,,,,25.87
2026-03-10,แก๊สโซฮอล์ 95 (E10),,,,,,,31.05
2026-03-10,แก๊สโซฮอล์ 91,,,,,,,30.68
2026-03-10,แก๊สโซฮอล์ E20,,,,,,,27.84
2026-03-10,แก๊สโซฮอล์ E85,,,,,,,25.79
2026-03-10,เบนซิน 95,,,,,,,39.64
2026-03-10,ดีเซล B7,,,,,,,29.94
2026-03-10,lpg,,,,,,,25.87
2026-03-09,แก๊สโซฮอล์ 95 (E10),,,,,,,30.55
2026-03-09,แก๊สโซฮอล์ 91,,,,,,,30.18
2026-03-09,แก๊สโซฮอล์ E20,,,,,,,28.34
2026-03-09,แก๊สโซฮอล์ E85,,,,,,,26.29
2026-03-09,เบนซิน 95,,,,,,,39.14
2026-03-09,ดีเซล B7,,,,,,,29.94
2026-03-09,lpg,,,,,,,25.87
2026-03-06,แก๊สโซฮอล์ 95 (E10),,,,,,,30.55
2026-03-06,แก๊สโซฮอล์ 91,,,,,,,30.18
2026-03-06,แก๊สโซฮอล์ E20,,,,,,,28.34
2026-03-06,แก๊สโซฮอล์ E85,,,,,,,26.29
2026-03-06,เบนซิน 95,,,,,,,39.14
2026-03-06,ดีเซล B7,,,,,,,29.94
2026-03-06,lpg,,,,,,,25.87
2026-03-05,แก๊สโซฮอล์ 95 (E10),,,,,,,30.55
2026-03-05,แก๊สโซฮอล์ 91,,,,,,,30.18
2026-03-05,แก๊สโซฮอล์ E20,,,,,,,28.34
2026-03-05,แก๊สโซฮอล์ E85,,,,,,,26.29
2026-03-05,เบนซิน 95,,,,,,,39.14
2026-03-05,ดีเซล B7,,,,,,,29.94
2026-03-05,lpg,,,,,,,25.87
2026-03-04,แก๊สโซฮอล์ 95 (E10),,,,,,,30.55
2026-03-04,แก๊สโซฮอล์ 91,,,,,,,30.18
2026-03-04,แก๊สโซฮอล์ E20,,,,,,,28.34
2026-03-04,แก๊สโซฮอล์ E85,,,,,,,26.29
2026-03-04,เบนซิน 95,,,,,,,39.14
2026-03-04,ดีเซล B7,,,,,,,29.94
2026-03-04,lpg,,,,,,,25.87
2026-03-02,แก๊สโซฮอล์ 95 (E10),,,,,,,30.55
2026-03-02,แก๊สโซฮอล์ 91,,,,,,,30.18
2026-03-02,แก๊สโซฮอล์ E20,,,,,,,28.34
2026-03-02,แก๊สโซฮอล์ E85,,,,,,,26.29
2026-03-02,เบนซิน 95,,,,,,,39.14
2026-03-02,ดีเซล B7,,,,,,,29.94
2026-03-02,lpg,,,,,,,25.87
2026-02-27,แก๊สโซฮอล์ 95 (E10),,,,,,,30.55
2026-02-27,แก๊สโซฮอล์ 91,,,,,,,30.18
2026-02-27,แก๊สโซฮอล์ E20,,,,,,,28.34
2026-02-27,แก๊สโซฮอล์ E85,,,,,,,26.29
2026-02-27,เบนซิน 95,,,,,,,39.14
2026-02-27,ดีเซล B7,,,,,,,29.94
2026-02-27,lpg,,,,,,,25.87
2026-02-26,แก๊สโซฮอล์ 95 (E10),,,,,,,30.55
2026-02-26,แก๊สโซฮอล์ 91,,,,,,,30.18
2026-02-26,แก๊สโซฮอล์ E20,,,,,,,28.34
2026-02-26,แก๊สโซฮอล์ E85,,,,,,,26.29
2026-02-26,เบนซิน 95,,,,,,,39.14
2026-02-26,ดีเซล B7,,,,,,,29.94
2026-02-26,lpg,,,,,,,25.87
2026-02-25,แก๊สโซฮอล์ 95 (E10),,,,,,,30.55
2026-02-25,แก๊สโซฮอล์ 91,,,,,,,30.18
2026-02-25,แก๊สโซฮอล์ E20,,,,,,,28.34
2026-02-25,แก๊สโซฮอล์ E85,,,,,,,26.29
2026-02-25,เบนซิน 95,,,,,,,39.14
2026-02-25,ดีเซล B7,,,,,,,29.94
2026-02-25,lpg,,,,,,,25.87
2026-02-24,แก๊สโซฮอล์ 95 (E10),,,,,,,30.55
2026-02-24,แก๊สโซฮอล์ 91,,,,,,,30.18
2026-02-24,แก๊สโซฮอล์ E20,,,,,,,28.34
2026-02-24,แก๊สโซฮอล์ E85,,,,,,,26.29
2026-02-24,เบนซิน 95,,,,,,,39.14
2026-02-24,ดีเซล B7,,,,,,,29.94
2026-02-24,lpg,,,,,,,25.87
2026-02-23,แก๊สโซฮอล์ 95 (E10),,,,,,,30.55
2026-02-23,แก๊สโซฮอล์ 91,,,,,,,30.18
2026-02-23,แก๊สโซฮอล์ E20,,,,,,,28.34
2026-02-23,แก๊สโซฮอล์ E85,,,,,,,26.29
2026-02-23,เบนซิน 95,,,,,,,39.14
2026-02-23,ดีเซล B7,,,,,,,29.94
2026-02-23,lpg,,,,,,,25.87
2026-02-20,แก๊สโซฮอล์ 95 (E10),,,,,,,30.55
2026-02-20,แก๊สโซฮอล์ 91,,,,,,,30.18
2026-02-20,แก๊สโซฮอล์ E20,,,,,,,28.34
2026-02-20,แก๊สโซฮอล์ E85,,,,,,,26.29
2026-02-20,เบนซิน 95,,,,,,,39.14
2026-02-20,ดีเซล B7,,,,,,,29.94
2026-02-20,lpg,,,,,,,25.87
2026-02-19,แก๊สโซฮอล์ 95 (E10),,,,,,,30.55
2026-02-19,แก๊สโซฮอล์ 91,,,,,,,30.18
2026-02-19,แก๊สโซฮอล์ E20,,,,,,,28.34
2026-02-19,แก๊สโซฮอล์ E85,,,,,,,26.29
2026-02-19,เบนซิน 95,,,,,,,39.14
2026-02-19,ดีเซล B7,,,,,,,29.94
2026-02-19,lpg,,,,,,,25.87
2026-02-18,แก๊สโซฮอล์ 95 (E10),,,,,,,30.55
2026-02-18,แก๊สโซฮอล์ 91,,,,,,,30.18
2026-02-18,แก๊สโซฮอล์ E20,,,,,,,28.34
2026-02-18,แก๊สโซฮอล์ E85,,,,,,,26.29
2026-02-18,เบนซิน 95,,,,,,,39.14
2026-02-18,ดีเซล B7,,,,,,,29.94
2026-02-18,lpg,,,,,,,25.87
2026-02-17,แก๊สโซฮอล์ 95 (E10),,,,,,,30.85
2026-02-17,แก๊สโซฮอล์ 91,,,,,,,30.48
2026-02-17,แก๊สโซฮอล์ E20,,,,,,,28.64
2026-02-17,แก๊สโซฮอล์ E85,,,,,,,26.59
2026-02-17,เบนซิน 95,,,,,,,39.14
2026-02-17,ดีเซล B7,,,,,,,29.94
2026-02-17,lpg,,,,,,,25.87
2026-02-16,แก๊สโซฮอล์ 95 (E10),,,,,,,30.85
2026-02-16,แก๊สโซฮอล์ 91,,,,,,,30.48
2026-02-16,แก๊สโซฮอล์ E20,,,,,,,28.64
2026-02-16,แก๊สโซฮอล์ E85,,,,,,,26.59
2026-02-16,เบนซิน 95,,,,,,,39.14
2026-02-16,ดีเซล B7,,,,,,,29.94
2026-02-16,lpg,,,,,,,25.87
2026-02-13,แก๊สโซฮอล์ 95 (E10),,,,,,,30.85
2026-02-13,แก๊สโซฮอล์ 91,,,,,,,30.48
2026-02-13,แก๊สโซฮอล์ E20,,,,,,,28.64
2026-02-13,แก๊สโซฮอล์ E85,,,,,,,26.59
2026-02-13,เบนซิน 95,,,,,,,39.14
2026-02-13,ดีเซล B7,,,,,,,29.94
2026-02-13,lpg,,,,,,,25.87
2026-02-12,แก๊สโซฮอล์ 95 (E10),,,,,,,30.85
2026-02-12,แก๊สโซฮอล์ 91,,,,,,,30.48
2026-02-12,แก๊สโซฮอล์ E20,,,,,,,28.64
2026-02-12,แก๊สโซฮอล์ E85,,,,,,,26.59
2026-02-12,เบนซิน 95,,,,,,,39.14
2026-02-12,ดีเซล B7,,,,,,,29.94
2026-02-12,lpg,,,,,,,25.87
2026-02-11,แก๊สโซฮอล์ 95 (E10),,,,,,,30.85
2026-02-11,แก๊สโซฮอล์ 91,,,,,,,30.48
2026-02-11,แก๊สโซฮอล์ E20,,,,,,,28.64
2026-02-11,แก๊สโซฮอล์ E85,,,,,,,26.59
2026-02-11,เบนซิน 95,,,,,,,39.14
2026-02-11,ดีเซล B7,,,,,,,29.94
2026-02-11,lpg,,,,,,,25.87
2026-02-10,แก๊สโซฮอล์ 95 (E10),,,,,,,30.85
2026-02-10,แก๊สโซฮอล์ 91,,,,,,,30.48
2026-02-10,แก๊สโซฮอล์ E20,,,,,,,28.64
2026-02-10,แก๊สโซฮอล์ E85,,,,,,,26.59
2026-02-10,เบนซิน 95,,,,,,,39.14
2026-02-10,ดีเซล B7,,,,,,,29.94
2026-02-10,lpg,,,,,,,25.87
2026-02-09,แก๊สโซฮอล์ 95 (E10),,,,,,,30.85
2026-02-09,แก๊สโซฮอล์ 91,,,,,,,30.48
2026-02-09,แก๊สโซฮอล์ E20,,,,,,,28.64
2026-02-09,แก๊สโซฮอล์ E85,,,,,,,26.59
2026-02-09,เบนซิน 95,,,,,,,39.14
2026-02-09,ดีเซล B7,,,,,,,29.94
2026-02-09,lpg,,,,,,,25.87
2026-02-06,แก๊สโซฮอล์ 95 (E10),,,,,,,30.85
2026-02-06,แก๊สโซฮอล์ 91,,,,,,,30.48
2026-02-06,แก๊สโซฮอล์ E20,,,,,,,28.64
2026-02-06,แก๊สโซฮอล์ E85,,,,,,,26.59
2026-02-06,เบนซิน 95,,,,,,,39.14
2026-02-06,ดีเซล B7,,,,,,,29.94
2026-02-06,lpg,,,,,,,25.87
2026-02-05,แก๊สโซฮอล์ 95 (E10),,,,,,,30.85
2026-02-05,แก๊สโซฮอล์ 91,,,,,,,30.48
2026-02-05,แก๊สโซฮอล์ E20,,,,,,,28.64
2026-02-05,แก๊สโซฮอล์ E85,,,,,,,26.59
2026-02-05,เบนซิน 95,,,,,,,39.14
2026-02-05,ดีเซล B7,,,,,,,29.94
2026-02-05,lpg,,,,,,,25.87
2026-02-04,แก๊สโซฮอล์ 95 (E10),,,,,,,30.85
2026-02-04,แก๊สโซฮอล์ 91,,,,,,,30.48
2026-02-04,แก๊สโซฮอล์ E20,,,,,,,28.64
2026-02-04,แก๊สโซฮอล์ E85,,,,,,,26.59
2026-02-04,เบนซิน 95,,,,,,,39.14
2026-02-04,ดีเซล B7,,,,,,,29.94
2026-02-04,lpg,,,,,,,25.87
2026-02-03,แก๊สโซฮอล์ 95 (E10),,,,,,,30.85
2026-02-03,แก๊สโซฮอล์ 91,,,,,,,30.48
2026-02-03,แก๊สโซฮอล์ E20,,,,,,,28.64
2026-02-03,แก๊สโซฮอล์ E85,,,,,,,26.59
2026-02-03,เบนซิน 95,,,,,,,39.14
2026-02-03,ดีเซล B7,,,,,,,29.94
2026-02-03,lpg,,,,,,,25.87
2026-02-02,แก๊สโซฮอล์ 95 (E10),,,,,,,30.85
2026-02-02,แก๊สโซฮอล์ 91,,,,,,,30.48
2026-02-02,แก๊สโซฮอล์ E20,,,,,,,28.64
2026-02-02,แก๊สโซฮอล์ E85,,,,,,,26.59
2026-02-02,เบนซิน 95,,,,,,,39.14
2026-02-02,ดีเซล B7,,,,,,,29.94
2026-02-02,lpg,,,,,,,25.87
2026-01-30,แก๊สโซฮอล์ 95 (E10),,,,,,,30.85
2026-01-30,แก๊สโซฮอล์ 91,,,,,,,30.48
2026-01-30,แก๊สโซฮอล์ E20,,,,,,,28.64
2026-01-30,แก๊สโซฮอล์ E85,,,,,,,26.59
2026-01-30,เบนซิน 95,,,,,,,39.14
2026-01-30,ดีเซล B7,,,,,,,29.94
2026-01-30,lpg,,,,,,,25.87
2026-01-29,แก๊สโซฮอล์ 95 (E10),,,,,,,30.85
2026-01-29,แก๊สโซฮอล์ 91,,,,,,,30.48
2026-01-29,แก๊สโซฮอล์ E20,,,,,,,28.64
2026-01-29,แก๊สโซฮอล์ E85,,,,,,,26.59
2026-01-29,เบนซิน 95,,,,,,,39.14
2026-01-29,ดีเซล B7,,,,,,,29.94
2026-01-29,lpg,,,,,,,25.87
2026-01-28,แก๊สโซฮอล์ 95 (E10),,,,,,,30.85
2026-01-28,แก๊สโซฮอล์ 91,,,,,,,30.48
2026-01-28,แก๊สโซฮอล์ E20,,,,,,,28.64
2026-01-28,แก๊สโซฮอล์ E85,,,,,,,26.59
2026-01-28,เบนซิน 95,,,,,,,39.14
2026-01-28,ดีเซล B7,,,,,,,29.94
2026-01-28,lpg,,,,,,,25.87
2026-01-27,แก๊สโซฮอล์ 95 (E10),,,,,,,30.85
2026-01-27,แก๊สโซฮอล์ 91,,,,,,,30.48
2026-01-27,แก๊สโซฮอล์ E20,,,,,,,28.64
2026-01-27,แก๊สโซฮอล์ E85,,,,,,,26.59
2026-01-27,เบนซิน 95,,,,,,,39.14
2026-01-27,ดีเซล B7,,,,,,,29.94
2026-01-27,lpg,,,,,,,25.87
2026-01-26,แก๊สโซฮอล์ 95 (E10),,,,,,,30.85
2026-01-26,แก๊สโซฮอล์ 91,,,,,,,30.48
2026-01-26,แก๊สโซฮอล์ E20,,,,,,,28.64
2026-01-26,แก๊สโซฮอล์ E85,,,,,,,26.59
2026-01-26,เบนซิน 95,,,,,,,39.14
2026-01-26,ดีเซล B7,,,,,,,29.94
2026-01-26,lpg,,,,,,,25.87
2026-01-23,แก๊สโซฮอล์ 95 (E10),,,,,,,30.85
2026-01-23,แก๊สโซฮอล์ 91,,,,,,,30.48
2026-01-23,แก๊สโซฮอล์ E20,,,,,,,28.64
2026-01-23,แก๊สโซฮอล์ E85,,,,,,,26.59
2026-01-23,เบนซิน 95,,,,,,,39.14
2026-01-23,ดีเซล B7,,,,,,,29.94
2026-01-23,lpg,,,,,,,25.87
2026-01-22,แก๊สโซฮอล์ 95 (E10),,,,,,,30.85
2026-01-22,แก๊สโซฮอล์ 91,,,,,,,30.48
2026-01-22,แก๊สโซฮอล์ E20,,,,,,,28.64
2026-01-22,แก๊สโซฮอล์ E85,,,,,,,26.59
2026-01-22,เบนซิน 95,,,,,,,39.14
2026-01-22,ดีเซล B7,,,,,,,29.94
2026-01-22,lpg,,,,,,,25.87
2026-01-21,แก๊สโซฮอล์ 95 (E10),,,,,,,30.85
2026-01-21,แก๊สโซฮอล์ 91,,,,,,,30.48
2026-01-21,แก๊สโซฮอล์ E20,,,,,,,28.64
2026-01-21,แก๊สโซฮอล์ E85,,,,,,,26.59
2026-01-21,เบนซิน 95,,,,,,,39.14
2026-01-21,ดีเซล B7,,,,,,,29.94
2026-01-21,lpg,,,,,,,25.87
2026-01-20,แก๊สโซฮอล์ 95 (E10),,,,,,,30.85
2026-01-20,แก๊สโซฮอล์ 91,,,,,,,30.48
2026-01-20,แก๊สโซฮอล์ E20,,,,,,,28.64
2026-01-20,แก๊สโซฮอล์ E85,,,,,,,26.59
2026-01-20,เบนซิน 95,,,,,,,39.14
2026-01-20,ดีเซล B7,,,,,,,29.94
2026-01-20,lpg,,,,,,,25.87
2026-01-19,แก๊สโซฮอล์ 95 (E10),,,,,,,30.85
2026-01-19,แก๊สโซฮอล์ 91,,,,,,,30.48
2026-01-19,แก๊สโซฮอล์ E20,,,,,,,28.64
2026-01-19,แก๊สโซฮอล์ E85,,,,,,,26.59
2026-01-19,เบนซิน 95,,,,,,,39.14
2026-01-19,ดีเซล B7,,,,,,,29.94
2026-01-19,lpg,,,,,,,25.87
2026-01-16,แก๊สโซฮอล์ 95 (E10),,,,,,,30.85
2026-01-16,แก๊สโซฮอล์ 91,,,,,,,30.48
2026-01-16,แก๊สโซฮอล์ E20,,,,,,,28.64
2026-01-16,แก๊สโซฮอล์ E85,,,,,,,26.59
2026-01-16,เบนซิน 95,,,,,,,39.14
2026-01-16,ดีเซล B7,,,,,,,29.94
2026-01-16,lpg,,,,,,,25.87
2026-01-15,แก๊สโซฮอล์ 95 (E10),,,,,,,30.85
2026-01-15,แก๊สโซฮอล์ 91,,,,,,,30.48
2026-01-15,แก๊สโซฮอล์ E20,,,,,,,28.64
2026-01-15,แก๊สโซฮอล์ E85,,,,,,,26.59
2026-01-15,เบนซิน 95,,,,,,,39.14
2026-01-15,ดีเซล B7,,,,,,,29.94
2026-01-15,lpg,,,,,,,25.87
2026-01-14,แก๊สโซฮอล์ 95 (E10),,,,,,,30.85
2026-01-14,แก๊สโซฮอล์ 91,,,,,,,30.48
2026-01-14,แก๊สโซฮอล์ E20,,,,,,,28.64
2026-01-14,แก๊สโซฮอล์ E85,,,,,,,26.59
2026-01-14,เบนซิน 95,,,,,,,39.14
2026-01-14,ดีเซล B7,,,,,,,29.94
2026-01-14,lpg,,,,,,,25.87
2026-01-13,แก๊สโซฮอล์ 95 (E10),,,,,,,30.85
2026-01-13,แก๊สโซฮอล์ 91,,,,,,,30.48
2026-01-13,แก๊สโซฮอล์ E20,,,,,,,28.64
2026-01-13,แก๊สโซฮอล์ E85,,,,,,,26.59
2026-01-13,เบนซิน 95,,,,,,,39.14
2026-01-13,ดีเซล B7,,,,,,,29.94
2026-01-13,lpg,,,,,,,25.87
2026-01-12,แก๊สโซฮอล์ 95 (E10),,,,,,,30.85
2026-01-12,แก๊สโซฮอล์ 91,,,,,,,30.48
2026-01-12,แก๊สโซฮอล์ E20,,,,,,,28.64
2026-01-12,แก๊สโซฮอล์ E85,,,,,,,26.59
2026-01-12,เบนซิน 95,,,,,,,39.14
2026-01-12,ดีเซล B7,,,,,,,29.94
2026-01-12,lpg,,,,,,,25.87
2026-01-09,แก๊สโซฮอล์ 95 (E10),,,,,,,30.85
2026-01-09,แก๊สโซฮอล์ 91,,,,,,,30.48
2026-01-09,แก๊สโซฮอล์ E20,,,,,,,28.64
2026-01-09,แก๊สโซฮอล์ E85,,,,,,,26.59
2026-01-09,เบนซิน 95,,,,,,,39.14
2026-01-09,ดีเซล B7,,,,,,,29.94
2026-01-09,lpg,,,,,,,25.87
2026-01-08,แก๊สโซฮอล์ 95 (E10),,,,,,,31.35
2026-01-08,แก๊สโซฮอล์ 91,,,,,,,30.98
2026-01-08,แก๊สโซฮอล์ E20,,,,,,,29.14
2026-01-08,แก๊สโซฮอล์ E85,,,,,,,27.09
2026-01-08,เบนซิน 95,,,,,,,39.64
2026-01-08,ดีเซล B7,,,,,,,30.44
2026-01-08,lpg,,,,,,,25.87
2026-01-07,แก๊สโซฮอล์ 95 (E10),,,,,,,31.35
2026-01-07,แก๊สโซฮอล์ 91,,,,,,,30.98
2026-01-07,แก๊สโซฮอล์ E20,,,,,,,29.14
2026-01-07,แก๊สโซฮอล์ E85,,,,,,,27.09
2026-01-07,เบนซิน 95,,,,,,,39.64
2026-01-07,ดีเซล B7,,,,,,,30.44
2026-01-07,lpg,,,,,,,25.87
2026-01-06,แก๊สโซฮอล์ 95 (E10),,,,,,,31.35
2026-01-06,แก๊สโซฮอล์ 91,,,,,,,30.98
2026-01-06,แก๊สโซฮอล์ E20,,,,,,,29.14
2026-01-06,แก๊สโซฮอล์ E85,,,,,,,27.09
2026-01-06,เบนซิน 95,,,,,,,39.64
2026-01-06,ดีเซล B7,,,,,,,30.44
2026-01-06,lpg,,,,,,,25.87
2026-01-05,แก๊สโซฮอล์ 95 (E10),,,,,,,31.35
2026-01-05,แก๊สโซฮอล์ 91,,,,,,,30.98
2026-01-05,แก๊สโซฮอล์ E20,,,,,,,29.14
2026-01-05,แก๊สโซฮอล์ E85,,,,,,,27.09
2026-01-05,เบนซิน 95,,,,,,,39.64
2026-01-05,ดีเซล B7,,,,,,,30.44
2026-01-05,lpg,,,,,,,25.87
2025-12-30,แก๊สโซฮอล์ 95 (E10),,,,,,,31.35
2025-12-30,แก๊สโซฮอล์ 91,,,,,,,30.98
2025-12-30,แก๊สโซฮอล์ E20,,,,,,,29.14
2025-12-30,แก๊สโซฮอล์ E85,,,,,,,27.09
2025-12-30,เบนซิน 95,,,,,,,39.64
2025-12-30,ดีเซล B7,,,,,,,30.44
2025-12-30,lpg,,,,,,,25.87
2025-12-29,แก๊สโซฮอล์ 95 (E10),,,,,,,31.35
2025-12-29,แก๊สโซฮอล์ 91,,,,,,,30.98
2025-12-29,แก๊สโซฮอล์ E20,,,,,,,29.14
2025-12-29,แก๊สโซฮอล์ E85,,,,,,,27.09
2025-12-29,เบนซิน 95,,,,,,,39.64
2025-12-29,ดีเซล B7,,,,,,,30.44
2025-12-29,lpg,,,,,,,25.87
2025-12-26,แก๊สโซฮอล์ 95 (E10),,,,,,,31.35
2025-12-26,แก๊สโซฮอล์ 91,,,,,,,30.98
2025-12-26,แก๊สโซฮอล์ E20,,,,,,,29.14
2025-12-26,แก๊สโซฮอล์ E85,,,,,,,27.09
2025-12-26,เบนซิน 95,,,,,,,39.64
2025-12-26,ดีเซล B7,,,,,,,30.44
2025-12-26,lpg,,,,,,,25.87
2025-12-25,แก๊สโซฮอล์ 95 (E10),,,,,,,31.35
2025-12-25,แก๊สโซฮอล์ 91,,,,,,,30.98
2025-12-25,แก๊สโซฮอล์ E20,,,,,,,29.14
2025-12-25,แก๊สโซฮอล์ E85,,,,,,,27.09
2025-12-25,เบนซิน 95,,,,,,,39.64
2025-12-25,ดีเซล B7,,,,,,,30.44
2025-12-25,lpg,,,,,,,25.87
2025-12-24,แก๊สโซฮอล์ 95 (E10),,,,,,,31.35
2025-12-24,แก๊สโซฮอล์ 91,,,,,,,30.98
2025-12-24,แก๊สโซฮอล์ E20,,,,,,,29.14
2025-12-24,แก๊สโซฮอล์ E85,,,,,,,27.09
2025-12-24,เบนซิน 95,,,,,,,39.64
2025-12-24,ดีเซล B7,,,,,,,30.44
2025-12-24,lpg,,,,,,,25.87
2025-12-23,แก๊สโซฮอล์ 95 (E10),,,,,,,31.85
2025-12-23,แก๊สโซฮอล์ 91,,,,,,,31.48
2025-12-23,แก๊สโซฮอล์ E20,,,,,,,29.64
2025-12-23,แก๊สโซฮอล์ E85,,,,,,,27.59
2025-12-23,เบนซิน 95,,,,,,,40.14
2025-12-23,ดีเซล B7,,,,,,,30.94
2025-12-23,lpg,,,,,,,25.87
2025-12-22,แก๊สโซฮอล์ 95 (E10),,,,,,,31.85
2025-12-22,แก๊สโซฮอล์ 91,,,,,,,31.48
2025-12-22,แก๊สโซฮอล์ E20,,,,,,,29.64
2025-12-22,แก๊สโซฮอล์ E85,,,,,,,27.59
2025-12-22,เบนซิน 95,,,,,,,40.14
2025-12-22,ดีเซล B7,,,,,,,30.94
2025-12-22,lpg,,,,,,,25.87
2025-12-19,แก๊สโซฮอล์ 95 (E10),,,,,,,31.85
2025-12-19,แก๊สโซฮอล์ 91,,,,,,,31.48
2025-12-19,แก๊สโซฮอล์ E20,,,,,,,29.64
2025-12-19,แก๊สโซฮอล์ E85,,,,,,,27.59
2025-12-19,เบนซิน 95,,,,,,,40.14
2025-12-19,ดีเซล B7,,,,,,,30.94
2025-12-19,lpg,,,,,,,25.87
2025-12-18,แก๊สโซฮอล์ 95 (E10),,,,,,,31.85
2025-12-18,แก๊สโซฮอล์ 91,,,,,,,31.48
2025-12-18,แก๊สโซฮอล์ E20,,,,,,,29.64
2025-12-18,แก๊สโซฮอล์ E85,,,,,,,27.59
2025-12-18,เบนซิน 95,,,,,,,40.14
2025-12-18,ดีเซล B7,,,,,,,30.94
2025-12-18,lpg,,,,,,,25.87
2025-12-17,แก๊สโซฮอล์ 95 (E10),,,,,,,31.85
2025-12-17,แก๊สโซฮอล์ 91,,,,,,,31.48
2025-12-17,แก๊สโซฮอล์ E20,,,,,,,29.64
2025-12-17,แก๊สโซฮอล์ E85,,,,,,,27.59
2025-12-17,เบนซิน 95,,,,,,,40.14
2025-12-17,ดีเซล B7,,,,,,,30.94
2025-12-17,lpg,,,,,,,25.87
2025-12-16,แก๊สโซฮอล์ 95 (E10),,,,,,,31.85
2025-12-16,แก๊สโซฮอล์ 91,,,,,,,31.48
2025-12-16,แก๊สโซฮอล์ E20,,,,,,,29.64
2025-12-16,แก๊สโซฮอล์ E85,,,,,,,27.59
2025-12-16,เบนซิน 95,,,,,,,40.14
2025-12-16,ดีเซล B7,,,,,,,30.94
2025-12-16,lpg,,,,,,,25.87
2025-12-15,แก๊สโซฮอล์ 95 (E10),,,,,,,31.85
2025-12-15,แก๊สโซฮอล์ 91,,,,,,,31.48
2025-12-15,แก๊สโซฮอล์ E20,,,,,,,29.64
2025-12-15,แก๊สโซฮอล์ E85,,,,,,,27.59
2025-12-15,เบนซิน 95,,,,,,,40.14
2025-12-15,ดีเซล B7,,,,,,,30.94
2025-12-15,lpg,,,,,,,25.87
2025-12-12,แก๊สโซฮอล์ 95 (E10),,,,,,,31.85
2025-12-12,แก๊สโซฮอล์ 91,,,,,,,31.48
2025-12-12,แก๊สโซฮอล์ E20,,,,,,,29.64
2025-12-12,แก๊สโซฮอล์ E85,,,,,,,27.59
2025-12-12,เบนซิน 95,,,,,,,40.14
2025-12-12,ดีเซล B7,,,,,,,30.94
2025-12-12,lpg,,,,,,,25.87
2025-12-11,แก๊สโซฮอล์ 95 (E10),,,,,,,31.85
2025-12-11,แก๊สโซฮอล์ 91,,,,,,,31.48
2025-12-11,แก๊สโซฮอล์ E20,,,,,,,29.64
2025-12-11,แก๊สโซฮอล์ E85,,,,,,,27.59
2025-12-11,เบนซิน 95,,,,,,,40.14
2025-12-11,ดีเซล B7,,,,,,,30.94
2025-12-11,lpg,,,,,,,25.87
2025-12-09,แก๊สโซฮอล์ 95 (E10),,,,,,,31.85
2025-12-09,แก๊สโซฮอล์ 91,,,,,,,31.48
2025-12-09,แก๊สโซฮอล์ E20,,,,,,,29.64
2025-12-09,แก๊สโซฮอล์ E85,,,,,,,27.59
2025-12-09,เบนซิน 95,,,,,,,40.14
2025-12-09,ดีเซล B7,,,,,,,30.94
2025-12-09,lpg,,,,,,,25.87
2025-12-08,แก๊สโซฮอล์ 95 (E10),,,,,,,31.85
2025-12-08,แก๊สโซฮอล์ 91,,,,,,,31.48
2025-12-08,แก๊สโซฮอล์ E20,,,,,,,29.64
2025-12-08,แก๊สโซฮอล์ E85,,,,,,,27.59
2025-12-08,เบนซิน 95,,,,,,,40.14
2025-12-08,ดีเซล B7,,,,,,,30.94
2025-12-08,lpg,,,,,,,25.87
2025-12-04,แก๊สโซฮอล์ 95 (E10),,,,,,,31.85
2025-12-04,แก๊สโซฮอล์ 91,,,,,,,31.48
2025-12-04,แก๊สโซฮอล์ E20,,,,,,,29.64
2025-12-04,แก๊สโซฮอล์ E85,,,,,,,27.59
2025-12-04,เบนซิน 95,,,,,,,40.14
2025-12-04,ดีเซล B7,,,,,,,30.94
2025-12-04,lpg,,,,,,,25.87
2025-12-03,แก๊สโซฮอล์ 95 (E10),,,,,,,31.85
2025-12-03,แก๊สโซฮอล์ 91,,,,,,,31.48
2025-12-03,แก๊สโซฮอล์ E20,,,,,,,29.64
2025-12-03,แก๊สโซฮอล์ E85,,,,,,,27.59
2025-12-03,เบนซิน 95,,,,,,,40.14
2025-12-03,ดีเซล B7,,,,,,,30.94
2025-12-03,lpg,,,,,,,25.87
2025-12-02,แก๊สโซฮอล์ 95 (E10),,,,,,,31.85
2025-12-02,แก๊สโซฮอล์ 91,,,,,,,31.48
2025-12-02,แก๊สโซฮอล์ E20,,,,,,,29.64
2025-12-02,แก๊สโซฮอล์ E85,,,,,,,27.59
2025-12-02,เบนซิน 95,,,,,,,40.14
2025-12-02,ดีเซล B7,,,,,,,30.94
2025-12-02,lpg,,,,,,,25.87
2025-12-01,แก๊สโซฮอล์ 95 (E10),,,,,,,31.85
2025-12-01,แก๊สโซฮอล์ 91,,,,,,,31.48
2025-12-01,แก๊สโซฮอล์ E20,,,,,,,29.64
2025-12-01,แก๊สโซฮอล์ E85,,,,,,,27.59
2025-12-01,เบนซิน 95,,,,,,,40.14
2025-12-01,ดีเซล B7,,,,,,,30.94
2025-12-01,lpg,,,,,,,25.87
2025-11-28,แก๊สโซฮอล์ 95 (E10),,,,,,,31.85
2025-11-28,แก๊สโซฮอล์ 91,,,,,,,31.48
2025-11-28,แก๊สโซฮอล์ E20,,,,,,,29.64
2025-11-28,แก๊สโซฮอล์ E85,,,,,,,27.59
2025-11-28,เบนซิน 95,,,,,,,40.14
2025-11-28,ดีเซล B7,,,,,,,30.94
2025-11-28,lpg,,,,,,,25.87
2025-11-27,แก๊สโซฮอล์ 95 (E10),,,,,,,31.85
2025-11-27,แก๊สโซฮอล์ 91,,,,,,,31.48
2025-11-27,แก๊สโซฮอล์ E20,,,,,,,29.64
2025-11-27,แก๊สโซฮอล์ E85,,,,,,,27.59
2025-11-27,เบนซิน 95,,,,,,,40.14
2025-11-27,ดีเซล B7,,,,,,,30.94
2025-11-27,lpg,,,,,,,25.87
2025-11-26,แก๊สโซฮอล์ 95 (E10),,,,,,,31.85
2025-11-26,แก๊สโซฮอล์ 91,,,,,,,31.48
2025-11-26,แก๊สโซฮอล์ E20,,,,,,,29.64
2025-11-26,แก๊สโซฮอล์ E85,,,,,,,27.59
2025-11-26,เบนซิน 95,,,,,,,40.14
2025-11-26,ดีเซล B7,,,,,,,30.94
2025-11-26,lpg,,,,,,,25.87
2025-11-25,แก๊สโซฮอล์ 95 (E10),,,,,,,31.85
2025-11-25,แก๊สโซฮอล์ 91,,,,,,,31.48
2025-11-25,แก๊สโซฮอล์ E20,,,,,,,29.64
2025-11-25,แก๊สโซฮอล์ E85,,,,,,,27.59
2025-11-25,เบนซิน 95,,,,,,,40.14
2025-11-25,ดีเซล B7,,,,,,,30.94
2025-11-25,lpg,,,,,,,25.87
2025-11-24,แก๊สโซฮอล์ 95 (E10),,,,,,,31.85
2025-11-24,แก๊สโซฮอล์ 91,,,,,,,31.48
2025-11-24,แก๊สโซฮอล์ E20,,,,,,,29.64
2025-11-24,แก๊สโซฮอล์ E85,,,,,,,27.59
2025-11-24,เบนซิน 95,,,,,,,40.14
2025-11-24,ดีเซล B7,,,,,,,30.94
2025-11-24,lpg,,,,,,,25.87
2025-11-21,แก๊สโซฮอล์ 95 (E10),,,,,,,31.85
2025-11-21,แก๊สโซฮอล์ 91,,,,,,,31.48
2025-11-21,แก๊สโซฮอล์ E20,,,,,,,29.64
2025-11-21,แก๊สโซฮอล์ E85,,,,,,,27.59
2025-11-21,เบนซิน 95,,,,,,,40.14
2025-11-21,ดีเซล B7,,,,,,,30.94
2025-11-21,lpg,,,,,,,25.87
2025-11-20,แก๊สโซฮอล์ 95 (E10),,,,,,,31.85
2025-11-20,แก๊สโซฮอล์ 91,,,,,,,31.48
2025-11-20,แก๊สโซฮอล์ E20,,,,,,,29.64
2025-11-20,แก๊สโซฮอล์ E85,,,,,,,27.59
2025-11-20,เบนซิน 95,,,,,,,40.14
2025-11-20,ดีเซล B7,,,,,,,30.94
2025-11-20,lpg,,,,,,,25.87
2025-11-19,แก๊สโซฮอล์ 95 (E10),,,,,,,31.85
2025-11-19,แก๊สโซฮอล์ 91,,,,,,,31.48
2025-11-19,แก๊สโซฮอล์ E20,,,,,,,29.64
2025-11-19,แก๊สโซฮอล์ E85,,,,,,,27.59
2025-11-19,เบนซิน 95,,,,,,,40.14
2025-11-19,ดีเซล B7,,,,,,,30.94
2025-11-19,lpg,,,,,,,25.87
2025-11-18,แก๊สโซฮอล์ 95 (E10),,,,,,,31.85
2025-11-18,แก๊สโซฮอล์ 91,,,,,,,31.48
2025-11-18,แก๊สโซฮอล์ E20,,,,,,,29.64
2025-11-18,แก๊สโซฮอล์ E85,,,,,,,27.59
2025-11-18,เบนซิน 95,,,,,,,40.14
2025-11-18,ดีเซล B7,,,,,,,30.94
2025-11-18,lpg,,,,,,,25.87
2025-11-17,แก๊สโซฮอล์ 95 (E10),,,,,,,31.85
2025-11-17,แก๊สโซฮอล์ 91,,,,,,,31.48
2025-11-17,แก๊สโซฮอล์ E20,,,,,,,29.64
2025-11-17,แก๊สโซฮอล์ E85,,,,,,,27.59
2025-11-17,เบนซิน 95,,,,,,,40.14
2025-11-17,ดีเซล B7,,,,,,,30.94
2025-11-17,lpg,,,,,,,25.87
2025-11-14,แก๊สโซฮอล์ 95 (E10),,,,,,,31.85
2025-11-14,แก๊สโซฮอล์ 91,,,,,,,31.48
2025-11-14,แก๊สโซฮอล์ E20,,,,,,,29.64
2025-11-14,แก๊สโซฮอล์ E85,,,,,,,27.59
2025-11-14,เบนซิน 95,,,,,,,40.14
2025-11-14,ดีเซล B7,,,,,,,30.94
2025-11-14,lpg,,,,,,,25.87
2025-11-13,แก๊สโซฮอล์ 95 (E10),,,,,,,31.85
2025-11-13,แก๊สโซฮอล์ 91,,,,,,,31.48
2025-11-13,แก๊สโซฮอล์ E20,,,,,,,29.64
2025-11-13,แก๊สโซฮอล์ E85,,,,,,,27.59
2025-11-13,เบนซิน 95,,,,,,,40.14
2025-11-13,ดีเซล B7,,,,,,,30.94
2025-11-13,lpg,,,,,,,25.87
2025-11-12,แก๊สโซฮอล์ 95 (E10),,,,,,,31.85
2025-11-12,แก๊สโซฮอล์ 91,,,,,,,31.48
2025-11-12,แก๊สโซฮอล์ E20,,,,,,,29.64
2025-11-12,แก๊สโซฮอล์ E85,,,,,,,27.59
2025-11-12,เบนซิน 95,,,,,,,40.14
2025-11-12,ดีเซล B7,,,,,,,30.94
2025-11-12,lpg,,,,,,,25.87
2025-11-11,แก๊สโซฮอล์ 95 (E10),,,,,,,31.85
2025-11-11,แก๊สโซฮอล์ 91,,,,,,,31.48
2025-11-11,แก๊สโซฮอล์ E20,,,,,,,29.64
2025-11-11,แก๊สโซฮอล์ E85,,,,,,,27.59
2025-11-11,เบนซิน 95,,,,,,,40.14
2025-11-11,ดีเซล B7,,,,,,,30.94
2025-11-11,lpg,,,,,,,25.87
2025-11-10,แก๊สโซฮอล์ 95 (E10),,,,,,,31.85
2025-11-10,แก๊สโซฮอล์ 91,,,,,,,31.48
2025-11-10,แก๊สโซฮอล์ E20,,,,,,,29.64
2025-11-10,แก๊สโซฮอล์ E85,,,,,,,27.59
2025-11-10,เบนซิน 95,,,,,,,40.14
2025-11-10,ดีเซล B7,,,,,,,30.94
2025-11-10,lpg,,,,,,,25.87
2025-11-07,แก๊สโซฮอล์ 95 (E10),,,,,,,31.85
2025-11-07,แก๊สโซฮอล์ 91,,,,,,,31.48
2025-11-07,แก๊สโซฮอล์ E20,,,,,,,29.64
2025-11-07,แก๊สโซฮอล์ E85,,,,,,,27.59
2025-11-07,เบนซิน 95,,,,,,,40.14
2025-11-07,ดีเซล B7,,,,,,,30.94
2025-11-07,lpg,,,,,,,25.87
2025-11-06,แก๊สโซฮอล์ 95 (E10),,,,,,,31.85
2025-11-06,แก๊สโซฮอล์ 91,,,,,,,31.48
2025-11-06,แก๊สโซฮอล์ E20,,,,,,,29.64
2025-11-06,แก๊สโซฮอล์ E85,,,,,,,27.59
2025-11-06,เบนซิน 95,,,,,,,40.14
2025-11-06,ดีเซล B7,,,,,,,30.94
2025-11-06,lpg,,,,,,,25.87
2025-11-05,แก๊สโซฮอล์ 95 (E10),,,,,,,31.85
2025-11-05,แก๊สโซฮอล์ 91,,,,,,,31.48
2025-11-05,แก๊สโซฮอล์ E20,,,,,,,29.64
2025-11-05,แก๊สโซฮอล์ E85,,,,,,,27.59
2025-11-05,เบนซิน 95,,,,,,,40.14
2025-11-05,ดีเซล B7,,,,,,,30.94
2025-11-05,lpg,,,,,,,25.87
2025-11-04,แก๊สโซฮอล์ 95 (E10),,,,,,,31.85
2025-11-04,แก๊สโซฮอล์ 91,,,,,,,31.48
2025-11-04,แก๊สโซฮอล์ E20,,,,,,,29.64
2025-11-04,แก๊สโซฮอล์ E85,,,,,,,27.59
2025-11-04,เบนซิน 95,,,,,,,40.14
2025-11-04,ดีเซล B7,,,,,,,30.94
2025-11-04,lpg,,,,,,,25.87
2025-11-03,แก๊สโซฮอล์ 95 (E10),,,,,,,31.85
2025-11-03,แก๊สโซฮอล์ 91,,,,,,,31.48
2025-11-03,แก๊สโซฮอล์ E20,,,,,,,29.64
2025-11-03,แก๊สโซฮอล์ E85,,,,,,,27.59
2025-11-03,เบนซิน 95,,,,,,,40.14
2025-11-03,ดีเซล B7,,,,,,,30.94
2025-11-03,lpg,,,,,,,25.87
2025-10-31,แก๊สโซฮอล์ 95 (E10),,,,,,,31.85
2025-10-31,แก๊สโซฮอล์ 91,,,,,,,31.48
2025-10-31,แก๊สโซฮอล์ E20,,,,,,,29.64
2025-10-31,แก๊สโซฮอล์ E85,,,,,,,27.59
2025-10-31,เบนซิน 95,,,,,,,40.14
2025-10-31,ดีเซล B7,,,,,,,30.94
2025-10-31,lpg,,,,,,,25.87
2025-10-30,แก๊สโซฮอล์ 95 (E10),,,,,,,31.85
2025-10-30,แก๊สโซฮอล์ 91,,,,,,,31.48
2025-10-30,แก๊สโซฮอล์ E20,,,,,,,29.64
2025-10-30,แก๊สโซฮอล์ E85,,,,,,,27.59
2025-10-30,เบนซิน 95,,,,,,,40.14
2025-10-30,ดีเซล B7,,,,,,,30.94
2025-10-30,lpg,,,,,,,25.87
2025-10-29,แก๊สโซฮอล์ 95 (E10),,,,,,,31.85
2025-10-29,แก๊สโซฮอล์ 91,,,,,,,31.48
2025-10-29,แก๊สโซฮอล์ E20,,,,,,,29.64
2025-10-29,แก๊สโซฮอล์ E85,,,,,,,27.59
2025-10-29,เบนซิน 95,,,,,,,40.14
2025-10-29,ดีเซล B7,,,,,,,30.94
2025-10-29,lpg,,,,,,,25.87
2025-10-28,แก๊สโซฮอล์ 95 (E10),,,,,,,31.85
2025-10-28,แก๊สโซฮอล์ 91,,,,,,,31.48
2025-10-28,แก๊สโซฮอล์ E20,,,,,,,29.64
2025-10-28,แก๊สโซฮอล์ E85,,,,,,,27.59
2025-10-28,เบนซิน 95,,,,,,,40.14
2025-10-28,ดีเซล B7,,,,,,,30.94
2025-10-28,lpg,,,,,,,25.87
2025-10-27,แก๊สโซฮอล์ 95 (E10),,,,,,,31.85
2025-10-27,แก๊สโซฮอล์ 91,,,,,,,31.48
2025-10-27,แก๊สโซฮอล์ E20,,,,,,,29.64
2025-10-27,แก๊สโซฮอล์ E85,,,,,,,27.59
2025-10-27,เบนซิน 95,,,,,,,40.14
2025-10-27,ดีเซล B7,,,,,,,30.94
2025-10-27,lpg,,,,,,,25.87
2025-10-24,แก๊สโซฮอล์ 95 (E10),,,,,,,31.85
2025-10-24,แก๊สโซฮอล์ 91,,,,,,,31.48
2025-10-24,แก๊สโซฮอล์ E20,,,,,,,29.64
2025-10-24,แก๊สโซฮอล์ E85,,,,,,,27.59
2025-10-24,เบนซิน 95,,,,,,,40.14
2025-10-24,ดีเซล B7,,,,,,,30.94
2025-10-24,lpg,,,,,,,25.87
2025-10-22,แก๊สโซฮอล์ 95 (E10),,,,,,,31.85
2025-10-22,แก๊สโซฮอล์ 91,,,,,,,31.48
2025-10-22,แก๊สโซฮอล์ E20,,,,,,,29.64
2025-10-22,แก๊สโซฮอล์ E85,,,,,,,27.59
2025-10-22,เบนซิน 95,,,,,,,40.14
2025-10-22,ดีเซล B7,,,,,,,30.94
2025-10-22,lpg,,,,,,,25.87
2025-10-21,แก๊สโซฮอล์ 95 (E10),,,,,,,31.85
2025-10-21,แก๊สโซฮอล์ 91,,,,,,,31.48
2025-10-21,แก๊สโซฮอล์ E20,,,,,,,29.64
2025-10-21,แก๊สโซฮอล์ E85,,,,,,,27.59
2025-10-21,เบนซิน 95,,,,,,,40.14
2025-10-21,ดีเซล B7,,,,,,,30.94
2025-10-21,lpg,,,,,,,25.87
2025-10-20,แก๊สโซฮอล์ 95 (E10),,,,,,,32.15
2025-10-20,แก๊สโซฮอล์ 91,,,,,,,31.78
2025-10-20,แก๊สโซฮอล์ E20,,,,,,,29.94
2025-10-20,แก๊สโซฮอล์ E85,,,,,,,27.89
2025-10-20,เบนซิน 95,,,,,,,40.44
2025-10-20,ดีเซล B7,,,,,,,31.44
2025-10-20,lpg,,,,,,,25.87
2025-10-17,แก๊สโซฮอล์ 95 (E10),,,,,,,32.15
2025-10-17,แก๊สโซฮอล์ 91,,,,,,,31.78
2025-10-17,แก๊สโซฮอล์ E20,,,,,,,29.94
2025-10-17,แก๊สโซฮอล์ E85,,,,,,,27.89
2025-10-17,เบนซิน 95,,,,,,,40.44
2025-10-17,ดีเซล B7,,,,,,,31.44
2025-10-17,lpg,,,,,,,25.87
2025-10-16,แก๊สโซฮอล์ 95 (E10),,,,,,,32.15
2025-10-16,แก๊สโซฮอล์ 91,,,,,,,31.78
2025-10-16,แก๊สโซฮอล์ E20,,,,,,,29.94
2025-10-16,แก๊สโซฮอล์ E85,,,,,,,27.89
2025-10-16,เบนซิน 95,,,,,,,40.44
2025-10-16,ดีเซล B7,,,,,,,31.44
2025-10-16,lpg,,,,,,,25.87
2025-10-15,แก๊สโซฮอล์ 95 (E10),,,,,,,32.15
2025-10-15,แก๊สโซฮอล์ 91,,,,,,,31.78
2025-10-15,แก๊สโซฮอล์ E20,,,,,,,29.94
2025-10-15,แก๊สโซฮอล์ E85,,,,,,,27.89
2025-10-15,เบนซิน 95,,,,,,,40.44
2025-10-15,ดีเซล B7,,,,,,,31.44
2025-10-15,lpg,,,,,,,25.87
2025-10-14,แก๊สโซฮอล์ 95 (E10),,,,,,,32.15
2025-10-14,แก๊สโซฮอล์ 91,,,,,,,31.78
2025-10-14,แก๊สโซฮอล์ E20,,,,,,,29.94
2025-10-14,แก๊สโซฮอล์ E85,,,,,,,27.89
2025-10-14,เบนซิน 95,,,,,,,40.44
2025-10-14,ดีเซล B7,,,,,,,31.44
2025-10-14,lpg,,,,,,,25.87
2025-10-10,แก๊สโซฮอล์ 95 (E10),,,,,,,32.15
2025-10-10,แก๊สโซฮอล์ 91,,,,,,,31.78
2025-10-10,แก๊สโซฮอล์ E20,,,,,,,29.94
2025-10-10,แก๊สโซฮอล์ E85,,,,,,,27.89
2025-10-10,เบนซิน 95,,,,,,,40.44
2025-10-10,ดีเซล B7,,,,,,,31.44
2025-10-10,lpg,,,,,,,25.87
2025-10-09,แก๊สโซฮอล์ 95 (E10),,,,,,,32.15
2025-10-09,แก๊สโซฮอล์ 91,,,,,,,31.78
2025-10-09,แก๊สโซฮอล์ E20,,,,,,,29.94
2025-10-09,แก๊สโซฮอล์ E85,,,,,,,27.89
2025-10-09,เบนซิน 95,,,,,,,40.44
2025-10-09,ดีเซล B7,,,,,,,31.44
2025-10-09,lpg,,,,,,,25.87
2025-10-08,แก๊สโซฮอล์ 95 (E10),,,,,,,32.15
2025-10-08,แก๊สโซฮอล์ 91,,,,,,,31.78
2025-10-08,แก๊สโซฮอล์ E20,,,,,,,29.94
2025-10-08,แก๊สโซฮอล์ E85,,,,,,,27.89
2025-10-08,เบนซิน 95,,,,,,,40.44
2025-10-08,ดีเซล B7,,,,,,,31.44
2025-10-08,lpg,,,,,,,25.87
2025-10-07,แก๊สโซฮอล์ 95 (E10),,,,,,,32.15
2025-10-07,แก๊สโซฮอล์ 91,,,,,,,31.78
2025-10-07,แก๊สโซฮอล์ E20,,,,,,,29.94
2025-10-07,แก๊สโซฮอล์ E85,,,,,,,27.89
2025-10-07,เบนซิน 95,,,,,,,40.44
2025-10-07,ดีเซล B7,,,,,,,31.44
2025-10-07,lpg,,,,,,,25.87
2025-10-06,แก๊สโซฮอล์ 95 (E10),,,,,,,32.15
2025-10-06,แก๊สโซฮอล์ 91,,,,,,,31.78
2025-10-06,แก๊สโซฮอล์ E20,,,,,,,29.94
2025-10-06,แก๊สโซฮอล์ E85,,,,,,,27.89
2025-10-06,เบนซิน 95,,,,,,,40.44
2025-10-06,ดีเซล B7,,,,,,,31.44
2025-10-06,lpg,,,,,,,25.87
2025-10-03,แก๊สโซฮอล์ 95 (E10),,,,,,,32.65
2025-10-03,แก๊สโซฮอล์ 91,,,,,,,32.28
2025-10-03,แก๊สโซฮอล์ E20,,,,,,,30.44
2025-10-03,แก๊สโซฮอล์ E85,,,,,,,28.39
2025-10-03,เบนซิน 95,,,,,,,40.94
2025-10-03,ดีเซล B7,,,,,,,31.94
2025-10-03,lpg,,,,,,,25.87
2025-10-02,แก๊สโซฮอล์ 95 (E10),,,,,,,32.65
2025-10-02,แก๊สโซฮอล์ 91,,,,,,,32.28
2025-10-02,แก๊สโซฮอล์ E20,,,,,,,30.44
2025-10-02,แก๊สโซฮอล์ E85,,,,,,,28.39
2025-10-02,เบนซิน 95,,,,,,,40.94
2025-10-02,ดีเซล B7,,,,,,,31.94
2025-10-02,lpg,,,,,,,25.87
2025-10-01,แก๊สโซฮอล์ 95 (E10),,,,,,,32.65
2025-10-01,แก๊สโซฮอล์ 91,,,,,,,32.28
2025-10-01,แก๊สโซฮอล์ E20,,,,,,,30.44
2025-10-01,แก๊สโซฮอล์ E85,,,,,,,28.39
2025-10-01,เบนซิน 95,,,,,,,40.94
2025-10-01,ดีเซล B7,,,,,,,31.94
2025-10-01,lpg,,,,,,,25.87
2025-09-30,แก๊สโซฮอล์ 95 (E10),,,,,,,32.65
2025-09-30,แก๊สโซฮอล์ 91,,,,,,,32.28
2025-09-30,แก๊สโซฮอล์ E20,,,,,,,30.44
2025-09-30,แก๊สโซฮอล์ E85,,,,,,,28.39
2025-09-30,เบนซิน 95,,,,,,,40.94
2025-09-30,ดีเซล B7,,,,,,,31.94
2025-09-30,lpg,,,,,,,25.87
2025-09-29,แก๊สโซฮอล์ 95 (E10),,,,,,,32.65
2025-09-29,แก๊สโซฮอล์ 91,,,,,,,32.28
2025-09-29,แก๊สโซฮอล์ E20,,,,,,,30.44
2025-09-29,แก๊สโซฮอล์ E85,,,,,,,28.39
2025-09-29,เบนซิน 95,,,,,,,40.94
2025-09-29,ดีเซล B7,,,,,,,31.94
2025-09-29,lpg,,,,,,,25.87
2025-09-26,แก๊สโซฮอล์ 95 (E10),,,,,,,32.65
2025-09-26,แก๊สโซฮอล์ 91,,,,,,,32.28
2025-09-26,แก๊สโซฮอล์ E20,,,,,,,30.44
2025-09-26,แก๊สโซฮอล์ E85,,,,,,,28.39
2025-09-26,เบนซิน 95,,,,,,,40.94
2025-09-26,ดีเซล B7,,,,,,,31.94
2025-09-26,lpg,,,,,,,25.87
2025-09-25,แก๊สโซฮอล์ 95 (E10),,,,,,,32.65
2025-09-25,แก๊สโซฮอล์ 91,,,,,,,32.28
2025-09-25,แก๊สโซฮอล์ E20,,,,,,,30.44
2025-09-25,แก๊สโซฮอล์ E85,,,,,,,28.39
2025-09-25,เบนซิน 95,,,,,,,40.94
2025-09-25,ดีเซล B7,,,,,,,31.94
2025-09-25,lpg,,,,,,,25.87
2025-09-24,แก๊สโซฮอล์ 95 (E10),,,,,,,32.65
2025-09-24,แก๊สโซฮอล์ 91,,,,,,,32.28
2025-09-24,แก๊สโซฮอล์ E20,,,,,,,30.44
2025-09-24,แก๊สโซฮอล์ E85,,,,,,,28.39
2025-09-24,เบนซิน 95,,,,,,,40.94
2025-09-24,ดีเซล B7,,,,,,,31.94
2025-09-24,lpg,,,,,,,25.87
2025-09-23,แก๊สโซฮอล์ 95 (E10),,,,,,,32.95
2025-09-23,แก๊สโซฮอล์ 91,,,,,,,32.58
2025-09-23,แก๊สโซฮอล์ E20,,,,,,,30.74
2025-09-23,แก๊สโซฮอล์ E85,,,,,,,28.69
2025-09-23,เบนซิน 95,,,,,,,41.24
2025-09-23,ดีเซล B7,,,,,,,31.94
2025-09-23,lpg,,,,,,,25.87
2025-09-22,แก๊สโซฮอล์ 95 (E10),,,,,,,32.95
2025-09-22,แก๊สโซฮอล์ 91,,,,,,,32.58
2025-09-22,แก๊สโซฮอล์ E20,,,,,,,30.74
2025-09-22,แก๊สโซฮอล์ E85,,,,,,,28.69
2025-09-22,เบนซิน 95,,,,,,,41.24
2025-09-22,ดีเซล B7,,,,,,,31.94
2025-09-22,lpg,,,,,,,25.87
2025-09-19,แก๊สโซฮอล์ 95 (E10),,,,,,,32.95
2025-09-19,แก๊สโซฮอล์ 91,,,,,,,32.58
2025-09-19,แก๊สโซฮอล์ E20,,,,,,,30.74
2025-09-19,แก๊สโซฮอล์ E85,,,,,,,28.69
2025-09-19,เบนซิน 95,,,,,,,41.24
2025-09-19,ดีเซล B7,,,,,,,31.94
2025-09-19,lpg,,,,,,,25.87
2025-09-18,แก๊สโซฮอล์ 95 (E10),,,,,,,32.95
2025-09-18,แก๊สโซฮอล์ 91,,,,,,,32.58
2025-09-18,แก๊สโซฮอล์ E20,,,,,,,30.74
2025-09-18,แก๊สโซฮอล์ E85,,,,,,,28.69
2025-09-18,เบนซิน 95,,,,,,,41.24
2025-09-18,ดีเซล B7,,,,,,,31.94
2025-09-18,lpg,,,,,,,25.87
2025-09-17,แก๊สโซฮอล์ 95 (E10),,,,,,,32.95
2025-09-17,แก๊สโซฮอล์ 91,,,,,,,32.58
2025-09-17,แก๊สโซฮอล์ E20,,,,,,,30.74
2025-09-17,แก๊สโซฮอล์ E85,,,,,,,28.69
2025-09-17,เบนซิน 95,,,,,,,41.24
2025-09-17,ดีเซล B7,,,,,,,31.94
2025-09-17,lpg,,,,,,,25.87
2025-09-16,แก๊สโซฮอล์ 95 (E10),,,,,,,32.95
2025-09-16,แก๊สโซฮอล์ 91,,,,,,,32.58
2025-09-16,แก๊สโซฮอล์ E20,,,,,,,30.74
2025-09-16,แก๊สโซฮอล์ E85,,,,,,,28.69
2025-09-16,เบนซิน 95,,,,,,,41.24
2025-09-16,ดีเซล B7,,,,,,,31.94
2025-09-16,lpg,,,,,,,25.87
2025-09-15,แก๊สโซฮอล์ 95 (E10),,,,,,,32.95
2025-09-15,แก๊สโซฮอล์ 91,,,,,,,32.58
2025-09-15,แก๊สโซฮอล์ E20,,,,,,,30.74
2025-09-15,แก๊สโซฮอล์ E85,,,,,,,28.69
2025-09-15,เบนซิน 95,,,,,,,41.24
2025-09-15,ดีเซล B7,,,,,,,31.94
2025-09-15,lpg,,,,,,,25.87
2025-09-12,แก๊สโซฮอล์ 95 (E10),,,,,,,32.95
2025-09-12,แก๊สโซฮอล์ 91,,,,,,,32.58
2025-09-12,แก๊สโซฮอล์ E20,,,,,,,30.74
2025-09-12,แก๊สโซฮอล์ E85,,,,,,,28.69
2025-09-12,เบนซิน 95,,,,,,,41.24
2025-09-12,ดีเซล B7,,,,,,,31.94
2025-09-12,lpg,,,,,,,25.87
2025-09-11,แก๊สโซฮอล์ 95 (E10),,,,,,,32.95
2025-09-11,แก๊สโซฮอล์ 91,,,,,,,32.58
2025-09-11,แก๊สโซฮอล์ E20,,,,,,,30.74
2025-09-11,แก๊สโซฮอล์ E85,,,,,,,28.69
2025-09-11,เบนซิน 95,,,,,,,41.24
2025-09-11,ดีเซล B7,,,,,,,31.94
2025-09-11,lpg,,,,,,,25.87
2025-09-10,แก๊สโซฮอล์ 95 (E10),,,,,,,32.95
2025-09-10,แก๊สโซฮอล์ 91,,,,,,,32.58
2025-09-10,แก๊สโซฮอล์ E20,,,,,,,30.74
2025-09-10,แก๊สโซฮอล์ E85,,,,,,,28.69
2025-09-10,เบนซิน 95,,,,,,,41.24
2025-09-10,ดีเซล B7,,,,,,,31.94
2025-09-10,lpg,,,,,,,25.87
2025-09-09,แก๊สโซฮอล์ 95 (E10),,,,,,,32.95
2025-09-09,แก๊สโซฮอล์ 91,,,,,,,32.58
2025-09-09,แก๊สโซฮอล์ E20,,,,,,,30.74
2025-09-09,แก๊สโซฮอล์ E85,,,,,,,28.69
2025-09-09,เบนซิน 95,,,,,,,41.24
2025-09-09,ดีเซล B7,,,,,,,31.94
2025-09-09,lpg,,,,,,,25.87
2025-09-08,แก๊สโซฮอล์ 95 (E10),,,,,,,32.95
2025-09-08,แก๊สโซฮอล์ 91,,,,,,,32.58
2025-09-08,แก๊สโซฮอล์ E20,,,,,,,30.74
2025-09-08,แก๊สโซฮอล์ E85,,,,,,,28.69
2025-09-08,เบนซิน 95,,,,,,,41.24
2025-09-08,ดีเซล B7,,,,,,,31.94
2025-09-08,lpg,,,,,,,25.87
2025-09-05,แก๊สโซฮอล์ 95 (E10),,,,,,,32.95
2025-09-05,แก๊สโซฮอล์ 91,,,,,,,32.58
2025-09-05,แก๊สโซฮอล์ E20,,,,,,,30.74
2025-09-05,แก๊สโซฮอล์ E85,,,,,,,28.69
2025-09-05,เบนซิน 95,,,,,,,41.24
2025-09-05,ดีเซล B7,,,,,,,31.94
2025-09-05,lpg,,,,,,,25.87
2025-09-04,แก๊สโซฮอล์ 95 (E10),,,,,,,32.95
2025-09-04,แก๊สโซฮอล์ 91,,,,,,,32.58
2025-09-04,แก๊สโซฮอล์ E20,,,,,,,30.74
2025-09-04,แก๊สโซฮอล์ E85,,,,,,,28.69
2025-09-04,เบนซิน 95,,,,,,,41.24
2025-09-04,ดีเซล B7,,,,,,,31.94
2025-09-04,lpg,,,,,,,25.87
2025-09-03,แก๊สโซฮอล์ 95 (E10),,,,,,,32.95
2025-09-03,แก๊สโซฮอล์ 91,,,,,,,32.58
2025-09-03,แก๊สโซฮอล์ E20,,,,,,,30.74
2025-09-03,แก๊สโซฮอล์ E85,,,,,,,28.69
2025-09-03,เบนซิน 95,,,,,,,41.24
2025-09-03,ดีเซล B7,,,,,,,31.94
2025-09-03,lpg,,,,,,,25.87
2025-09-02,แก๊สโซฮอล์ 95 (E10),,,,,,,32.95
2025-09-02,แก๊สโซฮอล์ 91,,,,,,,32.58
2025-09-02,แก๊สโซฮอล์ E20,,,,,,,30.74
2025-09-02,แก๊สโซฮอล์ E85,,,,,,,28.69
2025-09-02,เบนซิน 95,,,,,,,41.24
2025-09-02,ดีเซล B7,,,,,,,31.94
2025-09-02,lpg,,,,,,,25.87
2025-09-01,แก๊สโซฮอล์ 95 (E10),,,,,,,32.95
2025-09-01,แก๊สโซฮอล์ 91,,,,,,,32.58
2025-09-01,แก๊สโซฮอล์ E20,,,,,,,30.74
2025-09-01,แก๊สโซฮอล์ E85,,,,,,,28.69
2025-09-01,เบนซิน 95,,,,,,,41.24
2025-09-01,ดีเซล B7,,,,,,,31.94
2025-09-01,lpg,,,,,,,25.87
2025-08-29,แก๊สโซฮอล์ 95 (E10),,,,,,,32.95
2025-08-29,แก๊สโซฮอล์ 91,,,,,,,32.58
2025-08-29,แก๊สโซฮอล์ E20,,,,,,,30.74
2025-08-29,แก๊สโซฮอล์ E85,,,,,,,28.69
2025-08-29,เบนซิน 95,,,,,,,41.24
2025-08-29,ดีเซล B7,,,,,,,31.94
2025-08-29,lpg,,,,,,,25.87
2025-08-28,แก๊สโซฮอล์ 95 (E10),,,,,,,32.95
2025-08-28,แก๊สโซฮอล์ 91,,,,,,,32.58
2025-08-28,แก๊สโซฮอล์ E20,,,,,,,30.74
2025-08-28,แก๊สโซฮอล์ E85,,,,,,,28.69
2025-08-28,เบนซิน 95,,,,,,,41.24
2025-08-28,ดีเซล B7,,,,,,,31.94
2025-08-28,lpg,,,,,,,25.87
2025-08-27,แก๊สโซฮอล์ 95 (E10),,,,,,,32.95
2025-08-27,แก๊สโซฮอล์ 91,,,,,,,32.58
2025-08-27,แก๊สโซฮอล์ E20,,,,,,,30.74
2025-08-27,แก๊สโซฮอล์ E85,,,,,,,28.69
2025-08-27,เบนซิน 95,,,,,,,41.24
2025-08-27,ดีเซล B7,,,,,,,31.94
2025-08-27,lpg,,,,,,,25.87
2025-08-26,แก๊สโซฮอล์ 95 (E10),,,,,,,32.95
2025-08-26,แก๊สโซฮอล์ 91,,,,,,,32.58
2025-08-26,แก๊สโซฮอล์ E20,,,,,,,30.74
2025-08-26,แก๊สโซฮอล์ E85,,,,,,,28.69
2025-08-26,เบนซิน 95,,,,,,,41.24
2025-08-26,ดีเซล B7,,,,,,,31.94
2025-08-26,lpg,,,,,,,25.87
2025-08-25,แก๊สโซฮอล์ 95 (E10),,,,,,,32.95
2025-08-25,แก๊สโซฮอล์ 91,,,,,,,32.58
2025-08-25,แก๊สโซฮอล์ E20,,,,,,,30.74
2025-08-25,แก๊สโซฮอล์ E85,,,,,,,28.69
2025-08-25,เบนซิน 95,,,,,,,41.24
2025-08-25,ดีเซล B7,,,,,,,31.94
2025-08-25,lpg,,,,,,,25.87
2025-08-22,แก๊สโซฮอล์ 95 (E10),,,,,,,32.95
2025-08-22,แก๊สโซฮอล์ 91,,,,,,,32.58
2025-08-22,แก๊สโซฮอล์ E20,,,,,,,30.74
2025-08-22,แก๊สโซฮอล์ E85,,,,,,,28.69
2025-08-22,เบนซิน 95,,,,,,,41.24
2025-08-22,ดีเซล B7,,,,,,,31.94
2025-08-22,lpg,,,,,,,25.87
2025-08-21,แก๊สโซฮอล์ 95 (E10),,,,,,,32.55
2025-08-21,แก๊สโซฮอล์ 91,,,,,,,32.18
2025-08-21,แก๊สโซฮอล์ E20,,,,,,,30.34
2025-08-21,แก๊สโซฮอล์ E85,,,,,,,28.69
2025-08-21,เบนซิน 95,,,,,,,40.84
2025-08-21,ดีเซล B7,,,,,,,31.94
2025-08-21,lpg,,,,,,,25.87
2025-08-20,แก๊สโซฮอล์ 95 (E10),,,,,,,32.55
2025-08-20,แก๊สโซฮอล์ 91,,,,,,,32.18
2025-08-20,แก๊สโซฮอล์ E20,,,,,,,30.34
2025-08-20,แก๊สโซฮอล์ E85,,,,,,,28.69
2025-08-20,เบนซิน 95,,,,,,,40.84
2025-08-20,ดีเซล B7,,,,,,,31.94
2025-08-20,lpg,,,,,,,25.87
2025-08-19,แก๊สโซฮอล์ 95 (E10),,,,,,,32.55
2025-08-19,แก๊สโซฮอล์ 91,,,,,,,32.18
2025-08-19,แก๊สโซฮอล์ E20,,,,,,,30.34
2025-08-19,แก๊สโซฮอล์ E85,,,,,,,28.69
2025-08-19,เบนซิน 95,,,,,,,40.84
2025-08-19,ดีเซล B7,,,,,,,31.94
2025-08-19,lpg,,,,,,,25.87
2025-08-18,แก๊สโซฮอล์ 95 (E10),,,,,,,32.55
2025-08-18,แก๊สโซฮอล์ 91,,,,,,,32.18
2025-08-18,แก๊สโซฮอล์ E20,,,,,,,30.34
2025-08-18,แก๊สโซฮอล์ E85,,,,,,,28.69
2025-08-18,เบนซิน 95,,,,,,,40.84
2025-08-18,ดีเซล B7,,,,,,,31.94
2025-08-18,lpg,,,,,,,25.87
2025-08-15,แก๊สโซฮอล์ 95 (E10),,,,,,,32.55
2025-08-15,แก๊สโซฮอล์ 91,,,,,,,32.18
2025-08-15,แก๊สโซฮอล์ E20,,,,,,,30.34
2025-08-15,แก๊สโซฮอล์ E85,,,,,,,28.69
2025-08-15,เบนซิน 95,,,,,,,40.84
2025-08-15,ดีเซล B7,,,,,,,31.94
2025-08-15,lpg,,,,,,,25.87
2025-08-14,แก๊สโซฮอล์ 95 (E10),,,,,,,32.55
2025-08-14,แก๊สโซฮอล์ 91,,,,,,,32.18
2025-08-14,แก๊สโซฮอล์ E20,,,,,,,30.34
2025-08-14,แก๊สโซฮอล์ E85,,,,,,,28.69
2025-08-14,เบนซิน 95,,,,,,,40.84
2025-08-14,ดีเซล B7,,,,,,,31.94
2025-08-14,lpg,,,,,,,25.87
2025-08-13,แก๊สโซฮอล์ 95 (E10),,,,,,,32.55
2025-08-13,แก๊สโซฮอล์ 91,,,,,,,32.18
2025-08-13,แก๊สโซฮอล์ E20,,,,,,,30.34
2025-08-13,แก๊สโซฮอล์ E85,,,,,,,28.69
2025-08-13,เบนซิน 95,,,,,,,40.84
2025-08-13,ดีเซล B7,,,,,,,31.94
2025-08-13,lpg,,,,,,,25.87
2025-08-08,แก๊สโซฮอล์ 95 (E10),,,,,,,32.85
2025-08-08,แก๊สโซฮอล์ 91,,,,,,,32.48
2025-08-08,แก๊สโซฮอล์ E20,,,,,,,30.64
2025-08-08,แก๊สโซฮอล์ E85,,,,,,,28.99
2025-08-08,เบนซิน 95,,,,,,,41.14
2025-08-08,ดีเซล B7,,,,,,,31.94
2025-08-08,lpg,,,,,,,25.87
2025-08-07,แก๊สโซฮอล์ 95 (E10),,,,,,,32.85
2025-08-07,แก๊สโซฮอล์ 91,,,,,,,32.48
2025-08-07,แก๊สโซฮอล์ E20,,,,,,,30.64
2025-08-07,แก๊สโซฮอล์ E85,,,,,,,28.99
2025-08-07,เบนซิน 95,,,,,,,41.14
2025-08-07,ดีเซล B7,,,,,,,31.94
2025-08-07,lpg,,,,,,,25.87
2025-08-06,แก๊สโซฮอล์ 95 (E10),,,,,,,32.85
2025-08-06,แก๊สโซฮอล์ 91,,,,,,,32.48
2025-08-06,แก๊สโซฮอล์ E20,,,,,,,30.64
2025-08-06,แก๊สโซฮอล์ E85,,,,,,,28.99
2025-08-06,เบนซิน 95,,,,,,,41.14
2025-08-06,ดีเซล B7,,,,,,,31.94
2025-08-06,lpg,,,,,,,25.87
2025-08-05,แก๊สโซฮอล์ 95 (E10),,,,,,,33.25
2025-08-05,แก๊สโซฮอล์ 91,,,,,,,32.88
2025-08-05,แก๊สโซฮอล์ E20,,,,,,,31.04
2025-08-05,แก๊สโซฮอล์ E85,,,,,,,29.39
2025-08-05,เบนซิน 95,,,,,,,41.54
2025-08-05,ดีเซล B7,,,,,,,31.94
2025-08-05,lpg,,,,,,,25.87
2025-08-04,แก๊สโซฮอล์ 95 (E10),,,,,,,32.85
2025-08-04,แก๊สโซฮอล์ 91,,,,,,,32.48
2025-08-04,แก๊สโซฮอล์ E20,,,,,,,30.64
2025-08-04,แก๊สโซฮอล์ E85,,,,,,,28.99
2025-08-04,เบนซิน 95,,,,,,,41.14
2025-08-04,ดีเซล B7,,,,,,,31.94
2025-08-04,lpg,,,,,,,25.87
2025-08-01,แก๊สโซฮอล์ 95 (E10),,,,,,,32.85
2025-08-01,แก๊สโซฮอล์ 91,,,,,,,32.48
2025-08-01,แก๊สโซฮอล์ E20,,,,,,,30.64
2025-08-01,แก๊สโซฮอล์ E85,,,,,,,28.99
2025-08-01,เบนซิน 95,,,,,,,41.14
2025-08-01,ดีเซล B7,,,,,,,31.94
2025-08-01,lpg,,,,,,,25.87
2025-07-31,แก๊สโซฮอล์ 95 (E10),,,,,,,32.45
2025-07-31,แก๊สโซฮอล์ 91,,,,,,,32.08
2025-07-31,แก๊สโซฮอล์ E20,,,,,,,30.24
2025-07-31,แก๊สโซฮอล์ E85,,,,,,,28.59
2025-07-31,เบนซิน 95,,,,,,,40.74
2025-07-31,ดีเซล B7,,,,,,,31.94
2025-07-31,lpg,,,,,,,25.87
2025-07-30,แก๊สโซฮอล์ 95 (E10),,,,,,,32.45
2025-07-30,แก๊สโซฮอล์ 91,,,,,,,32.08
2025-07-30,แก๊สโซฮอล์ E20,,,,,,,30.24
2025-07-30,แก๊สโซฮอล์ E85,,,,,,,28.59
2025-07-30,เบนซิน 95,,,,,,,40.74
2025-07-30,ดีเซล B7,,,,,,,31.94
2025-07-30,lpg,,,,,,,25.87
2025-07-29,แก๊สโซฮอล์ 95 (E10),,,,,,,32.45
2025-07-29,แก๊สโซฮอล์ 91,,,,,,,32.08
2025-07-29,แก๊สโซฮอล์ E20,,,,,,,30.24
2025-07-29,แก๊สโซฮอล์ E85,,,,,,,28.59
2025-07-29,เบนซิน 95,,,,,,,40.74
2025-07-29,ดีเซล B7,,,,,,,31.94
2025-07-29,lpg,,,,,,,25.87
2025-07-25,แก๊สโซฮอล์ 95 (E10),,,,,,,32.45
2025-07-25,แก๊สโซฮอล์ 91,,,,,,,32.08
2025-07-25,แก๊สโซฮอล์ E20,,,,,,,30.24
2025-07-25,แก๊สโซฮอล์ E85,,,,,,,28.59
2025-07-25,เบนซิน 95,,,,,,,40.74
2025-07-25,ดีเซล B7,,,,,,,31.94
2025-07-25,lpg,,,,,,,25.87
2025-07-24,แก๊สโซฮอล์ 95 (E10),,,,,,,32.45
2025-07-24,แก๊สโซฮอล์ 91,,,,,,,32.08
2025-07-24,แก๊สโซฮอล์ E20,,,,,,,30.24
2025-07-24,แก๊สโซฮอล์ E85,,,,,,,28.59
2025-07-24,เบนซิน 95,,,,,,,40.74
2025-07-24,ดีเซล B7,,,,,,,31.94
2025-07-24,lpg,,,,,,,25.87
2025-07-23,แก๊สโซฮอล์ 95 (E10),,,,,,,32.85
2025-07-23,แก๊สโซฮอล์ 91,,,,,,,32.48
2025-07-23,แก๊สโซฮอล์ E20,,,,,,,30.64
2025-07-23,แก๊สโซฮอล์ E85,,,,,,,28.99
2025-07-23,เบนซิน 95,,,,,,,41.14
2025-07-23,ดีเซล B7,,,,,,,31.94
2025-07-23,lpg,,,,,,,25.87
2025-07-22,แก๊สโซฮอล์ 95 (E10),,,,,,,32.85
2025-07-22,แก๊สโซฮอล์ 91,,,,,,,32.48
2025-07-22,แก๊สโซฮอล์ E20,,,,,,,30.64
2025-07-22,แก๊สโซฮอล์ E85,,,,,,,28.99
2025-07-22,เบนซิน 95,,,,,,,41.14
2025-07-22,ดีเซล B7,,,,,,,31.94
2025-07-22,lpg,,,,,,,25.87
2025-07-21,แก๊สโซฮอล์ 95 (E10),,,,,,,32.85
2025-07-21,แก๊สโซฮอล์ 91,,,,,,,32.48
2025-07-21,แก๊สโซฮอล์ E20,,,,,,,30.64
2025-07-21,แก๊สโซฮอล์ E85,,,,,,,28.99
2025-07-21,เบนซิน 95,,,,,,,41.14
2025-07-21,ดีเซล B7,,,,,,,31.94
2025-07-21,lpg,,,,,,,25.87
2025-07-18,แก๊สโซฮอล์ 95 (E10),,,,,,,32.85
2025-07-18,แก๊สโซฮอล์ 91,,,,,,,32.48
2025-07-18,แก๊สโซฮอล์ E20,,,,,,,30.64
2025-07-18,แก๊สโซฮอล์ E85,,,,,,,28.99
2025-07-18,เบนซิน 95,,,,,,,41.14
2025-07-18,ดีเซล B7,,,,,,,31.94
2025-07-18,lpg,,,,,,,25.87
2025-07-17,แก๊สโซฮอล์ 95 (E10),,,,,,,32.85
2025-07-17,แก๊สโซฮอล์ 91,,,,,,,32.48
2025-07-17,แก๊สโซฮอล์ E20,,,,,,,30.64
2025-07-17,แก๊สโซฮอล์ E85,,,,,,,28.99
2025-07-17,เบนซิน 95,,,,,,,41.14
2025-07-17,ดีเซล B7,,,,,,,31.94
2025-07-17,lpg,,,,,,,25.87
2025-07-16,แก๊สโซฮอล์ 95 (E10),,,,,,,32.85
2025-07-16,แก๊สโซฮอล์ 91,,,,,,,32.48
2025-07-16,แก๊สโซฮอล์ E20,,,,,,,30.64
2025-07-16,แก๊สโซฮอล์ E85,,,,,,,28.99
2025-07-16,เบนซิน 95,,,,,,,41.14
2025-07-16,ดีเซล B7,,,,,,,31.94
2025-07-16,lpg,,,,,,,25.87
2025-07-15,แก๊สโซฮอล์ 95 (E10),,,,,,,32.85
2025-07-15,แก๊สโซฮอล์ 91,,,,,,,32.48
2025-07-15,แก๊สโซฮอล์ E20,,,,,,,30.64
2025-07-15,แก๊สโซฮอล์ E85,,,,,,,28.99
2025-07-15,เบนซิน 95,,,,,,,41.14
2025-07-15,ดีเซล B7,,,,,,,31.94
2025-07-15,lpg,,,,,,,25.87
2025-07-14,แก๊สโซฮอล์ 95 (E10),,,,,,,32.85
2025-07-14,แก๊สโซฮอล์ 91,,,,,,,32.48
2025-07-14,แก๊สโซฮอล์ E20,,,,,,,30.64
2025-07-14,แก๊สโซฮอล์ E85,,,,,,,28.99
2025-07-14,เบนซิน 95,,,,,,,41.14
2025-07-14,ดีเซล B7,,,,,,,31.94
2025-07-14,lpg,,,,,,,25.87
2025-07-09,แก๊สโซฮอล์ 95 (E10),,,,,,,32.85
2025-07-09,แก๊สโซฮอล์ 91,,,,,,,32.48
2025-07-09,แก๊สโซฮอล์ E20,,,,,,,30.64
2025-07-09,แก๊สโซฮอล์ E85,,,,,,,28.99
2025-07-09,เบนซิน 95,,,,,,,41.14
2025-07-09,ดีเซล B7,,,,,,,31.94
2025-07-09,lpg,,,,,,,25.87
2025-07-08,แก๊สโซฮอล์ 95 (E10),,,,,,,32.85
2025-07-08,แก๊สโซฮอล์ 91,,,,,,,32.48
2025-07-08,แก๊สโซฮอล์ E20,,,,,,,30.64
2025-07-08,แก๊สโซฮอล์ E85,,,,,,,28.99
2025-07-08,เบนซิน 95,,,,,,,41.14
2025-07-08,ดีเซล B7,,,,,,,31.94
2025-07-08,lpg,,,,,,,25.87
2025-07-07,แก๊สโซฮอล์ 95 (E10),,,,,,,32.85
2025-07-07,แก๊สโซฮอล์ 91,,,,,,,32.48
2025-07-07,แก๊สโซฮอล์ E20,,,,,,,30.64
2025-07-07,แก๊สโซฮอล์ E85,,,,,,,28.99
2025-07-07,เบนซิน 95,,,,,,,41.14
2025-07-07,ดีเซล B7,,,,,,,31.94
2025-07-07,lpg,,,,,,,25.87
2025-07-04,แก๊สโซฮอล์ 95 (E10),,,,,,,32.85
2025-07-04,แก๊สโซฮอล์ 91,,,,,,,32.48
2025-07-04,แก๊สโซฮอล์ E20,,,,,,,30.64
2025-07-04,แก๊สโซฮอล์ E85,,,,,,,28.99
2025-07-04,เบนซิน 95,,,,,,,41.14
2025-07-04,ดีเซล B7,,,,,,,31.94
2025-07-04,lpg,,,,,,,25.87
2025-07-03,แก๊สโซฮอล์ 95 (E10),,,,,,,32.85
2025-07-03,แก๊สโซฮอล์ 91,,,,,,,32.48
2025-07-03,แก๊สโซฮอล์ E20,,,,,,,30.64
2025-07-03,แก๊สโซฮอล์ E85,,,,,,,28.99
2025-07-03,เบนซิน 95,,,,,,,41.14
2025-07-03,ดีเซล B7,,,,,,,31.94
2025-07-03,lpg,,,,,,,25.87
2025-07-02,แก๊สโซฮอล์ 95 (E10),,,,,,,32.85
2025-07-02,แก๊สโซฮอล์ 91,,,,,,,32.48
2025-07-02,แก๊สโซฮอล์ E20,,,,,,,30.64
2025-07-02,แก๊สโซฮอล์ E85,,,,,,,28.99
2025-07-02,เบนซิน 95,,,,,,,41.14
2025-07-02,ดีเซล B7,,,,,,,31.94
2025-07-02,lpg,,,,,,,25.87
2025-07-01,แก๊สโซฮอล์ 95 (E10),,,,,,,33.15
2025-07-01,แก๊สโซฮอล์ 91,,,,,,,32.78
2025-07-01,แก๊สโซฮอล์ E20,,,,,,,30.94
2025-07-01,แก๊สโซฮอล์ E85,,,,,,,29.29
2025-07-01,เบนซิน 95,,,,,,,41.44
2025-07-01,ดีเซล B7,,,,,,,31.94
2025-07-01,lpg,,,,,,,25.87
2025-06-30,แก๊สโซฮอล์ 95 (E10),,,,,,,33.15
2025-06-30,แก๊สโซฮอล์ 91,,,,,,,32.78
2025-06-30,แก๊สโซฮอล์ E20,,,,,,,30.94
2025-06-30,แก๊สโซฮอล์ E85,,,,,,,29.29
2025-06-30,เบนซิน 95,,,,,,,41.44
2025-06-30,ดีเซล B7,,,,,,,31.94
2025-06-30,lpg,,,,,,,25.87
2025-06-27,แก๊สโซฮอล์ 95 (E10),,,,,,,33.15
2025-06-27,แก๊สโซฮอล์ 91,,,,,,,32.78
2025-06-27,แก๊สโซฮอล์ E20,,,,,,,30.94
2025-06-27,แก๊สโซฮอล์ E85,,,,,,,29.29
2025-06-27,เบนซิน 95,,,,,,,41.44
2025-06-27,ดีเซล B7,,,,,,,31.94
2025-06-27,lpg,,,,,,,25.87
2025-06-26,แก๊สโซฮอล์ 95 (E10),,,,,,,33.15
2025-06-26,แก๊สโซฮอล์ 91,,,,,,,32.78
2025-06-26,แก๊สโซฮอล์ E20,,,,,,,30.94
2025-06-26,แก๊สโซฮอล์ E85,,,,,,,29.29
2025-06-26,เบนซิน 95,,,,,,,41.44
2025-06-26,ดีเซล B7,,,,,,,31.94
2025-06-26,lpg,,,,,,,26.94
2025-06-25,แก๊สโซฮอล์ 95 (E10),,,,,,,33.65
2025-06-25,แก๊สโซฮอล์ 91,,,,,,,33.28
2025-06-25,แก๊สโซฮอล์ E20,,,,,,,31.44
2025-06-25,แก๊สโซฮอล์ E85,,,,,,,29.79
2025-06-25,เบนซิน 95,,,,,,,41.94
2025-06-25,ดีเซล B7,,,,,,,31.94
2025-06-25,lpg,,,,,,,25.87
2025-06-24,แก๊สโซฮอล์ 95 (E10),,,,,,,33.65
2025-06-24,แก๊สโซฮอล์ 91,,,,,,,33.28
2025-06-24,แก๊สโซฮอล์ E20,,,,,,,31.44
2025-06-24,แก๊สโซฮอล์ E85,,,,,,,29.79
2025-06-24,เบนซิน 95,,,,,,,41.94
2025-06-24,ดีเซล B7,,,,,,,31.94
2025-06-24,lpg,,,,,,,25.87
2025-06-23,แก๊สโซฮอล์ 95 (E10),,,,,,,33.25
2025-06-23,แก๊สโซฮอล์ 91,,,,,,,32.88
2025-06-23,แก๊สโซฮอล์ E20,,,,,,,31.04
2025-06-23,แก๊สโซฮอล์ E85,,,,,,,29.39
2025-06-23,เบนซิน 95,,,,,,,41.54
2025-06-23,ดีเซล B7,,,,,,,31.94
2025-06-23,lpg,,,,,,,25.87
2025-06-20,แก๊สโซฮอล์ 95 (E10),,,,,,,33.25
2025-06-20,แก๊สโซฮอล์ 91,,,,,,,32.88
2025-06-20,แก๊สโซฮอล์ E20,,,,,,,31.04
2025-06-20,แก๊สโซฮอล์ E85,,,,,,,29.39
2025-06-20,เบนซิน 95,,,,,,,41.54
2025-06-20,ดีเซล B7,,,,,,,31.94
2025-06-20,lpg,,,,,,,25.87
2025-06-19,แก๊สโซฮอล์ 95 (E10),,,,,,,32.95
2025-06-19,แก๊สโซฮอล์ 91,,,,,,,32.58
2025-06-19,แก๊สโซฮอล์ E20,,,,,,,30.74
2025-06-19,แก๊สโซฮอล์ E85,,,,,,,29.09
2025-06-19,เบนซิน 95,,,,,,,41.24
2025-06-19,ดีเซล B7,,,,,,,31.94
2025-06-19,lpg,,,,,,,25.87
2025-06-18,แก๊สโซฮอล์ 95 (E10),,,,,,,32.95
2025-06-18,แก๊สโซฮอล์ 91,,,,,,,32.58
2025-06-18,แก๊สโซฮอล์ E20,,,,,,,30.74
2025-06-18,แก๊สโซฮอล์ E85,,,,,,,29.09
2025-06-18,เบนซิน 95,,,,,,,41.24
2025-06-18,ดีเซล B7,,,,,,,31.94
2025-06-18,lpg,,,,,,,25.87
2025-06-17,แก๊สโซฮอล์ 95 (E10),,,,,,,32.95
2025-06-17,แก๊สโซฮอล์ 91,,,,,,,32.58
2025-06-17,แก๊สโซฮอล์ E20,,,,,,,30.74
2025-06-17,แก๊สโซฮอล์ E85,,,,,,,29.09
2025-06-17,เบนซิน 95,,,,,,,41.24
2025-06-17,ดีเซล B7,,,,,,,31.94
2025-06-17,lpg,,,,,,,25.87
2025-06-16,แก๊สโซฮอล์ 95 (E10),,,,,,,32.95
2025-06-16,แก๊สโซฮอล์ 91,,,,,,,32.58
2025-06-16,แก๊สโซฮอล์ E20,,,,,,,30.74
2025-06-16,แก๊สโซฮอล์ E85,,,,,,,29.09
2025-06-16,เบนซิน 95,,,,,,,41.24
2025-06-16,ดีเซล B7,,,,,,,31.94
2025-06-16,lpg,,,,,,,25.87
2025-06-13,แก๊สโซฮอล์ 95 (E10),,,,,,,32.95
2025-06-13,แก๊สโซฮอล์ 91,,,,,,,32.58
2025-06-13,แก๊สโซฮอล์ E20,,,,,,,30.74
2025-06-13,แก๊สโซฮอล์ E85,,,,,,,29.09
2025-06-13,เบนซิน 95,,,,,,,41.24
2025-06-13,ดีเซล B7,,,,,,,31.94
2025-06-13,lpg,,,,,,,25.87
2025-06-12,แก๊สโซฮอล์ 95 (E10),,,,,,,32.55
2025-06-12,แก๊สโซฮอล์ 91,,,,,,,32.18
2025-06-12,แก๊สโซฮอล์ E20,,,,,,,30.34
2025-06-12,แก๊สโซฮอล์ E85,,,,,,,28.69
2025-06-12,เบนซิน 95,,,,,,,40.84
2025-06-12,ดีเซล B7,,,,,,,31.94
2025-06-12,lpg,,,,,,,25.87
2025-06-11,แก๊สโซฮอล์ 95 (E10),,,,,,,32.55
2025-06-11,แก๊สโซฮอล์ 91,,,,,,,32.18
2025-06-11,แก๊สโซฮอล์ E20,,,,,,,30.34
2025-06-11,แก๊สโซฮอล์ E85,,,,,,,28.69
2025-06-11,เบนซิน 95,,,,,,,40.84
2025-06-11,ดีเซล B7,,,,,,,31.94
2025-06-11,lpg,,,,,,,25.87
2025-06-10,แก๊สโซฮอล์ 95 (E10),,,,,,,32.55
2025-06-10,แก๊สโซฮอล์ 91,,,,,,,32.18
2025-06-10,แก๊สโซฮอล์ E20,,,,,,,30.34
2025-06-10,แก๊สโซฮอล์ E85,,,,,,,28.69
2025-06-10,เบนซิน 95,,,,,,,40.84
2025-06-10,ดีเซล B7,,,,,,,31.94
2025-06-10,lpg,,,,,,,25.87
2025-06-09,แก๊สโซฮอล์ 95 (E10),,,,,,,32.55
2025-06-09,แก๊สโซฮอล์ 91,,,,,,,32.18
2025-06-09,แก๊สโซฮอล์ E20,,,,,,,30.34
2025-06-09,แก๊สโซฮอล์ E85,,,,,,,28.69
2025-06-09,เบนซิน 95,,,,,,,40.84
2025-06-09,ดีเซล B7,,,,,,,31.94
2025-06-09,lpg,,,,,,,25.87
2025-06-06,แก๊สโซฮอล์ 95 (E10),,,,,,,32.55
2025-06-06,แก๊สโซฮอล์ 91,,,,,,,32.18
2025-06-06,แก๊สโซฮอล์ E20,,,,,,,30.34
2025-06-06,แก๊สโซฮอล์ E85,,,,,,,28.69
2025-06-06,เบนซิน 95,,,,,,,40.84
2025-06-06,ดีเซล B7,,,,,,,31.94
2025-06-06,lpg,,,,,,,25.87
2025-06-05,แก๊สโซฮอล์ 95 (E10),,,,,,,32.55
2025-06-05,แก๊สโซฮอล์ 91,,,,,,,32.18
2025-06-05,แก๊สโซฮอล์ E20,,,,,,,30.34
2025-06-05,แก๊สโซฮอล์ E85,,,,,,,28.69
2025-06-05,เบนซิน 95,,,,,,,40.84
2025-06-05,ดีเซล B7,,,,,,,31.94
2025-06-05,lpg,,,,,,,25.87
2025-06-04,แก๊สโซฮอล์ 95 (E10),,,,,,,32.55
2025-06-04,แก๊สโซฮอล์ 91,,,,,,,32.18
2025-06-04,แก๊สโซฮอล์ E20,,,,,,,30.34
2025-06-04,แก๊สโซฮอล์ E85,,,,,,,28.69
2025-06-04,เบนซิน 95,,,,,,,40.84
2025-06-04,ดีเซล B7,,,,,,,31.94
2025-06-04,lpg,,,,,,,25.87
2025-05-30,แก๊สโซฮอล์ 95 (E10),,,,,,,32.55
2025-05-30,แก๊สโซฮอล์ 91,,,,,,,32.18
2025-05-30,แก๊สโซฮอล์ E20,,,,,,,30.34
2025-05-30,แก๊สโซฮอล์ E85,,,,,,,28.69
2025-05-30,เบนซิน 95,,,,,,,40.84
2025-05-30,ดีเซล B7,,,,,,,31.94
2025-05-30,lpg,,,,,,,25.87
2025-05-29,แก๊สโซฮอล์ 95 (E10),,,,,,,32.55
2025-05-29,แก๊สโซฮอล์ 91,,,,,,,32.18
2025-05-29,แก๊สโซฮอล์ E20,,,,,,,30.34
2025-05-29,แก๊สโซฮอล์ E85,,,,,,,28.69
2025-05-29,เบนซิน 95,,,,,,,40.84
2025-05-29,ดีเซล B7,,,,,,,31.94
2025-05-29,lpg,,,,,,,25.87
2025-05-28,แก๊สโซฮอล์ 95 (E10),,,,,,,32.55
2025-05-28,แก๊สโซฮอล์ 91,,,,,,,32.18
2025-05-28,แก๊สโซฮอล์ E20,,,,,,,30.34
2025-05-28,แก๊สโซฮอล์ E85,,,,,,,28.69
2025-05-28,เบนซิน 95,,,,,,,40.84
2025-05-28,ดีเซล B7,,,,,,,31.94
2025-05-28,lpg,,,,,,,25.87
2025-05-27,แก๊สโซฮอล์ 95 (E10),,,,,,,32.55
2025-05-27,แก๊สโซฮอล์ 91,,,,,,,32.18
2025-05-27,แก๊สโซฮอล์ E20,,,,,,,30.34
2025-05-27,แก๊สโซฮอล์ E85,,,,,,,28.69
2025-05-27,เบนซิน 95,,,,,,,40.84
2025-05-27,ดีเซล B7,,,,,,,31.94
2025-05-27,lpg,,,,,,,25.87
2025-05-26,แก๊สโซฮอล์ 95 (E10),,,,,,,32.55
2025-05-26,แก๊สโซฮอล์ 91,,,,,,,32.18
2025-05-26,แก๊สโซฮอล์ E20,,,,,,,30.34
2025-05-26,แก๊สโซฮอล์ E85,,,,,,,28.69
2025-05-26,เบนซิน 95,,,,,,,40.84
2025-05-26,ดีเซล B7,,,,,,,31.94
2025-05-26,lpg,,,,,,,25.87
2025-05-23,แก๊สโซฮอล์ 95 (E10),,,,,,,32.55
2025-05-23,แก๊สโซฮอล์ 91,,,,,,,32.18
2025-05-23,แก๊สโซฮอล์ E20,,,,,,,30.34
2025-05-23,แก๊สโซฮอล์ E85,,,,,,,28.69
2025-05-23,เบนซิน 95,,,,,,,40.84
2025-05-23,ดีเซล B7,,,,,,,31.94
2025-05-23,lpg,,,,,,,25.87
2025-05-22,แก๊สโซฮอล์ 95 (E10),,,,,,,32.55
2025-05-22,แก๊สโซฮอล์ 91,,,,,,,32.18
2025-05-22,แก๊สโซฮอล์ E20,,,,,,,30.34
2025-05-22,แก๊สโซฮอล์ E85,,,,,,,28.69
2025-05-22,เบนซิน 95,,,,,,,40.84
2025-05-22,ดีเซล B7,,,,,,,31.94
2025-05-22,lpg,,,,,,,25.87
2025-05-21,แก๊สโซฮอล์ 95 (E10),,,,,,,32.85
2025-05-21,แก๊สโซฮอล์ 91,,,,,,,32.48
2025-05-21,แก๊สโซฮอล์ E20,,,,,,,30.64
2025-05-21,แก๊สโซฮอล์ E85,,,,,,,28.99
2025-05-21,เบนซิน 95,,,,,,,41.14
2025-05-21,ดีเซล B7,,,,,,,31.94
2025-05-21,lpg,,,,,,,25.87
2025-05-20,แก๊สโซฮอล์ 95 (E10),,,,,,,32.85
2025-05-20,แก๊สโซฮอล์ 91,,,,,,,32.48
2025-05-20,แก๊สโซฮอล์ E20,,,,,,,30.64
2025-05-20,แก๊สโซฮอล์ E85,,,,,,,28.99
2025-05-20,เบนซิน 95,,,,,,,41.14
2025-05-20,ดีเซล B7,,,,,,,31.94
2025-05-20,lpg,,,,,,,25.87
2025-05-19,แก๊สโซฮอล์ 95 (E10),,,,,,,32.85
2025-05-19,แก๊สโซฮอล์ 91,,,,,,,32.48
2025-05-19,แก๊สโซฮอล์ E20,,,,,,,30.64
2025-05-19,แก๊สโซฮอล์ E85,,,,,,,28.99
2025-05-19,เบนซิน 95,,,,,,,41.14
2025-05-19,ดีเซล B7,,,,,,,31.94
2025-05-19,lpg,,,,,,,25.87
2025-05-16,แก๊สโซฮอล์ 95 (E10),,,,,,,32.85
2025-05-16,แก๊สโซฮอล์ 91,,,,,,,32.48
2025-05-16,แก๊สโซฮอล์ E20,,,,,,,30.64
2025-05-16,แก๊สโซฮอล์ E85,,,,,,,28.99
2025-05-16,เบนซิน 95,,,,,,,41.14
2025-05-16,ดีเซล B7,,,,,,,31.94
2025-05-16,lpg,,,,,,,25.87
2025-05-15,แก๊สโซฮอล์ 95 (E10),,,,,,,32.85
2025-05-15,แก๊สโซฮอล์ 91,,,,,,,32.48
2025-05-15,แก๊สโซฮอล์ E20,,,,,,,30.64
2025-05-15,แก๊สโซฮอล์ E85,,,,,,,28.99
2025-05-15,เบนซิน 95,,,,,,,41.14
2025-05-15,ดีเซล B7,,,,,,,31.94
2025-05-15,lpg,,,,,,,25.87
2025-05-14,แก๊สโซฮอล์ 95 (E10),,,,,,,32.85
2025-05-14,แก๊สโซฮอล์ 91,,,,,,,32.48
2025-05-14,แก๊สโซฮอล์ E20,,,,,,,30.64
2025-05-14,แก๊สโซฮอล์ E85,,,,,,,28.99
2025-05-14,เบนซิน 95,,,,,,,41.14
2025-05-14,ดีเซล B7,,,,,,,31.94
2025-05-14,lpg,,,,,,,25.87
2025-05-13,แก๊สโซฮอล์ 95 (E10),,,,,,,32.85
2025-05-13,แก๊สโซฮอล์ 91,,,,,,,32.48
2025-05-13,แก๊สโซฮอล์ E20,,,,,,,30.64
2025-05-13,แก๊สโซฮอล์ E85,,,,,,,28.99
2025-05-13,เบนซิน 95,,,,,,,41.14
2025-05-13,ดีเซล B7,,,,,,,31.94
2025-05-13,lpg,,,,,,,25.87
2025-05-08,แก๊สโซฮอล์ 95 (E10),,,,,,,32.85
2025-05-08,แก๊สโซฮอล์ 91,,,,,,,32.48
2025-05-08,แก๊สโซฮอล์ E20,,,,,,,30.64
2025-05-08,แก๊สโซฮอล์ E85,,,,,,,28.99
2025-05-08,เบนซิน 95,,,,,,,41.14
2025-05-08,ดีเซล B7,,,,,,,31.94
2025-05-08,lpg,,,,,,,25.87
2025-05-07,แก๊สโซฮอล์ 95 (E10),,,,,,,32.85
2025-05-07,แก๊สโซฮอล์ 91,,,,,,,32.48
2025-05-07,แก๊สโซฮอล์ E20,,,,,,,30.64
2025-05-07,แก๊สโซฮอล์ E85,,,,,,,28.99
2025-05-07,เบนซิน 95,,,,,,,41.14
2025-05-07,ดีเซล B7,,,,,,,31.94
2025-05-07,lpg,,,,,,,25.87
2025-05-06,แก๊สโซฮอล์ 95 (E10),,,,,,,32.85
2025-05-06,แก๊สโซฮอล์ 91,,,,,,,32.48
2025-05-06,แก๊สโซฮอล์ E20,,,,,,,30.64
2025-05-06,แก๊สโซฮอล์ E85,,,,,,,28.99
2025-05-06,เบนซิน 95,,,,,,,41.14
2025-05-06,ดีเซล B7,,,,,,,31.94
2025-05-06,lpg,,,,,,,25.87
2025-05-02,แก๊สโซฮอล์ 95 (E10),,,,,,,32.85
2025-05-02,แก๊สโซฮอล์ 91,,,,,,,32.48
2025-05-02,แก๊สโซฮอล์ E20,,,,,,,30.64
2025-05-02,แก๊สโซฮอล์ E85,,,,,,,28.99
2025-05-02,เบนซิน 95,,,,,,,41.14
2025-05-02,ดีเซล B7,,,,,,,31.94
2025-05-02,lpg,,,,,,,25.87
2025-05-01,แก๊สโซฮอล์ 95 (E10),,,,,,,32.85
2025-05-01,แก๊สโซฮอล์ 91,,,,,,,32.48
2025-05-01,แก๊สโซฮอล์ E20,,,,,,,30.64
2025-05-01,แก๊สโซฮอล์ E85,,,,,,,28.99
2025-05-01,เบนซิน 95,,,,,,,41.14
2025-05-01,ดีเซล B7,,,,,,,31.94
2025-05-01,lpg,,,,,,,25.87
2025-04-30,แก๊สโซฮอล์ 95 (E10),,,,,,,32.85
2025-04-30,แก๊สโซฮอล์ 91,,,,,,,32.48
2025-04-30,แก๊สโซฮอล์ E20,,,,,,,30.64
2025-04-30,แก๊สโซฮอล์ E85,,,,,,,28.99
2025-04-30,เบนซิน 95,,,,,,,41.14
2025-04-30,ดีเซล B7,,,,,,,31.94
2025-04-30,lpg,,,,,,,25.87
2025-04-29,แก๊สโซฮอล์ 95 (E10),,,,,,,32.85
2025-04-29,แก๊สโซฮอล์ 91,,,,,,,32.48
2025-04-29,แก๊สโซฮอล์ E20,,,,,,,30.64
2025-04-29,แก๊สโซฮอล์ E85,,,,,,,28.99
2025-04-29,เบนซิน 95,,,,,,,41.14
2025-04-29,ดีเซล B7,,,,,,,31.94
2025-04-29,lpg,,,,,,,25.87
2025-04-28,แก๊สโซฮอล์ 95 (E10),,,,,,,32.85
2025-04-28,แก๊สโซฮอล์ 91,,,,,,,32.48
2025-04-28,แก๊สโซฮอล์ E20,,,,,,,30.64
2025-04-28,แก๊สโซฮอล์ E85,,,,,,,28.99
2025-04-28,เบนซิน 95,,,,,,,41.14
2025-04-28,ดีเซล B7,,,,,,,31.94
2025-04-28,lpg,,,,,,,25.87
2025-04-25,แก๊สโซฮอล์ 95 (E10),,,,,,,32.85
2025-04-25,แก๊สโซฮอล์ 91,,,,,,,32.48
2025-04-25,แก๊สโซฮอล์ E20,,,,,,,30.64
2025-04-25,แก๊สโซฮอล์ E85,,,,,,,28.99
2025-04-25,เบนซิน 95,,,,,,,41.14
2025-04-25,ดีเซล B7,,,,,,,31.94
2025-04-25,lpg,,,,,,,25.87
2025-04-24,แก๊สโซฮอล์ 95 (E10),,,,,,,32.85
2025-04-24,แก๊สโซฮอล์ 91,,,,,,,32.48
2025-04-24,แก๊สโซฮอล์ E20,,,,,,,30.64
2025-04-24,แก๊สโซฮอล์ E85,,,,,,,28.99
2025-04-24,เบนซิน 95,,,,,,,41.14
2025-04-24,ดีเซล B7,,,,,,,31.94
2025-04-24,lpg,,,,,,,25.87
2025-04-23,แก๊สโซฮอล์ 95 (E10),,,,,,,32.85
2025-04-23,แก๊สโซฮอล์ 91,,,,,,,32.48
2025-04-23,แก๊สโซฮอล์ E20,,,,,,,30.64
2025-04-23,แก๊สโซฮอล์ E85,,,,,,,28.99
2025-04-23,เบนซิน 95,,,,,,,41.14
2025-04-23,ดีเซล B7,,,,,,,31.94
2025-04-23,lpg,,,,,,,25.87
2025-04-22,แก๊สโซฮอล์ 95 (E10),,,,,,,32.85
2025-04-22,แก๊สโซฮอล์ 91,,,,,,,32.48
2025-04-22,แก๊สโซฮอล์ E20,,,,,,,30.64
2025-04-22,แก๊สโซฮอล์ E85,,,,,,,28.99
2025-04-22,เบนซิน 95,,,,,,,41.14
2025-04-22,ดีเซล B7,,,,,,,31.94
2025-04-22,lpg,,,,,,,25.87
2025-04-21,แก๊สโซฮอล์ 95 (E10),,,,,,,32.85
2025-04-21,แก๊สโซฮอล์ 91,,,,,,,32.48
2025-04-21,แก๊สโซฮอล์ E20,,,,,,,30.64
2025-04-21,แก๊สโซฮอล์ E85,,,,,,,28.99
2025-04-21,เบนซิน 95,,,,,,,41.14
2025-04-21,ดีเซล B7,,,,,,,31.94
2025-04-21,lpg,,,,,,,25.87
2025-04-18,แก๊สโซฮอล์ 95 (E10),,,,,,,32.85
2025-04-18,แก๊สโซฮอล์ 91,,,,,,,32.48
2025-04-18,แก๊สโซฮอล์ E20,,,,,,,30.64
2025-04-18,แก๊สโซฮอล์ E85,,,,,,,28.99
2025-04-18,เบนซิน 95,,,,,,,41.14
2025-04-18,ดีเซล B7,,,,,,,31.94
2025-04-18,lpg,,,,,,,25.87
2025-04-17,แก๊สโซฮอล์ 95 (E10),,,,,,,32.85
2025-04-17,แก๊สโซฮอล์ 91,,,,,,,32.48
2025-04-17,แก๊สโซฮอล์ E20,,,,,,,30.64
2025-04-17,แก๊สโซฮอล์ E85,,,,,,,28.99
2025-04-17,เบนซิน 95,,,,,,,41.14
2025-04-17,ดีเซล B7,,,,,,,31.94
2025-04-17,lpg,,,,,,,25.87
2025-04-11,แก๊สโซฮอล์ 95 (E10),,,,,,,33.15
2025-04-11,แก๊สโซฮอล์ 91,,,,,,,32.78
2025-04-11,แก๊สโซฮอล์ E20,,,,,,,30.94
2025-04-11,แก๊สโซฮอล์ E85,,,,,,,29.29
2025-04-11,เบนซิน 95,,,,,,,41.44
2025-04-11,ดีเซล B7,,,,,,,31.94
2025-04-11,lpg,,,,,,,25.87
2025-04-10,แก๊สโซฮอล์ 95 (E10),,,,,,,33.15
2025-04-10,แก๊สโซฮอล์ 91,,,,,,,32.78
2025-04-10,แก๊สโซฮอล์ E20,,,,,,,30.94
2025-04-10,แก๊สโซฮอล์ E85,,,,,,,29.29
2025-04-10,เบนซิน 95,,,,,,,41.44
2025-04-10,ดีเซล B7,,,,,,,31.94
2025-04-10,lpg,,,,,,,25.87
2025-04-09,แก๊สโซฮอล์ 95 (E10),,,,,,,33.15
2025-04-09,แก๊สโซฮอล์ 91,,,,,,,32.78
2025-04-09,แก๊สโซฮอล์ E20,,,,,,,30.94
2025-04-09,แก๊สโซฮอล์ E85,,,,,,,29.29
2025-04-09,เบนซิน 95,,,,,,,41.44
2025-04-09,ดีเซล B7,,,,,,,31.94
2025-04-09,lpg,,,,,,,25.87
2025-04-08,แก๊สโซฮอล์ 95 (E10),,,,,,,33.65
2025-04-08,แก๊สโซฮอล์ 91,,,,,,,33.28
2025-04-08,แก๊สโซฮอล์ E20,,,,,,,31.44
2025-04-08,แก๊สโซฮอล์ E85,,,,,,,29.79
2025-04-08,เบนซิน 95,,,,,,,41.94
2025-04-08,ดีเซล B7,,,,,,,31.94
2025-04-08,lpg,,,,,,,25.87
2025-04-04,แก๊สโซฮอล์ 95 (E10),,,,,,,33.65
2025-04-04,แก๊สโซฮอล์ 91,,,,,,,33.28
2025-04-04,แก๊สโซฮอล์ E20,,,,,,,31.44
2025-04-04,แก๊สโซฮอล์ E85,,,,,,,29.79
2025-04-04,เบนซิน 95,,,,,,,41.94
2025-04-04,ดีเซล B7,,,,,,,31.94
2025-04-04,lpg,,,,,,,25.87
2025-04-03,แก๊สโซฮอล์ 95 (E10),,,,,,,34.15
2025-04-03,แก๊สโซฮอล์ 91,,,,,,,33.78
2025-04-03,แก๊สโซฮอล์ E20,,,,,,,31.94
2025-04-03,แก๊สโซฮอล์ E85,,,,,,,30.29
2025-04-03,เบนซิน 95,,,,,,,42.44
2025-04-03,ดีเซล B7,,,,,,,32.44
2025-04-03,lpg,,,,,,,25.87
2025-04-02,แก๊สโซฮอล์ 95 (E10),,,,,,,34.15
2025-04-02,แก๊สโซฮอล์ 91,,,,,,,33.78
2025-04-02,แก๊สโซฮอล์ E20,,,,,,,31.94
2025-04-02,แก๊สโซฮอล์ E85,,,,,,,30.29
2025-04-02,เบนซิน 95,,,,,,,42.44
2025-04-02,ดีเซล B7,,,,,,,32.44
2025-04-02,lpg,,,,,,,25.87
2025-04-01,แก๊สโซฮอล์ 95 (E10),,,,,,,34.15
2025-04-01,แก๊สโซฮอล์ 91,,,,,,,33.78
2025-04-01,แก๊สโซฮอล์ E20,,,,,,,31.94
2025-04-01,แก๊สโซฮอล์ E85,,,,,,,30.29
2025-04-01,เบนซิน 95,,,,,,,42.44
2025-04-01,ดีเซล B7,,,,,,,32.44
2025-04-01,lpg,,,,,,,25.87
2025-03-31,แก๊สโซฮอล์ 95 (E10),,,,,,,34.15
2025-03-31,แก๊สโซฮอล์ 91,,,,,,,33.78
2025-03-31,แก๊สโซฮอล์ E20,,,,,,,31.94
2025-03-31,แก๊สโซฮอล์ E85,,,,,,,30.29
2025-03-31,เบนซิน 95,,,,,,,42.44
2025-03-31,ดีเซล B7,,,,,,,32.44
2025-03-31,lpg,,,,,,,25.87
2025-03-28,แก๊สโซฮอล์ 95 (E10),,,,,,,34.15
2025-03-28,แก๊สโซฮอล์ 91,,,,,,,33.78
2025-03-28,แก๊สโซฮอล์ E20,,,,,,,31.94
2025-03-28,แก๊สโซฮอล์ E85,,,,,,,30.29
2025-03-28,เบนซิน 95,,,,,,,42.44
2025-03-28,ดีเซล B7,,,,,,,32.44
2025-03-28,lpg,,,,,,,25.87
2025-03-27,แก๊สโซฮอล์ 95 (E10),,,,,,,34.65
2025-03-27,แก๊สโซฮอล์ 91,,,,,,,34.28
2025-03-27,แก๊สโซฮอล์ E20,,,,,,,32.44
2025-03-27,แก๊สโซฮอล์ E85,,,,,,,30.79
2025-03-27,เบนซิน 95,,,,,,,42.94
2025-03-27,ดีเซล B7,,,,,,,32.94
2025-03-27,lpg,,,,,,,25.87
2025-03-26,แก๊สโซฮอล์ 95 (E10),,,,,,,34.65
2025-03-26,แก๊สโซฮอล์ 91,,,,,,,34.28
2025-03-26,แก๊สโซฮอล์ E20,,,,,,,32.44
2025-03-26,แก๊สโซฮอล์ E85,,,,,,,30.79
2025-03-26,เบนซิน 95,,,,,,,42.94
2025-03-26,ดีเซล B7,,,,,,,32.94
2025-03-26,lpg,,,,,,,25.87
2025-03-25,แก๊สโซฮอล์ 95 (E10),,,,,,,34.65
2025-03-25,แก๊สโซฮอล์ 91,,,,,,,34.28
2025-03-25,แก๊สโซฮอล์ E20,,,,,,,32.44
2025-03-25,แก๊สโซฮอล์ E85,,,,,,,30.79
2025-03-25,เบนซิน 95,,,,,,,42.94
2025-03-25,ดีเซล B7,,,,,,,32.94
2025-03-25,lpg,,,,,,,25.87
2025-03-24,แก๊สโซฮอล์ 95 (E10),,,,,,,34.65
2025-03-24,แก๊สโซฮอล์ 91,,,,,,,34.28
2025-03-24,แก๊สโซฮอล์ E20,,,,,,,32.44
2025-03-24,แก๊สโซฮอล์ E85,,,,,,,30.79
2025-03-24,เบนซิน 95,,,,,,,42.94
2025-03-24,ดีเซล B7,,,,,,,32.94
2025-03-24,lpg,,,,,,,25.87
2025-03-21,แก๊สโซฮอล์ 95 (E10),,,,,,,34.65
2025-03-21,แก๊สโซฮอล์ 91,,,,,,,34.28
2025-03-21,แก๊สโซฮอล์ E20,,,,,,,32.44
2025-03-21,แก๊สโซฮอล์ E85,,,,,,,30.79
2025-03-21,เบนซิน 95,,,,,,,42.94
2025-03-21,ดีเซล B7,,,,,,,32.94
2025-03-21,lpg,,,,,,,25.87
2025-03-20,แก๊สโซฮอล์ 95 (E10),,,,,,,34.65
2025-03-20,แก๊สโซฮอล์ 91,,,,,,,34.28
2025-03-20,แก๊สโซฮอล์ E20,,,,,,,32.44
2025-03-20,แก๊สโซฮอล์ E85,,,,,,,30.79
2025-03-20,เบนซิน 95,,,,,,,42.94
2025-03-20,ดีเซล B7,,,,,,,32.94
2025-03-20,lpg,,,,,,,25.87
2025-03-19,แก๊สโซฮอล์ 95 (E10),,,,,,,34.65
2025-03-19,แก๊สโซฮอล์ 91,,,,,,,34.28
2025-03-19,แก๊สโซฮอล์ E20,,,,,,,32.44
2025-03-19,แก๊สโซฮอล์ E85,,,,,,,30.79
2025-03-19,เบนซิน 95,,,,,,,42.94
2025-03-19,ดีเซล B7,,,,,,,32.94
2025-03-19,lpg,,,,,,,25.87
2025-03-18,แก๊สโซฮอล์ 95 (E10),,,,,,,34.65
2025-03-18,แก๊สโซฮอล์ 91,,,,,,,34.28
2025-03-18,แก๊สโซฮอล์ E20,,,,,,,32.44
2025-03-18,แก๊สโซฮอล์ E85,,,,,,,30.79
2025-03-18,เบนซิน 95,,,,,,,42.94
2025-03-18,ดีเซล B7,,,,,,,32.94
2025-03-18,lpg,,,,,,,25.87
2025-03-17,แก๊สโซฮอล์ 95 (E10),,,,,,,34.65
2025-03-17,แก๊สโซฮอล์ 91,,,,,,,34.28
2025-03-17,แก๊สโซฮอล์ E20,,,,,,,32.44
2025-03-17,แก๊สโซฮอล์ E85,,,,,,,30.79
2025-03-17,เบนซิน 95,,,,,,,42.94
2025-03-17,ดีเซล B7,,,,,,,32.94
2025-03-17,lpg,,,,,,,25.87
2025-03-14,แก๊สโซฮอล์ 95 (E10),,,,,,,34.65
2025-03-14,แก๊สโซฮอล์ 91,,,,,,,34.28
2025-03-14,แก๊สโซฮอล์ E20,,,,,,,32.44
2025-03-14,แก๊สโซฮอล์ E85,,,,,,,30.79
2025-03-14,เบนซิน 95,,,,,,,42.94
2025-03-14,ดีเซล B7,,,,,,,32.94
2025-03-14,lpg,,,,,,,25.87
2025-03-13,แก๊สโซฮอล์ 95 (E10),,,,,,,34.65
2025-03-13,แก๊สโซฮอล์ 91,,,,,,,34.28
2025-03-13,แก๊สโซฮอล์ E20,,,,,,,32.44
2025-03-13,แก๊สโซฮอล์ E85,,,,,,,30.79
2025-03-13,เบนซิน 95,,,,,,,42.94
2025-03-13,ดีเซล B7,,,,,,,32.94
2025-03-13,lpg,,,,,,,25.87
2025-03-12,แก๊สโซฮอล์ 95 (E10),,,,,,,34.65
2025-03-12,แก๊สโซฮอล์ 91,,,,,,,34.28
2025-03-12,แก๊สโซฮอล์ E20,,,,,,,32.44
2025-03-12,แก๊สโซฮอล์ E85,,,,,,,30.79
2025-03-12,เบนซิน 95,,,,,,,42.94
2025-03-12,ดีเซล B7,,,,,,,32.94
2025-03-12,lpg,,,,,,,25.87
2025-03-11,แก๊สโซฮอล์ 95 (E10),,,,,,,34.65
2025-03-11,แก๊สโซฮอล์ 91,,,,,,,34.28
2025-03-11,แก๊สโซฮอล์ E20,,,,,,,32.44
2025-03-11,แก๊สโซฮอล์ E85,,,,,,,30.79
2025-03-11,เบนซิน 95,,,,,,,42.94
2025-03-11,ดีเซล B7,,,,,,,32.94
2025-03-11,lpg,,,,,,,25.87
2025-03-10,แก๊สโซฮอล์ 95 (E10),,,,,,,34.95
2025-03-10,แก๊สโซฮอล์ 91,,,,,,,34.58
2025-03-10,แก๊สโซฮอล์ E20,,,,,,,32.74
2025-03-10,แก๊สโซฮอล์ E85,,,,,,,31.19
2025-03-10,เบนซิน 95,,,,,,,43.24
2025-03-10,ดีเซล B7,,,,,,,32.94
2025-03-10,lpg,,,,,,,25.87
2025-03-07,แก๊สโซฮอล์ 95 (E10),,,,,,,34.95
2025-03-07,แก๊สโซฮอล์ 91,,,,,,,34.58
2025-03-07,แก๊สโซฮอล์ E20,,,,,,,32.74
2025-03-07,แก๊สโซฮอล์ E85,,,,,,,31.19
2025-03-07,เบนซิน 95,,,,,,,43.24
2025-03-07,ดีเซล B7,,,,,,,32.94
2025-03-07,lpg,,,,,,,25.87
2025-03-06,แก๊สโซฮอล์ 95 (E10),,,,,,,34.95
2025-03-06,แก๊สโซฮอล์ 91,,,,,,,34.58
2025-03-06,แก๊สโซฮอล์ E20,,,,,,,32.74
2025-03-06,แก๊สโซฮอล์ E85,,,,,,,31.19
2025-03-06,เบนซิน 95,,,,,,,43.24
2025-03-06,ดีเซล B7,,,,,,,32.94
2025-03-06,lpg,,,,,,,25.87
2025-03-05,แก๊สโซฮอล์ 95 (E10),,,,,,,35.35
2025-03-05,แก๊สโซฮอล์ 91,,,,,,,34.98
2025-03-05,แก๊สโซฮอล์ E20,,,,,,,33.14
2025-03-05,แก๊สโซฮอล์ E85,,,,,,,31.69
2025-03-05,เบนซิน 95,,,,,,,43.64
2025-03-05,ดีเซล B7,,,,,,,32.94
2025-03-05,lpg,,,,,,,25.87
2025-03-04,แก๊สโซฮอล์ 95 (E10),,,,,,,35.35
2025-03-04,แก๊สโซฮอล์ 91,,,,,,,34.98
2025-03-04,แก๊สโซฮอล์ E20,,,,,,,33.14
2025-03-04,แก๊สโซฮอล์ E85,,,,,,,31.69
2025-03-04,เบนซิน 95,,,,,,,43.64
2025-03-04,ดีเซล B7,,,,,,,32.94
2025-03-04,lpg,,,,,,,25.87
2025-03-03,แก๊สโซฮอล์ 95 (E10),,,,,,,35.35
2025-03-03,แก๊สโซฮอล์ 91,,,,,,,34.98
2025-03-03,แก๊สโซฮอล์ E20,,,,,,,33.14
2025-03-03,แก๊สโซฮอล์ E85,,,,,,,31.69
2025-03-03,เบนซิน 95,,,,,,,43.64
2025-03-03,ดีเซล B7,,,,,,,32.94
2025-03-03,lpg,,,,,,,25.87
2025-02-28,แก๊สโซฮอล์ 95 (E10),,,,,,,35.35
2025-02-28,แก๊สโซฮอล์ 91,,,,,,,34.98
2025-02-28,แก๊สโซฮอล์ E20,,,,,,,33.14
2025-02-28,แก๊สโซฮอล์ E85,,,,,,,31.69
2025-02-28,เบนซิน 95,,,,,,,43.64
2025-02-28,ดีเซล B7,,,,,,,32.94
2025-02-28,lpg,,,,,,,25.87
2025-02-27,แก๊สโซฮอล์ 95 (E10),,,,,,,35.65
2025-02-27,แก๊สโซฮอล์ 91,,,,,,,35.28
2025-02-27,แก๊สโซฮอล์ E20,,,,,,,33.44
2025-02-27,แก๊สโซฮอล์ E85,,,,,,,32.09
2025-02-27,เบนซิน 95,,,,,,,43.94
2025-02-27,ดีเซล B7,,,,,,,32.94
2025-02-27,lpg,,,,,,,25.87
2025-02-26,แก๊สโซฮอล์ 95 (E10),,,,,,,35.65
2025-02-26,แก๊สโซฮอล์ 91,,,,,,,35.28
2025-02-26,แก๊สโซฮอล์ E20,,,,,,,33.44
2025-02-26,แก๊สโซฮอล์ E85,,,,,,,32.09
2025-02-26,เบนซิน 95,,,,,,,43.94
2025-02-26,ดีเซล B7,,,,,,,32.94
2025-02-26,lpg,,,,,,,25.87
2025-02-25,แก๊สโซฮอล์ 95 (E10),,,,,,,35.65
2025-02-25,แก๊สโซฮอล์ 91,,,,,,,35.28
2025-02-25,แก๊สโซฮอล์ E20,,,,,,,33.44
2025-02-25,แก๊สโซฮอล์ E85,,,,,,,32.09
2025-02-25,เบนซิน 95,,,,,,,43.94
2025-02-25,ดีเซล B7,,,,,,,32.94
2025-02-25,lpg,,,,,,,25.87
2025-02-24,แก๊สโซฮอล์ 95 (E10),,,,,,,35.65
2025-02-24,แก๊สโซฮอล์ 91,,,,,,,35.28
2025-02-24,แก๊สโซฮอล์ E20,,,,,,,33.44
2025-02-24,แก๊สโซฮอล์ E85,,,,,,,32.09
2025-02-24,เบนซิน 95,,,,,,,43.94
2025-02-24,ดีเซล B7,,,,,,,32.94
2025-02-24,lpg,,,,,,,25.87
2025-02-21,แก๊สโซฮอล์ 95 (E10),,,,,,,35.65
2025-02-21,แก๊สโซฮอล์ 91,,,,,,,35.28
2025-02-21,แก๊สโซฮอล์ E20,,,,,,,33.44
2025-02-21,แก๊สโซฮอล์ E85,,,,,,,32.09
2025-02-21,เบนซิน 95,,,,,,,43.94
2025-02-21,ดีเซล B7,,,,,,,32.94
2025-02-21,lpg,,,,,,,25.87
2025-02-20,แก๊สโซฮอล์ 95 (E10),,,,,,,35.65
2025-02-20,แก๊สโซฮอล์ 91,,,,,,,35.28
2025-02-20,แก๊สโซฮอล์ E20,,,,,,,33.44
2025-02-20,แก๊สโซฮอล์ E85,,,,,,,32.09
2025-02-20,เบนซิน 95,,,,,,,43.94
2025-02-20,ดีเซล B7,,,,,,,32.94
2025-02-20,lpg,,,,,,,25.87
2025-02-19,แก๊สโซฮอล์ 95 (E10),,,,,,,35.35
2025-02-19,แก๊สโซฮอล์ 91,,,,,,,34.98
2025-02-19,แก๊สโซฮอล์ E20,,,,,,,33.14
2025-02-19,แก๊สโซฮอล์ E85,,,,,,,32.09
2025-02-19,เบนซิน 95,,,,,,,43.64
2025-02-19,ดีเซล B7,,,,,,,32.94
2025-02-19,lpg,,,,,,,25.87
2025-02-18,แก๊สโซฮอล์ 95 (E10),,,,,,,35.35
2025-02-18,แก๊สโซฮอล์ 91,,,,,,,34.98
2025-02-18,แก๊สโซฮอล์ E20,,,,,,,33.14
2025-02-18,แก๊สโซฮอล์ E85,,,,,,,32.09
2025-02-18,เบนซิน 95,,,,,,,43.64
2025-02-18,ดีเซล B7,,,,,,,32.94
2025-02-18,lpg,,,,,,,25.87
2025-02-17,แก๊สโซฮอล์ 95 (E10),,,,,,,35.35
2025-02-17,แก๊สโซฮอล์ 91,,,,,,,34.98
2025-02-17,แก๊สโซฮอล์ E20,,,,,,,33.14
2025-02-17,แก๊สโซฮอล์ E85,,,,,,,32.09
2025-02-17,เบนซิน 95,,,,,,,43.64
2025-02-17,ดีเซล B7,,,,,,,32.94
2025-02-17,lpg,,,,,,,25.87
2025-02-14,แก๊สโซฮอล์ 95 (E10),,,,,,,35.35
2025-02-14,แก๊สโซฮอล์ 91,,,,,,,34.98
2025-02-14,แก๊สโซฮอล์ E20,,,,,,,33.14
2025-02-14,แก๊สโซฮอล์ E85,,,,,,,32.09
2025-02-14,เบนซิน 95,,,,,,,43.64
2025-02-14,ดีเซล B7,,,,,,,32.94
2025-02-14,lpg,,,,,,,25.87
2025-02-13,แก๊สโซฮอล์ 95 (E10),,,,,,,35.35
2025-02-13,แก๊สโซฮอล์ 91,,,,,,,34.98
2025-02-13,แก๊สโซฮอล์ E20,,,,,,,33.14
2025-02-13,แก๊สโซฮอล์ E85,,,,,,,32.09
2025-02-13,เบนซิน 95,,,,,,,43.64
2025-02-13,ดีเซล B7,,,,,,,32.94
2025-02-13,lpg,,,,,,,25.87
2025-02-11,แก๊สโซฮอล์ 95 (E10),,,,,,,35.35
2025-02-11,แก๊สโซฮอล์ 91,,,,,,,34.98
2025-02-11,แก๊สโซฮอล์ E20,,,,,,,33.14
2025-02-11,แก๊สโซฮอล์ E85,,,,,,,32.09
2025-02-11,เบนซิน 95,,,,,,,43.64
2025-02-11,ดีเซล B7,,,,,,,32.94
2025-02-11,lpg,,,,,,,25.87
2025-02-10,แก๊สโซฮอล์ 95 (E10),,,,,,,35.35
2025-02-10,แก๊สโซฮอล์ 91,,,,,,,34.98
2025-02-10,แก๊สโซฮอล์ E20,,,,,,,33.14
2025-02-10,แก๊สโซฮอล์ E85,,,,,,,32.09
2025-02-10,เบนซิน 95,,,,,,,43.64
2025-02-10,ดีเซล B7,,,,,,,32.94
2025-02-10,lpg,,,,,,,25.87
2025-02-07,แก๊สโซฮอล์ 95 (E10),,,,,,,35.35
2025-02-07,แก๊สโซฮอล์ 91,,,,,,,34.98
2025-02-07,แก๊สโซฮอล์ E20,,,,,,,33.14
2025-02-07,แก๊สโซฮอล์ E85,,,,,,,32.09
2025-02-07,เบนซิน 95,,,,,,,43.64
2025-02-07,ดีเซล B7,,,,,,,32.94
2025-02-07,lpg,,,,,,,25.87
2025-02-06,แก๊สโซฮอล์ 95 (E10),,,,,,,35.35
2025-02-06,แก๊สโซฮอล์ 91,,,,,,,34.98
2025-02-06,แก๊สโซฮอล์ E20,,,,,,,33.14
2025-02-06,แก๊สโซฮอล์ E85,,,,,,,32.09
2025-02-06,เบนซิน 95,,,,,,,43.64
2025-02-06,ดีเซล B7,,,,,,,32.94
2025-02-06,lpg,,,,,,,25.87
2025-02-05,แก๊สโซฮอล์ 95 (E10),,,,,,,35.75
2025-02-05,แก๊สโซฮอล์ 91,,,,,,,35.38
2025-02-05,แก๊สโซฮอล์ E20,,,,,,,33.54
2025-02-05,แก๊สโซฮอล์ E85,,,,,,,32.59
2025-02-05,เบนซิน 95,,,,,,,44.04
2025-02-05,ดีเซล B7,,,,,,,32.94
2025-02-05,lpg,,,,,,,25.87
2025-02-04,แก๊สโซฮอล์ 95 (E10),,,,,,,35.75
2025-02-04,แก๊สโซฮอล์ 91,,,,,,,35.38
2025-02-04,แก๊สโซฮอล์ E20,,,,,,,33.54
2025-02-04,แก๊สโซฮอล์ E85,,,,,,,32.59
2025-02-04,เบนซิน 95,,,,,,,44.04
2025-02-04,ดีเซล B7,,,,,,,32.94
2025-02-04,lpg,,,,,,,25.87
2025-02-03,แก๊สโซฮอล์ 95 (E10),,,,,,,35.75
2025-02-03,แก๊สโซฮอล์ 91,,,,,,,35.38
2025-02-03,แก๊สโซฮอล์ E20,,,,,,,33.54
2025-02-03,แก๊สโซฮอล์ E85,,,,,,,32.59
2025-02-03,เบนซิน 95,,,,,,,44.04
2025-02-03,ดีเซล B7,,,,,,,32.94
2025-02-03,lpg,,,,,,,25.87
2025-01-31,แก๊สโซฮอล์ 95 (E10),,,,,,,35.75
2025-01-31,แก๊สโซฮอล์ 91,,,,,,,35.38
2025-01-31,แก๊สโซฮอล์ E20,,,,,,,33.54
2025-01-31,แก๊สโซฮอล์ E85,,,,,,,32.59
2025-01-31,เบนซิน 95,,,,,,,44.04
2025-01-31,ดีเซล B7,,,,,,,32.94
2025-01-31,lpg,,,,,,,25.87
2025-01-30,แก๊สโซฮอล์ 95 (E10),,,,,,,35.75
2025-01-30,แก๊สโซฮอล์ 91,,,,,,,35.38
2025-01-30,แก๊สโซฮอล์ E20,,,,,,,33.54
2025-01-30,แก๊สโซฮอล์ E85,,,,,,,32.59
2025-01-30,เบนซิน 95,,,,,,,44.04
2025-01-30,ดีเซล B7,,,,,,,32.94
2025-01-30,lpg,,,,,,,25.87
2025-01-29,แก๊สโซฮอล์ 95 (E10),,,,,,,35.75
2025-01-29,แก๊สโซฮอล์ 91,,,,,,,35.38
2025-01-29,แก๊สโซฮอล์ E20,,,,,,,33.54
2025-01-29,แก๊สโซฮอล์ E85,,,,,,,32.59
2025-01-29,เบนซิน 95,,,,,,,44.04
2025-01-29,ดีเซล B7,,,,,,,32.94
2025-01-29,lpg,,,,,,,25.87
2025-01-28,แก๊สโซฮอล์ 95 (E10),,,,,,,35.75
2025-01-28,แก๊สโซฮอล์ 91,,,,,,,35.38
2025-01-28,แก๊สโซฮอล์ E20,,,,,,,33.54
2025-01-28,แก๊สโซฮอล์ E85,,,,,,,32.59
2025-01-28,เบนซิน 95,,,,,,,44.04
2025-01-28,ดีเซล B7,,,,,,,32.94
2025-01-28,lpg,,,,,,,25.87
2025-01-27,แก๊สโซฮอล์ 95 (E10),,,,,,,35.75
2025-01-27,แก๊สโซฮอล์ 91,,,,,,,35.38
2025-01-27,แก๊สโซฮอล์ E20,,,,,,,33.54
2025-01-27,แก๊สโซฮอล์ E85,,,,,,,32.59
2025-01-27,เบนซิน 95,,,,,,,44.04
2025-01-27,ดีเซล B7,,,,,,,32.94
2025-01-27,lpg,,,,,,,25.87
2025-01-25,แก๊สโซฮอล์ 95 (E10),,,,,,,35.75
2025-01-25,แก๊สโซฮอล์ 91,,,,,,,35.38
2025-01-25,แก๊สโซฮอล์ E20,,,,,,,33.54
2025-01-25,แก๊สโซฮอล์ E85,,,,,,,32.59
2025-01-25,เบนซิน 95,,,,,,,44.04
2025-01-25,ดีเซล B7,,,,,,,32.94
2025-01-25,lpg,,,,,,,25.87
2025-01-23,แก๊สโซฮอล์ 95 (E10),,,,,,,35.75
2025-01-23,แก๊สโซฮอล์ 91,,,,,,,35.38
2025-01-23,แก๊สโซฮอล์ E20,,,,,,,33.54
2025-01-23,แก๊สโซฮอล์ E85,,,,,,,32.59
2025-01-23,เบนซิน 95,,,,,,,44.04
2025-01-23,ดีเซล B7,,,,,,,32.94
2025-01-23,lpg,,,,,,,25.87
2025-01-22,แก๊สโซฮอล์ 95 (E10),,,,,,,36.15
2025-01-22,แก๊สโซฮอล์ 91,,,,,,,35.78
2025-01-22,แก๊สโซฮอล์ E20,,,,,,,33.94
2025-01-22,แก๊สโซฮอล์ E85,,,,,,,33.09
2025-01-22,เบนซิน 95,,,,,,,44.44
2025-01-22,ดีเซล B7,,,,,,,32.94
2025-01-22,lpg,,,,,,,25.87
2025-01-21,แก๊สโซฮอล์ 95 (E10),,,,,,,36.15
2025-01-21,แก๊สโซฮอล์ 91,,,,,,,35.78
2025-01-21,แก๊สโซฮอล์ E20,,,,,,,33.94
2025-01-21,แก๊สโซฮอล์ E85,,,,,,,33.09
2025-01-21,เบนซิน 95,,,,,,,44.44
2025-01-21,ดีเซล B7,,,,,,,32.94
2025-01-21,lpg,,,,,,,25.87
2025-01-20,แก๊สโซฮอล์ 95 (E10),,,,,,,36.15
2025-01-20,แก๊สโซฮอล์ 91,,,,,,,35.78
2025-01-20,แก๊สโซฮอล์ E20,,,,,,,33.94
2025-01-20,แก๊สโซฮอล์ E85,,,,,,,33.09
2025-01-20,เบนซิน 95,,,,,,,44.44
2025-01-20,ดีเซล B7,,,,,,,32.94
2025-01-20,lpg,,,,,,,25.87
2025-01-17,แก๊สโซฮอล์ 95 (E10),,,,,,,36.15
2025-01-17,แก๊สโซฮอล์ 91,,,,,,,35.78
2025-01-17,แก๊สโซฮอล์ E20,,,,,,,33.94
2025-01-17,แก๊สโซฮอล์ E85,,,,,,,33.09
2025-01-17,เบนซิน 95,,,,,,,44.44
2025-01-17,ดีเซล B7,,,,,,,32.94
2025-01-17,lpg,,,,,,,25.87
2025-01-16,แก๊สโซฮอล์ 95 (E10),,,,,,,36.15
2025-01-16,แก๊สโซฮอล์ 91,,,,,,,35.78
2025-01-16,แก๊สโซฮอล์ E20,,,,,,,33.94
2025-01-16,แก๊สโซฮอล์ E85,,,,,,,33.09
2025-01-16,เบนซิน 95,,,,,,,44.44
2025-01-16,ดีเซล B7,,,,,,,32.94
2025-01-16,lpg,,,,,,,25.87
2025-01-15,แก๊สโซฮอล์ 95 (E10),,,,,,,36.15
2025-01-15,แก๊สโซฮอล์ 91,,,,,,,35.78
2025-01-15,แก๊สโซฮอล์ E20,,,,,,,33.94
2025-01-15,แก๊สโซฮอล์ E85,,,,,,,33.09
2025-01-15,เบนซิน 95,,,,,,,44.44
2025-01-15,ดีเซล B7,,,,,,,32.94
2025-01-15,lpg,,,,,,,25.87
2025-01-14,แก๊สโซฮอล์ 95 (E10),,,,,,,35.65
2025-01-14,แก๊สโซฮอล์ 91,,,,,,,35.28
2025-01-14,แก๊สโซฮอล์ E20,,,,,,,33.44
2025-01-14,แก๊สโซฮอล์ E85,,,,,,,33.09
2025-01-14,เบนซิน 95,,,,,,,43.94
2025-01-14,ดีเซล B7,,,,,,,32.94
2025-01-14,lpg,,,,,,,25.87
2025-01-13,แก๊สโซฮอล์ 95 (E10),,,,,,,35.65
2025-01-13,แก๊สโซฮอล์ 91,,,,,,,35.28
2025-01-13,แก๊สโซฮอล์ E20,,,,,,,33.44
2025-01-13,แก๊สโซฮอล์ E85,,,,,,,33.09
2025-01-13,เบนซิน 95,,,,,,,43.94
2025-01-13,ดีเซล B7,,,,,,,32.94
2025-01-13,lpg,,,,,,,25.87
2025-01-10,แก๊สโซฮอล์ 95 (E10),,,,,,,35.95
2025-01-10,แก๊สโซฮอล์ 91,,,,,,,35.58
2025-01-10,แก๊สโซฮอล์ E20,,,,,,,33.84
2025-01-10,แก๊สโซฮอล์ E85,,,,,,,33.59
2025-01-10,เบนซิน 95,,,,,,,44.24
2025-01-10,ดีเซล B7,,,,,,,32.94
2025-01-10,lpg,,,,,,,25.87
2025-01-09,แก๊สโซฮอล์ 95 (E10),,,,,,,35.95
2025-01-09,แก๊สโซฮอล์ 91,,,,,,,35.58
2025-01-09,แก๊สโซฮอล์ E20,,,,,,,33.84
2025-01-09,แก๊สโซฮอล์ E85,,,,,,,33.59
2025-01-09,เบนซิน 95,,,,,,,44.24
2025-01-09,ดีเซล B7,,,,,,,32.94
2025-01-09,lpg,,,,,,,25.87
2025-01-08,แก๊สโซฮอล์ 95 (E10),,,,,,,35.95
2025-01-08,แก๊สโซฮอล์ 91,,,,,,,35.58
2025-01-08,แก๊สโซฮอล์ E20,,,,,,,33.84
2025-01-08,แก๊สโซฮอล์ E85,,,,,,,33.59
2025-01-08,เบนซิน 95,,,,,,,44.24
2025-01-08,ดีเซล B7,,,,,,,32.94
2025-01-08,lpg,,,,,,,25.87
2025-01-07,แก๊สโซฮอล์ 95 (E10),,,,,,,35.95
2025-01-07,แก๊สโซฮอล์ 91,,,,,,,35.58
2025-01-07,แก๊สโซฮอล์ E20,,,,,,,33.84
2025-01-07,แก๊สโซฮอล์ E85,,,,,,,33.59
2025-01-07,เบนซิน 95,,,,,,,44.24
2025-01-07,ดีเซล B7,,,,,,,32.94
2025-01-07,lpg,,,,,,,25.87
2025-01-06,แก๊สโซฮอล์ 95 (E10),,,,,,,35.95
2025-01-06,แก๊สโซฮอล์ 91,,,,,,,35.58
2025-01-06,แก๊สโซฮอล์ E20,,,,,,,33.84
2025-01-06,แก๊สโซฮอล์ E85,,,,,,,33.59
2025-01-06,เบนซิน 95,,,,,,,44.24
2025-01-06,ดีเซล B7,,,,,,,32.94
2025-01-06,lpg,,,,,,,25.87
2025-01-03,แก๊สโซฮอล์ 95 (E10),,,,,,,35.95
2025-01-03,แก๊สโซฮอล์ 91,,,,,,,35.58
2025-01-03,แก๊สโซฮอล์ E20,,,,,,,33.84
2025-01-03,แก๊สโซฮอล์ E85,,,,,,,33.59
2025-01-03,เบนซิน 95,,,,,,,44.24
2025-01-03,ดีเซล B7,,,,,,,32.94
2025-01-03,lpg,,,,,,,25.87
2025-01-02,แก๊สโซฮอล์ 95 (E10),,,,,,,36.25
2025-01-02,แก๊สโซฮอล์ 91,,,,,,,35.88
2025-01-02,แก๊สโซฮอล์ E20,,,,,,,34.14
2025-01-02,แก๊สโซฮอล์ E85,,,,,,,33.89
2025-01-02,เบนซิน 95,,,,,,,44.54
2025-01-02,ดีเซล B7,,,,,,,32.94
2025-01-02,lpg,,,,,,,25.87
