announce_date,brand_code,product_code,price,effective_date,effective_time,source_file
2017-12-30,bcp,ds,27.19,2017-12-30,05:00,retail-2017-12-30.xls
2017-12-30,bcp,e20,25.44,2017-12-30,05:00,retail-2017-12-30.xls
2017-12-30,bcp,e85,20.64,2017-12-30,05:00,retail-2017-12-30.xls
2017-12-30,bcp,gh91,27.68,2017-12-30,05:00,retail-2017-12-30.xls
2017-12-30,bcp,gh95,27.95,2017-12-30,05:00,retail-2017-12-30.xls
2017-12-30,bcp,gl95,,,,retail-2017-12-30.xls
2017-12-30,bcp,pds,31.06,2017-12-30,05:00,retail-2017-12-30.xls
2017-12-30,caltex,ds,27.19,2017-12-30,05:00,retail-2017-12-30.xls
2017-12-30,caltex,e20,25.44,2017-12-30,05:00,retail-2017-12-30.xls
2017-12-30,caltex,e85,,,,retail-2017-12-30.xls
2017-12-30,caltex,gh91,27.68,2017-12-30,05:00,retail-2017-12-30.xls
2017-12-30,caltex,gh95,27.95,2017-12-30,05:00,retail-2017-12-30.xls
2017-12-30,caltex,gl95,35.51,2017-12-30,05:00,retail-2017-12-30.xls
2017-12-30,caltex,pds,31.06,2017-12-30,05:00,retail-2017-12-30.xls
2017-12-30,esso,ds,27.19,2017-12-30,05:00,retail-2017-12-30.xls
2017-12-30,esso,e20,25.44,2017-12-30,05:00,retail-2017-12-30.xls
2017-12-30,esso,e85,,,,retail-2017-12-30.xls
2017-12-30,esso,gh91,27.68,2017-12-30,05:00,retail-2017-12-30.xls
2017-12-30,esso,gh95,27.95,2017-12-30,05:00,retail-2017-12-30.xls
2017-12-30,esso,gl95,,,,retail-2017-12-30.xls
2017-12-30,esso,pds,31.06,2017-12-30,05:00,retail-2017-12-30.xls
2017-12-30,irpc,ds,27.19,2017-12-30,05:00,retail-2017-12-30.xls
2017-12-30,irpc,e20,,,,retail-2017-12-30.xls
2017-12-30,irpc,e85,,,,retail-2017-12-30.xls
2017-12-30,irpc,gh91,27.68,2017-12-30,05:00,retail-2017-12-30.xls
2017-12-30,irpc,gh95,27.95,2017-12-30,05:00,retail-2017-12-30.xls
2017-12-30,irpc,gl95,,,,retail-2017-12-30.xls
2017-12-30,irpc,pds,,,,retail-2017-12-30.xls
2017-12-30,pt,ds,27.19,2017-12-30,05:00,retail-2017-12-30.xls
2017-12-30,pt,e20,25.44,2017-12-30,05:00,retail-2017-12-30.xls
2017-12-30,pt,e85,,,,retail-2017-12-30.xls
2017-12-30,pt,gh91,27.68,2017-12-30,05:00,retail-2017-12-30.xls
2017-12-30,pt,gh95,27.95,2017-12-30,05:00,retail-2017-12-30.xls
2017-12-30,pt,gl95,35.56,2017-12-30,05:00,retail-2017-12-30.xls
2017-12-30,pt,pds,,,,retail-2017-12-30.xls
2017-12-30,ptt,ds,27.19,2017-12-30,05:00,retail-2017-12-30.xls
2017-12-30,ptt,e20,25.44,2017-12-30,05:00,retail-2017-12-30.xls
2017-12-30,ptt,e85,20.64,2017-12-30,05:00,retail-2017-12-30.xls
2017-12-30,ptt,gh91,27.68,2017-12-30,05:00,retail-2017-12-30.xls
2017-12-30,ptt,gh95,27.95,2017-12-30,05:00,retail-2017-12-30.xls
2017-12-30,ptt,gl95,35.06,2017-12-30,05:00,retail-2017-12-30.xls
2017-12-30,ptt,pds,30.19,2017-12-30,05:00,retail-2017-12-30.xls
2017-12-30,pure,ds,27.19,2017-12-30,05:00,retail-2017-12-30.xls
2017-12-30,pure,e20,25.44,2017-12-30,05:00,retail-2017-12-30.xls
2017-12-30,pure,e85,20.64,2017-12-30,05:00,retail-2017-12-30.xls
2017-12-30,pure,gh91,27.68,2017-12-30,05:00,retail-2017-12-30.xls
2017-12-30,pure,gh95,27.95,2017-12-30,05:00,retail-2017-12-30.xls
2017-12-30,pure,gl95,35.06,2017-12-30,05:00,retail-2017-12-30.xls
2017-12-30,pure,pds,,,,retail-2017-12-30.xls
2017-12-30,shell,ds,27.19,2017-12-30,05:00,retail-2017-12-30.xls
2017-12-30,shell,e20,25.44,2017-12-30,05:00,retail-2017-12-30.xls
2017-12-30,shell,e85,,,,retail-2017-12-30.xls
2017-12-30,shell,gh91,27.68,2017-12-30,05:00,retail-2017-12-30.xls
2017-12-30,shell,gh95,,,,retail-2017-12-30.xls
2017-12-30,shell,gl95,,,,retail-2017-12-30.xls
2017-12-30,shell,pds,31.06,2017-12-30,05:00,retail-2017-12-30.xls
2017-12-30,susco1,ds,27.19,2017-12-30,05:00,retail-2017-12-30.xls
2017-12-30,susco1,e20,25.44,2017-12-30,05:00,retail-2017-12-30.xls
2017-12-30,susco1,e85,20.64,2017-12-30,05:00,retail-2017-12-30.xls
2017-12-30,susco1,gh91,27.68,2017-12-30,05:00,retail-2017-12-30.xls
2017-12-30,susco1,gh95,27.95,2017-12-30,05:00,retail-2017-12-30.xls
2017-12-30,susco1,gl95,35.06,2017-12-30,05:00,retail-2017-12-30.xls
2017-12-30,susco1,pds,,,,retail-2017-12-30.xls
2017-12-30,susco2,ds,27.19,2017-12-30,05:00,retail-2017-12-30.xls
2017-12-30,susco2,e20,25.44,2017-12-30,05:00,retail-2017-12-30.xls
2017-12-30,susco2,e85,,,,retail-2017-12-30.xls
2017-12-30,susco2,gh91,27.68,2017-12-30,05:00,retail-2017-12-30.xls
2017-12-30,susco2,gh95,27.95,2017-12-30,05:00,retail-2017-12-30.xls
2017-12-30,susco2,gl95,35.06,2017-12-30,05:00,retail-2017-12-30.xls
2017-12-30,susco2,pds,,,,retail-2017-12-30.xls
2018-01-09,bcp,ds,27.59,2018-01-09,05:00,retail-2018-01-09.xls
2018-01-09,bcp,e20,25.44,2018-01-09,05:00,retail-2018-01-09.xls
2018-01-09,bcp,e85,20.64,2018-01-09,05:00,retail-2018-01-09.xls
2018-01-09,bcp,gh91,27.68,2018-01-09,05:00,retail-2018-01-09.xls
2018-01-09,bcp,gh95,27.95,2018-01-09,05:00,retail-2018-01-09.xls
2018-01-09,bcp,gl95,,,,retail-2018-01-09.xls
2018-01-09,bcp,pds,31.46,2018-01-09,05:00,retail-2018-01-09.xls
2018-01-09,caltex,ds,27.59,2018-01-09,05:00,retail-2018-01-09.xls
2018-01-09,caltex,e20,25.44,2018-01-09,05:00,retail-2018-01-09.xls
2018-01-09,caltex,e85,,,,retail-2018-01-09.xls
2018-01-09,caltex,gh91,27.68,2018-01-09,05:00,retail-2018-01-09.xls
2018-01-09,caltex,gh95,27.95,2018-01-09,05:00,retail-2018-01-09.xls
2018-01-09,caltex,gl95,35.51,2018-01-09,05:00,retail-2018-01-09.xls
2018-01-09,caltex,pds,31.46,2018-01-09,05:00,retail-2018-01-09.xls
2018-01-09,esso,ds,27.59,2018-01-09,05:00,retail-2018-01-09.xls
2018-01-09,esso,e20,25.44,2018-01-09,05:00,retail-2018-01-09.xls
2018-01-09,esso,e85,,,,retail-2018-01-09.xls
2018-01-09,esso,gh91,27.68,2018-01-09,05:00,retail-2018-01-09.xls
2018-01-09,esso,gh95,27.95,2018-01-09,05:00,retail-2018-01-09.xls
2018-01-09,esso,gl95,,,,retail-2018-01-09.xls
2018-01-09,esso,pds,31.46,2018-01-09,05:00,retail-2018-01-09.xls
2018-01-09,irpc,ds,27.59,2018-01-09,05:00,retail-2018-01-09.xls
2018-01-09,irpc,e20,,,,retail-2018-01-09.xls
2018-01-09,irpc,e85,,,,retail-2018-01-09.xls
2018-01-09,irpc,gh91,27.68,2018-01-09,05:00,retail-2018-01-09.xls
2018-01-09,irpc,gh95,27.95,2018-01-09,05:00,retail-2018-01-09.xls
2018-01-09,irpc,gl95,,,,retail-2018-01-09.xls
2018-01-09,irpc,pds,,,,retail-2018-01-09.xls
2018-01-09,pt,ds,27.59,2018-01-09,05:00,retail-2018-01-09.xls
2018-01-09,pt,e20,25.44,2018-01-09,05:00,retail-2018-01-09.xls
2018-01-09,pt,e85,,,,retail-2018-01-09.xls
2018-01-09,pt,gh91,27.68,2018-01-09,05:00,retail-2018-01-09.xls
2018-01-09,pt,gh95,27.95,2018-01-09,05:00,retail-2018-01-09.xls
2018-01-09,pt,gl95,35.56,2018-01-09,05:00,retail-2018-01-09.xls
2018-01-09,pt,pds,,,,retail-2018-01-09.xls
2018-01-09,ptt,ds,27.59,2018-01-09,05:00,retail-2018-01-09.xls
2018-01-09,ptt,e20,25.44,2018-01-09,05:00,retail-2018-01-09.xls
2018-01-09,ptt,e85,20.64,2018-01-09,05:00,retail-2018-01-09.xls
2018-01-09,ptt,gh91,27.68,2018-01-09,05:00,retail-2018-01-09.xls
2018-01-09,ptt,gh95,27.95,2018-01-09,05:00,retail-2018-01-09.xls
2018-01-09,ptt,gl95,35.06,2018-01-09,05:00,retail-2018-01-09.xls
2018-01-09,ptt,pds,30.59,2018-01-09,05:00,retail-2018-01-09.xls
2018-01-09,pure,ds,27.59,2018-01-09,05:00,retail-2018-01-09.xls
2018-01-09,pure,e20,25.44,2018-01-09,05:00,retail-2018-01-09.xls
2018-01-09,pure,e85,20.64,2018-01-09,05:00,retail-2018-01-09.xls
2018-01-09,pure,gh91,27.68,2018-01-09,05:00,retail-2018-01-09.xls
2018-01-09,pure,gh95,27.95,2018-01-09,05:00,retail-2018-01-09.xls
2018-01-09,pure,gl95,35.06,2018-01-09,05:00,retail-2018-01-09.xls
2018-01-09,pure,pds,,,,retail-2018-01-09.xls
2018-01-09,shell,ds,27.59,2018-01-09,05:00,retail-2018-01-09.xls
2018-01-09,shell,e20,25.84,2018-01-09,05:00,retail-2018-01-09.xls
2018-01-09,shell,e85,,,,retail-2018-01-09.xls
2018-01-09,shell,gh91,28.08,2018-01-09,05:00,retail-2018-01-09.xls
2018-01-09,shell,gh95,,,,retail-2018-01-09.xls
2018-01-09,shell,gl95,,,,retail-2018-01-09.xls
2018-01-09,shell,pds,31.46,2018-01-09,05:00,retail-2018-01-09.xls
2018-01-09,susco1,ds,27.59,2018-01-09,05:00,retail-2018-01-09.xls
2018-01-09,susco1,e20,25.44,2018-01-09,05:00,retail-2018-01-09.xls
2018-01-09,susco1,e85,20.64,2018-01-09,05:00,retail-2018-01-09.xls
2018-01-09,susco1,gh91,27.68,2018-01-09,05:00,retail-2018-01-09.xls
2018-01-09,susco1,gh95,27.95,2018-01-09,05:00,retail-2018-01-09.xls
2018-01-09,susco1,gl95,35.06,2018-01-09,05:00,retail-2018-01-09.xls
2018-01-09,susco1,pds,,,,retail-2018-01-09.xls
2018-01-09,susco2,ds,27.59,2018-01-09,05:00,retail-2018-01-09.xls
2018-01-09,susco2,e20,25.44,2018-01-09,05:00,retail-2018-01-09.xls
2018-01-09,susco2,e85,,,,retail-2018-01-09.xls
2018-01-09,susco2,gh91,27.68,2018-01-09,05:00,retail-2018-01-09.xls
2018-01-09,susco2,gh95,27.95,2018-01-09,05:00,retail-2018-01-09.xls
2018-01-09,susco2,gl95,35.06,2018-01-09,05:00,retail-2018-01-09.xls
2018-01-09,susco2,pds,,,,retail-2018-01-09.xls
2018-01-18,bcp,ds,27.59,2018-01-18,05:00,retail-2018-01-18.xls
2018-01-18,bcp,e20,25.94,2018-01-18,05:00,retail-2018-01-18.xls
2018-01-18,bcp,e85,20.94,2018-01-18,05:00,retail-2018-01-18.xls
2018-01-18,bcp,gh91,28.18,2018-01-18,05:00,retail-2018-01-18.xls
2018-01-18,bcp,gh95,28.45,2018-01-18,05:00,retail-2018-01-18.xls
2018-01-18,bcp,gl95,,,,retail-2018-01-18.xls
2018-01-18,bcp,pds,31.46,2018-01-18,05:00,retail-2018-01-18.xls
2018-01-18,caltex,ds,27.59,2018-01-18,05:00,retail-2018-01-18.xls
2018-01-18,caltex,e20,25.94,2018-01-18,05:00,retail-2018-01-18.xls
2018-01-18,caltex,e85,,,,retail-2018-01-18.xls
2018-01-18,caltex,gh91,28.18,2018-01-18,05:00,retail-2018-01-18.xls
2018-01-18,caltex,gh95,28.45,2018-01-18,05:00,retail-2018-01-18.xls
2018-01-18,caltex,gl95,36.01,2018-01-18,05:00,retail-2018-01-18.xls
2018-01-18,caltex,pds,31.46,2018-01-18,05:00,retail-2018-01-18.xls
2018-01-18,esso,ds,27.59,2018-01-18,05:00,retail-2018-01-18.xls
2018-01-18,esso,e20,25.94,2018-01-18,05:00,retail-2018-01-18.xls
2018-01-18,esso,e85,,,,retail-2018-01-18.xls
2018-01-18,esso,gh91,28.18,2018-01-18,05:00,retail-2018-01-18.xls
2018-01-18,esso,gh95,28.45,2018-01-18,05:00,retail-2018-01-18.xls
2018-01-18,esso,gl95,,,,retail-2018-01-18.xls
2018-01-18,esso,pds,31.46,2018-01-18,05:00,retail-2018-01-18.xls
2018-01-18,irpc,ds,27.59,2018-01-18,05:00,retail-2018-01-18.xls
2018-01-18,irpc,e20,,,,retail-2018-01-18.xls
2018-01-18,irpc,e85,,,,retail-2018-01-18.xls
2018-01-18,irpc,gh91,28.18,2018-01-18,05:00,retail-2018-01-18.xls
2018-01-18,irpc,gh95,28.45,2018-01-18,05:00,retail-2018-01-18.xls
2018-01-18,irpc,gl95,,,,retail-2018-01-18.xls
2018-01-18,irpc,pds,,,,retail-2018-01-18.xls
2018-01-18,pt,ds,27.59,2018-01-18,05:00,retail-2018-01-18.xls
2018-01-18,pt,e20,25.94,2018-01-18,05:00,retail-2018-01-18.xls
2018-01-18,pt,e85,,,,retail-2018-01-18.xls
2018-01-18,pt,gh91,28.18,2018-01-18,05:00,retail-2018-01-18.xls
2018-01-18,pt,gh95,28.45,2018-01-18,05:00,retail-2018-01-18.xls
2018-01-18,pt,gl95,36.06,2018-01-18,05:00,retail-2018-01-18.xls
2018-01-18,pt,pds,,,,retail-2018-01-18.xls
2018-01-18,ptt,ds,27.59,2018-01-18,05:00,retail-2018-01-18.xls
2018-01-18,ptt,e20,25.94,2018-01-18,05:00,retail-2018-01-18.xls
2018-01-18,ptt,e85,20.94,2018-01-18,05:00,retail-2018-01-18.xls
2018-01-18,ptt,gh91,28.18,2018-01-18,05:00,retail-2018-01-18.xls
2018-01-18,ptt,gh95,28.45,2018-01-18,05:00,retail-2018-01-18.xls
2018-01-18,ptt,gl95,35.56,2018-01-18,05:00,retail-2018-01-18.xls
2018-01-18,ptt,pds,30.59,2018-01-18,05:00,retail-2018-01-18.xls
2018-01-18,pure,ds,27.59,2018-01-18,05:00,retail-2018-01-18.xls
2018-01-18,pure,e20,25.94,2018-01-18,05:00,retail-2018-01-18.xls
2018-01-18,pure,e85,20.94,2018-01-18,05:00,retail-2018-01-18.xls
2018-01-18,pure,gh91,28.18,2018-01-18,05:00,retail-2018-01-18.xls
2018-01-18,pure,gh95,28.45,2018-01-18,05:00,retail-2018-01-18.xls
2018-01-18,pure,gl95,35.06,2018-01-18,05:00,retail-2018-01-18.xls
2018-01-18,pure,pds,,,,retail-2018-01-18.xls
2018-01-18,shell,ds,27.59,2018-01-17,05:00,retail-2018-01-18.xls
2018-01-18,shell,e20,25.94,2018-01-17,05:00,retail-2018-01-18.xls
2018-01-18,shell,e85,,,,retail-2018-01-18.xls
2018-01-18,shell,gh91,28.18,2018-01-17,05:00,retail-2018-01-18.xls
2018-01-18,shell,gh95,,,,retail-2018-01-18.xls
2018-01-18,shell,gl95,,,,retail-2018-01-18.xls
2018-01-18,shell,pds,31.46,2018-01-17,05:00,retail-2018-01-18.xls
2018-01-18,susco1,ds,27.59,2018-01-18,05:00,retail-2018-01-18.xls
2018-01-18,susco1,e20,25.94,2018-01-18,05:00,retail-2018-01-18.xls
2018-01-18,susco1,e85,20.94,2018-01-18,05:00,retail-2018-01-18.xls
2018-01-18,susco1,gh91,28.18,2018-01-18,05:00,retail-2018-01-18.xls
2018-01-18,susco1,gh95,28.45,2018-01-18,05:00,retail-2018-01-18.xls
2018-01-18,susco1,gl95,35.56,2018-01-18,05:00,retail-2018-01-18.xls
2018-01-18,susco1,pds,,,,retail-2018-01-18.xls
2018-01-18,susco2,ds,27.59,2018-01-18,05:00,retail-2018-01-18.xls
2018-01-18,susco2,e20,25.94,2018-01-18,05:00,retail-2018-01-18.xls
2018-01-18,susco2,e85,,,,retail-2018-01-18.xls
2018-01-18,susco2,gh91,28.18,2018-01-18,05:00,retail-2018-01-18.xls
2018-01-18,susco2,gh95,28.45,2018-01-18,05:00,retail-2018-01-18.xls
2018-01-18,susco2,gl95,35.56,2018-01-18,05:00,retail-2018-01-18.xls
2018-01-18,susco2,pds,,,,retail-2018-01-18.xls
2018-01-27,bcp,ds,27.89,2018-01-27,05:00,retail-2018-01-27.xls
2018-01-27,bcp,e20,25.94,2018-01-27,05:00,retail-2018-01-27.xls
2018-01-27,bcp,e85,20.94,2018-01-27,05:00,retail-2018-01-27.xls
2018-01-27,bcp,gh91,28.18,2018-01-27,05:00,retail-2018-01-27.xls
2018-01-27,bcp,gh95,28.45,2018-01-27,05:00,retail-2018-01-27.xls
2018-01-27,bcp,gl95,,,,retail-2018-01-27.xls
2018-01-27,bcp,pds,31.76,2018-01-27,05:00,retail-2018-01-27.xls
2018-01-27,caltex,ds,27.89,2018-01-27,05:00,retail-2018-01-27.xls
2018-01-27,caltex,e20,25.94,2018-01-27,05:00,retail-2018-01-27.xls
2018-01-27,caltex,e85,,,,retail-2018-01-27.xls
2018-01-27,caltex,gh91,28.18,2018-01-27,05:00,retail-2018-01-27.xls
2018-01-27,caltex,gh95,28.45,2018-01-27,05:00,retail-2018-01-27.xls
2018-01-27,caltex,gl95,36.01,2018-01-27,05:00,retail-2018-01-27.xls
2018-01-27,caltex,pds,31.76,2018-01-27,05:00,retail-2018-01-27.xls
2018-01-27,esso,ds,27.89,2018-01-27,05:00,retail-2018-01-27.xls
2018-01-27,esso,e20,25.94,2018-01-27,05:00,retail-2018-01-27.xls
2018-01-27,esso,e85,,,,retail-2018-01-27.xls
2018-01-27,esso,gh91,28.18,2018-01-27,05:00,retail-2018-01-27.xls
2018-01-27,esso,gh95,28.45,2018-01-27,05:00,retail-2018-01-27.xls
2018-01-27,esso,gl95,,,,retail-2018-01-27.xls
2018-01-27,esso,pds,31.76,2018-01-27,05:00,retail-2018-01-27.xls
2018-01-27,irpc,ds,27.89,2018-01-27,05:00,retail-2018-01-27.xls
2018-01-27,irpc,e20,,,,retail-2018-01-27.xls
2018-01-27,irpc,e85,,,,retail-2018-01-27.xls
2018-01-27,irpc,gh91,28.18,2018-01-27,05:00,retail-2018-01-27.xls
2018-01-27,irpc,gh95,28.45,2018-01-27,05:00,retail-2018-01-27.xls
2018-01-27,irpc,gl95,,,,retail-2018-01-27.xls
2018-01-27,irpc,pds,,,,retail-2018-01-27.xls
2018-01-27,pt,ds,27.89,2018-01-27,05:00,retail-2018-01-27.xls
2018-01-27,pt,e20,25.94,2018-01-27,05:00,retail-2018-01-27.xls
2018-01-27,pt,e85,,,,retail-2018-01-27.xls
2018-01-27,pt,gh91,28.18,2018-01-27,05:00,retail-2018-01-27.xls
2018-01-27,pt,gh95,28.45,2018-01-27,05:00,retail-2018-01-27.xls
2018-01-27,pt,gl95,36.06,2018-01-27,05:00,retail-2018-01-27.xls
2018-01-27,pt,pds,,,,retail-2018-01-27.xls
2018-01-27,ptt,ds,27.89,2018-01-27,05:00,retail-2018-01-27.xls
2018-01-27,ptt,e20,25.94,2018-01-27,05:00,retail-2018-01-27.xls
2018-01-27,ptt,e85,20.94,2018-01-27,05:00,retail-2018-01-27.xls
2018-01-27,ptt,gh91,28.18,2018-01-27,05:00,retail-2018-01-27.xls
2018-01-27,ptt,gh95,28.45,2018-01-27,05:00,retail-2018-01-27.xls
2018-01-27,ptt,gl95,35.56,2018-01-27,05:00,retail-2018-01-27.xls
2018-01-27,ptt,pds,30.89,2018-01-27,05:00,retail-2018-01-27.xls
2018-01-27,pure,ds,27.89,2018-01-27,05:00,retail-2018-01-27.xls
2018-01-27,pure,e20,25.94,2018-01-27,05:00,retail-2018-01-27.xls
2018-01-27,pure,e85,20.94,2018-01-27,05:00,retail-2018-01-27.xls
2018-01-27,pure,gh91,28.18,2018-01-27,05:00,retail-2018-01-27.xls
2018-01-27,pure,gh95,28.45,2018-01-27,05:00,retail-2018-01-27.xls
2018-01-27,pure,gl95,35.06,2018-01-27,05:00,retail-2018-01-27.xls
2018-01-27,pure,pds,,,,retail-2018-01-27.xls
2018-01-27,shell,ds,27.89,2018-01-27,05:00,retail-2018-01-27.xls
2018-01-27,shell,e20,25.94,2018-01-27,05:00,retail-2018-01-27.xls
2018-01-27,shell,e85,,,,retail-2018-01-27.xls
2018-01-27,shell,gh91,28.28,2018-01-27,05:00,retail-2018-01-27.xls
2018-01-27,shell,gh95,,,,retail-2018-01-27.xls
2018-01-27,shell,gl95,,,,retail-2018-01-27.xls
2018-01-27,shell,pds,31.76,2018-01-27,05:00,retail-2018-01-27.xls
2018-01-27,susco1,ds,27.89,2018-01-27,05:00,retail-2018-01-27.xls
2018-01-27,susco1,e20,25.94,2018-01-27,05:00,retail-2018-01-27.xls
2018-01-27,susco1,e85,20.94,2018-01-27,05:00,retail-2018-01-27.xls
2018-01-27,susco1,gh91,28.18,2018-01-27,05:00,retail-2018-01-27.xls
2018-01-27,susco1,gh95,28.45,2018-01-27,05:00,retail-2018-01-27.xls
2018-01-27,susco1,gl95,35.56,2018-01-27,05:00,retail-2018-01-27.xls
2018-01-27,susco1,pds,,,,retail-2018-01-27.xls
2018-01-27,susco2,ds,27.89,2018-01-27,05:00,retail-2018-01-27.xls
2018-01-27,susco2,e20,25.94,2018-01-27,05:00,retail-2018-01-27.xls
2018-01-27,susco2,e85,,,,retail-2018-01-27.xls
2018-01-27,susco2,gh91,28.18,2018-01-27,05:00,retail-2018-01-27.xls
2018-01-27,susco2,gh95,28.45,2018-01-27,05:00,retail-2018-01-27.xls
2018-01-27,susco2,gl95,35.56,2018-01-27,05:00,retail-2018-01-27.xls
2018-01-27,susco2,pds,,,,retail-2018-01-27.xls
2018-02-03,bcp,ds,27.59,2018-02-03,05:00,retail-2018-02-03.xls
2018-02-03,bcp,e20,25.94,2018-02-03,05:00,retail-2018-02-03.xls
2018-02-03,bcp,e85,20.94,2018-02-03,05:00,retail-2018-02-03.xls
2018-02-03,bcp,gh91,28.18,2018-02-03,05:00,retail-2018-02-03.xls
2018-02-03,bcp,gh95,28.45,2018-02-03,05:00,retail-2018-02-03.xls
2018-02-03,bcp,gl95,,,,retail-2018-02-03.xls
2018-02-03,bcp,pds,31.46,2018-02-03,05:00,retail-2018-02-03.xls
2018-02-03,caltex,ds,27.59,2018-02-03,05:00,retail-2018-02-03.xls
2018-02-03,caltex,e20,25.94,2018-02-03,05:00,retail-2018-02-03.xls
2018-02-03,caltex,e85,,,,retail-2018-02-03.xls
2018-02-03,caltex,gh91,28.18,2018-02-03,05:00,retail-2018-02-03.xls
2018-02-03,caltex,gh95,28.45,2018-02-03,05:00,retail-2018-02-03.xls
2018-02-03,caltex,gl95,36.01,2018-02-03,05:00,retail-2018-02-03.xls
2018-02-03,caltex,pds,31.46,2018-02-03,05:00,retail-2018-02-03.xls
2018-02-03,esso,ds,27.59,2018-02-03,05:00,retail-2018-02-03.xls
2018-02-03,esso,e20,25.94,2018-02-03,05:00,retail-2018-02-03.xls
2018-02-03,esso,e85,,,,retail-2018-02-03.xls
2018-02-03,esso,gh91,28.18,2018-02-03,05:00,retail-2018-02-03.xls
2018-02-03,esso,gh95,28.45,2018-02-03,05:00,retail-2018-02-03.xls
2018-02-03,esso,gl95,,,,retail-2018-02-03.xls
2018-02-03,esso,pds,31.46,2018-02-03,05:00,retail-2018-02-03.xls
2018-02-03,irpc,ds,27.59,2018-02-03,05:00,retail-2018-02-03.xls
2018-02-03,irpc,e20,,,,retail-2018-02-03.xls
2018-02-03,irpc,e85,,,,retail-2018-02-03.xls
2018-02-03,irpc,gh91,28.18,2018-02-03,05:00,retail-2018-02-03.xls
2018-02-03,irpc,gh95,28.45,2018-02-03,05:00,retail-2018-02-03.xls
2018-02-03,irpc,gl95,,,,retail-2018-02-03.xls
2018-02-03,irpc,pds,,,,retail-2018-02-03.xls
2018-02-03,pt,ds,27.59,2018-02-03,05:00,retail-2018-02-03.xls
2018-02-03,pt,e20,25.94,2018-02-03,05:00,retail-2018-02-03.xls
2018-02-03,pt,e85,,,,retail-2018-02-03.xls
2018-02-03,pt,gh91,28.18,2018-02-03,05:00,retail-2018-02-03.xls
2018-02-03,pt,gh95,28.45,2018-02-03,05:00,retail-2018-02-03.xls
2018-02-03,pt,gl95,36.06,2018-02-03,05:00,retail-2018-02-03.xls
2018-02-03,pt,pds,,,,retail-2018-02-03.xls
2018-02-03,ptt,ds,27.59,2018-02-03,05:00,retail-2018-02-03.xls
2018-02-03,ptt,e20,25.94,2018-02-03,05:00,retail-2018-02-03.xls
2018-02-03,ptt,e85,20.94,2018-02-03,05:00,retail-2018-02-03.xls
2018-02-03,ptt,gh91,28.18,2018-02-03,05:00,retail-2018-02-03.xls
2018-02-03,ptt,gh95,28.45,2018-02-03,05:00,retail-2018-02-03.xls
2018-02-03,ptt,gl95,35.56,2018-02-03,05:00,retail-2018-02-03.xls
2018-02-03,ptt,pds,30.59,2018-02-03,05:00,retail-2018-02-03.xls
2018-02-03,pure,ds,27.89,2018-01-27,05:00,retail-2018-02-03.xls
2018-02-03,pure,e20,25.94,2018-01-27,05:00,retail-2018-02-03.xls
2018-02-03,pure,e85,20.94,2018-01-27,05:00,retail-2018-02-03.xls
2018-02-03,pure,gh91,28.18,2018-01-27,05:00,retail-2018-02-03.xls
2018-02-03,pure,gh95,28.45,2018-01-27,05:00,retail-2018-02-03.xls
2018-02-03,pure,gl95,35.06,2018-01-27,05:00,retail-2018-02-03.xls
2018-02-03,pure,pds,,,,retail-2018-02-03.xls
2018-02-03,shell,ds,27.89,2018-01-27,05:00,retail-2018-02-03.xls
2018-02-03,shell,e20,25.94,2018-01-27,05:00,retail-2018-02-03.xls
2018-02-03,shell,e85,,,,retail-2018-02-03.xls
2018-02-03,shell,gh91,28.28,2018-01-27,05:00,retail-2018-02-03.xls
2018-02-03,shell,gh95,,,,retail-2018-02-03.xls
2018-02-03,shell,gl95,,,,retail-2018-02-03.xls
2018-02-03,shell,pds,31.76,2018-01-27,05:00,retail-2018-02-03.xls
2018-02-03,susco1,ds,27.59,2018-02-03,05:00,retail-2018-02-03.xls
2018-02-03,susco1,e20,25.94,2018-02-03,05:00,retail-2018-02-03.xls
2018-02-03,susco1,e85,20.94,2018-02-03,05:00,retail-2018-02-03.xls
2018-02-03,susco1,gh91,28.18,2018-02-03,05:00,retail-2018-02-03.xls
2018-02-03,susco1,gh95,28.45,2018-02-03,05:00,retail-2018-02-03.xls
2018-02-03,susco1,gl95,35.56,2018-02-03,05:00,retail-2018-02-03.xls
2018-02-03,susco1,pds,,,,retail-2018-02-03.xls
2018-02-03,susco2,ds,27.59,2018-02-03,05:00,retail-2018-02-03.xls
2018-02-03,susco2,e20,25.94,2018-02-03,05:00,retail-2018-02-03.xls
2018-02-03,susco2,e85,,,,retail-2018-02-03.xls
2018-02-03,susco2,gh91,28.18,2018-02-03,05:00,retail-2018-02-03.xls
2018-02-03,susco2,gh95,28.45,2018-02-03,05:00,retail-2018-02-03.xls
2018-02-03,susco2,gl95,35.56,2018-02-03,05:00,retail-2018-02-03.xls
2018-02-03,susco2,pds,,,,retail-2018-02-03.xls
2018-02-09,bcp,ds,27.19,2018-02-09,05:00,retail-2018-02-09.xls
2018-02-09,bcp,e20,25.54,2018-02-09,05:00,retail-2018-02-09.xls
2018-02-09,bcp,e85,20.74,2018-02-09,05:00,retail-2018-02-09.xls
2018-02-09,bcp,gh91,27.78,2018-02-09,05:00,retail-2018-02-09.xls
2018-02-09,bcp,gh95,28.05,2018-02-09,05:00,retail-2018-02-09.xls
2018-02-09,bcp,gl95,,,,retail-2018-02-09.xls
2018-02-09,bcp,pds,31.06,2018-02-09,05:00,retail-2018-02-09.xls
2018-02-09,caltex,ds,27.19,2018-02-09,05:00,retail-2018-02-09.xls
2018-02-09,caltex,e20,25.54,2018-02-09,05:00,retail-2018-02-09.xls
2018-02-09,caltex,e85,,,,retail-2018-02-09.xls
2018-02-09,caltex,gh91,27.78,2018-02-09,05:00,retail-2018-02-09.xls
2018-02-09,caltex,gh95,28.05,2018-02-09,05:00,retail-2018-02-09.xls
2018-02-09,caltex,gl95,35.61,2018-02-09,05:00,retail-2018-02-09.xls
2018-02-09,caltex,pds,31.06,2018-02-09,05:00,retail-2018-02-09.xls
2018-02-09,esso,ds,27.19,2018-02-09,05:00,retail-2018-02-09.xls
2018-02-09,esso,e20,25.54,2018-02-09,05:00,retail-2018-02-09.xls
2018-02-09,esso,e85,,,,retail-2018-02-09.xls
2018-02-09,esso,gh91,27.78,2018-02-09,05:00,retail-2018-02-09.xls
2018-02-09,esso,gh95,28.05,2018-02-09,05:00,retail-2018-02-09.xls
2018-02-09,esso,gl95,,,,retail-2018-02-09.xls
2018-02-09,esso,pds,31.06,2018-02-09,05:00,retail-2018-02-09.xls
2018-02-09,irpc,ds,27.19,2018-02-09,05:00,retail-2018-02-09.xls
2018-02-09,irpc,e20,,,,retail-2018-02-09.xls
2018-02-09,irpc,e85,,,,retail-2018-02-09.xls
2018-02-09,irpc,gh91,27.78,2018-02-09,05:00,retail-2018-02-09.xls
2018-02-09,irpc,gh95,28.05,2018-02-09,05:00,retail-2018-02-09.xls
2018-02-09,irpc,gl95,,,,retail-2018-02-09.xls
2018-02-09,irpc,pds,,,,retail-2018-02-09.xls
2018-02-09,pt,ds,27.19,2018-02-09,05:00,retail-2018-02-09.xls
2018-02-09,pt,e20,25.54,2018-02-09,05:00,retail-2018-02-09.xls
2018-02-09,pt,e85,,,,retail-2018-02-09.xls
2018-02-09,pt,gh91,27.78,2018-02-09,05:00,retail-2018-02-09.xls
2018-02-09,pt,gh95,28.05,2018-02-09,05:00,retail-2018-02-09.xls
2018-02-09,pt,gl95,35.66,2018-02-09,05:00,retail-2018-02-09.xls
2018-02-09,pt,pds,,,,retail-2018-02-09.xls
2018-02-09,ptt,ds,27.19,2018-02-09,05:00,retail-2018-02-09.xls
2018-02-09,ptt,e20,25.54,2018-02-09,05:00,retail-2018-02-09.xls
2018-02-09,ptt,e85,20.74,2018-02-09,05:00,retail-2018-02-09.xls
2018-02-09,ptt,gh91,27.78,2018-02-09,05:00,retail-2018-02-09.xls
2018-02-09,ptt,gh95,28.05,2018-02-09,05:00,retail-2018-02-09.xls
2018-02-09,ptt,gl95,35.16,2018-02-09,05:00,retail-2018-02-09.xls
2018-02-09,ptt,pds,30.19,2018-02-09,05:00,retail-2018-02-09.xls
2018-02-09,pure,ds,27.19,2018-02-09,05:00,retail-2018-02-09.xls
2018-02-09,pure,e20,25.54,2018-02-09,05:00,retail-2018-02-09.xls
2018-02-09,pure,e85,20.74,2018-02-09,05:00,retail-2018-02-09.xls
2018-02-09,pure,gh91,27.78,2018-02-09,05:00,retail-2018-02-09.xls
2018-02-09,pure,gh95,28.05,2018-02-09,05:00,retail-2018-02-09.xls
2018-02-09,pure,gl95,34.66,2018-02-09,05:00,retail-2018-02-09.xls
2018-02-09,pure,pds,,,,retail-2018-02-09.xls
2018-02-09,shell,ds,27.19,2018-02-09,05:00,retail-2018-02-09.xls
2018-02-09,shell,e20,25.54,2018-02-09,05:00,retail-2018-02-09.xls
2018-02-09,shell,e85,,,,retail-2018-02-09.xls
2018-02-09,shell,gh91,27.88,2018-02-09,05:00,retail-2018-02-09.xls
2018-02-09,shell,gh95,28.05,2018-02-09,05:00,retail-2018-02-09.xls
2018-02-09,shell,gl95,,,,retail-2018-02-09.xls
2018-02-09,shell,pds,31.06,2018-02-09,05:00,retail-2018-02-09.xls
2018-02-09,susco1,ds,27.19,2018-02-09,05:00,retail-2018-02-09.xls
2018-02-09,susco1,e20,25.54,2018-02-09,05:00,retail-2018-02-09.xls
2018-02-09,susco1,e85,20.74,2018-02-09,05:00,retail-2018-02-09.xls
2018-02-09,susco1,gh91,27.78,2018-02-09,05:00,retail-2018-02-09.xls
2018-02-09,susco1,gh95,28.05,2018-02-09,05:00,retail-2018-02-09.xls
2018-02-09,susco1,gl95,35.16,2018-02-09,05:00,retail-2018-02-09.xls
2018-02-09,susco1,pds,,,,retail-2018-02-09.xls
2018-02-09,susco2,ds,27.19,2018-02-09,05:00,retail-2018-02-09.xls
2018-02-09,susco2,e20,25.54,2018-02-09,05:00,retail-2018-02-09.xls
2018-02-09,susco2,e85,,,,retail-2018-02-09.xls
2018-02-09,susco2,gh91,27.78,2018-02-09,05:00,retail-2018-02-09.xls
2018-02-09,susco2,gh95,28.05,2018-02-09,05:00,retail-2018-02-09.xls
2018-02-09,susco2,gl95,35.16,2018-02-09,05:00,retail-2018-02-09.xls
2018-02-09,susco2,pds,,,,retail-2018-02-09.xls
2018-02-14,bcp,ds,26.69,2018-02-14,05:00,retail-2018-02-14.xls
2018-02-14,bcp,e20,25.04,2018-02-14,05:00,retail-2018-02-14.xls
2018-02-14,bcp,e85,20.44,2018-02-14,05:00,retail-2018-02-14.xls
2018-02-14,bcp,gh91,27.28,2018-02-14,05:00,retail-2018-02-14.xls
2018-02-14,bcp,gh95,27.55,2018-02-14,05:00,retail-2018-02-14.xls
2018-02-14,bcp,gl95,,,,retail-2018-02-14.xls
2018-02-14,bcp,pds,30.56,2018-02-14,05:00,retail-2018-02-14.xls
2018-02-14,caltex,ds,26.69,2018-02-14,05:00,retail-2018-02-14.xls
2018-02-14,caltex,e20,25.04,2018-02-14,05:00,retail-2018-02-14.xls
2018-02-14,caltex,e85,,,,retail-2018-02-14.xls
2018-02-14,caltex,gh91,27.28,2018-02-14,05:00,retail-2018-02-14.xls
2018-02-14,caltex,gh95,27.55,2018-02-14,05:00,retail-2018-02-14.xls
2018-02-14,caltex,gl95,35.11,2018-02-14,05:00,retail-2018-02-14.xls
2018-02-14,caltex,pds,30.56,2018-02-14,05:00,retail-2018-02-14.xls
2018-02-14,esso,ds,26.69,2018-02-14,05:00,retail-2018-02-14.xls
2018-02-14,esso,e20,25.04,2018-02-14,05:00,retail-2018-02-14.xls
2018-02-14,esso,e85,,,,retail-2018-02-14.xls
2018-02-14,esso,gh91,27.28,2018-02-14,05:00,retail-2018-02-14.xls
2018-02-14,esso,gh95,27.55,2018-02-14,05:00,retail-2018-02-14.xls
2018-02-14,esso,gl95,,,,retail-2018-02-14.xls
2018-02-14,esso,pds,30.56,2018-02-14,05:00,retail-2018-02-14.xls
2018-02-14,irpc,ds,26.69,2018-02-14,05:00,retail-2018-02-14.xls
2018-02-14,irpc,e20,,,,retail-2018-02-14.xls
2018-02-14,irpc,e85,,,,retail-2018-02-14.xls
2018-02-14,irpc,gh91,27.28,2018-02-14,05:00,retail-2018-02-14.xls
2018-02-14,irpc,gh95,27.55,2018-02-14,05:00,retail-2018-02-14.xls
2018-02-14,irpc,gl95,,,,retail-2018-02-14.xls
2018-02-14,irpc,pds,,,,retail-2018-02-14.xls
2018-02-14,pt,ds,27.19,2018-02-09,05:00,retail-2018-02-14.xls
2018-02-14,pt,e20,25.54,2018-02-09,05:00,retail-2018-02-14.xls
2018-02-14,pt,e85,,,,retail-2018-02-14.xls
2018-02-14,pt,gh91,27.78,2018-02-09,05:00,retail-2018-02-14.xls
2018-02-14,pt,gh95,28.05,2018-02-09,05:00,retail-2018-02-14.xls
2018-02-14,pt,gl95,35.66,2018-02-09,05:00,retail-2018-02-14.xls
2018-02-14,pt,pds,,,,retail-2018-02-14.xls
2018-02-14,ptt,ds,26.69,2018-02-14,05:00,retail-2018-02-14.xls
2018-02-14,ptt,e20,25.04,2018-02-14,05:00,retail-2018-02-14.xls
2018-02-14,ptt,e85,20.44,2018-02-14,05:00,retail-2018-02-14.xls
2018-02-14,ptt,gh91,27.28,2018-02-14,05:00,retail-2018-02-14.xls
2018-02-14,ptt,gh95,27.55,2018-02-14,05:00,retail-2018-02-14.xls
2018-02-14,ptt,gl95,34.66,2018-02-14,05:00,retail-2018-02-14.xls
2018-02-14,ptt,pds,29.69,2018-02-14,05:00,retail-2018-02-14.xls
2018-02-14,pure,ds,26.69,2018-02-14,05:00,retail-2018-02-14.xls
2018-02-14,pure,e20,25.04,2018-02-14,05:00,retail-2018-02-14.xls
2018-02-14,pure,e85,20.44,2018-02-14,05:00,retail-2018-02-14.xls
2018-02-14,pure,gh91,27.28,2018-02-14,05:00,retail-2018-02-14.xls
2018-02-14,pure,gh95,27.55,2018-02-14,05:00,retail-2018-02-14.xls
2018-02-14,pure,gl95,34.66,2018-02-14,05:00,retail-2018-02-14.xls
2018-02-14,pure,pds,,,,retail-2018-02-14.xls
2018-02-14,shell,ds,26.69,2018-02-14,05:00,retail-2018-02-14.xls
2018-02-14,shell,e20,25.04,2018-02-14,05:00,retail-2018-02-14.xls
2018-02-14,shell,e85,,,,retail-2018-02-14.xls
2018-02-14,shell,gh91,27.38,2018-02-14,05:00,retail-2018-02-14.xls
2018-02-14,shell,gh95,27.55,2018-02-14,05:00,retail-2018-02-14.xls
2018-02-14,shell,gl95,,,,retail-2018-02-14.xls
2018-02-14,shell,pds,30.56,2018-02-14,05:00,retail-2018-02-14.xls
2018-02-14,susco1,ds,26.69,2018-02-14,05:00,retail-2018-02-14.xls
2018-02-14,susco1,e20,25.04,2018-02-14,05:00,retail-2018-02-14.xls
2018-02-14,susco1,e85,20.44,2018-02-14,05:00,retail-2018-02-14.xls
2018-02-14,susco1,gh91,27.28,2018-02-14,05:00,retail-2018-02-14.xls
2018-02-14,susco1,gh95,27.55,2018-02-14,05:00,retail-2018-02-14.xls
2018-02-14,susco1,gl95,34.66,2018-02-14,05:00,retail-2018-02-14.xls
2018-02-14,susco1,pds,,,,retail-2018-02-14.xls
2018-02-14,susco2,ds,26.69,2018-02-14,05:00,retail-2018-02-14.xls
2018-02-14,susco2,e20,25.04,2018-02-14,05:00,retail-2018-02-14.xls
2018-02-14,susco2,e85,,,,retail-2018-02-14.xls
2018-02-14,susco2,gh91,27.28,2018-02-14,05:00,retail-2018-02-14.xls
2018-02-14,susco2,gh95,27.55,2018-02-14,05:00,retail-2018-02-14.xls
2018-02-14,susco2,gl95,34.66,2018-02-14,05:00,retail-2018-02-14.xls
2018-02-14,susco2,pds,,,,retail-2018-02-14.xls
2018-02-16,bcp,ds,26.19,2018-02-16,05:00,retail-2018-02-16.xls
2018-02-16,bcp,e20,24.54,2018-02-16,05:00,retail-2018-02-16.xls
2018-02-16,bcp,e85,20.14,2018-02-16,05:00,retail-2018-02-16.xls
2018-02-16,bcp,gh91,26.78,2018-02-16,05:00,retail-2018-02-16.xls
2018-02-16,bcp,gh95,27.05,2018-02-16,05:00,retail-2018-02-16.xls
2018-02-16,bcp,gl95,,,,retail-2018-02-16.xls
2018-02-16,bcp,pds,30.06,2018-02-16,05:00,retail-2018-02-16.xls
2018-02-16,caltex,ds,26.19,2018-02-16,05:00,retail-2018-02-16.xls
2018-02-16,caltex,e20,24.54,2018-02-16,05:00,retail-2018-02-16.xls
2018-02-16,caltex,e85,,,,retail-2018-02-16.xls
2018-02-16,caltex,gh91,26.78,2018-02-16,05:00,retail-2018-02-16.xls
2018-02-16,caltex,gh95,27.05,2018-02-16,05:00,retail-2018-02-16.xls
2018-02-16,caltex,gl95,34.61,2018-02-16,05:00,retail-2018-02-16.xls
2018-02-16,caltex,pds,30.06,2018-02-16,05:00,retail-2018-02-16.xls
2018-02-16,esso,ds,26.19,2018-02-16,05:00,retail-2018-02-16.xls
2018-02-16,esso,e20,24.54,2018-02-16,05:00,retail-2018-02-16.xls
2018-02-16,esso,e85,,,,retail-2018-02-16.xls
2018-02-16,esso,gh91,26.78,2018-02-16,05:00,retail-2018-02-16.xls
2018-02-16,esso,gh95,27.05,2018-02-16,05:00,retail-2018-02-16.xls
2018-02-16,esso,gl95,,,,retail-2018-02-16.xls
2018-02-16,esso,pds,30.06,2018-02-16,05:00,retail-2018-02-16.xls
2018-02-16,irpc,ds,26.19,2018-02-16,05:00,retail-2018-02-16.xls
2018-02-16,irpc,e20,,,,retail-2018-02-16.xls
2018-02-16,irpc,e85,,,,retail-2018-02-16.xls
2018-02-16,irpc,gh91,26.78,2018-02-16,05:00,retail-2018-02-16.xls
2018-02-16,irpc,gh95,27.05,2018-02-16,05:00,retail-2018-02-16.xls
2018-02-16,irpc,gl95,,,,retail-2018-02-16.xls
2018-02-16,irpc,pds,,,,retail-2018-02-16.xls
2018-02-16,pt,ds,26.19,2018-02-16,05:00,retail-2018-02-16.xls
2018-02-16,pt,e20,24.54,2018-02-16,05:00,retail-2018-02-16.xls
2018-02-16,pt,e85,,,,retail-2018-02-16.xls
2018-02-16,pt,gh91,26.78,2018-02-16,05:00,retail-2018-02-16.xls
2018-02-16,pt,gh95,27.05,2018-02-16,05:00,retail-2018-02-16.xls
2018-02-16,pt,gl95,34.66,2018-02-16,05:00,retail-2018-02-16.xls
2018-02-16,pt,pds,,,,retail-2018-02-16.xls
2018-02-16,ptt,ds,26.19,2018-02-16,05:00,retail-2018-02-16.xls
2018-02-16,ptt,e20,24.54,2018-02-16,05:00,retail-2018-02-16.xls
2018-02-16,ptt,e85,20.14,2018-02-16,05:00,retail-2018-02-16.xls
2018-02-16,ptt,gh91,26.78,2018-02-16,05:00,retail-2018-02-16.xls
2018-02-16,ptt,gh95,27.05,2018-02-16,05:00,retail-2018-02-16.xls
2018-02-16,ptt,gl95,34.16,2018-02-16,05:00,retail-2018-02-16.xls
2018-02-16,ptt,pds,29.19,2018-02-16,05:00,retail-2018-02-16.xls
2018-02-16,pure,ds,26.19,2018-02-16,05:00,retail-2018-02-16.xls
2018-02-16,pure,e20,24.54,2018-02-16,05:00,retail-2018-02-16.xls
2018-02-16,pure,e85,20.14,2018-02-16,05:00,retail-2018-02-16.xls
2018-02-16,pure,gh91,26.78,2018-02-16,05:00,retail-2018-02-16.xls
2018-02-16,pure,gh95,27.05,2018-02-16,05:00,retail-2018-02-16.xls
2018-02-16,pure,gl95,34.16,2018-02-16,05:00,retail-2018-02-16.xls
2018-02-16,pure,pds,,,,retail-2018-02-16.xls
2018-02-16,shell,ds,26.19,2018-02-16,05:00,retail-2018-02-16.xls
2018-02-16,shell,e20,24.54,2018-02-16,05:00,retail-2018-02-16.xls
2018-02-16,shell,e85,,,,retail-2018-02-16.xls
2018-02-16,shell,gh91,26.88,2018-02-16,05:00,retail-2018-02-16.xls
2018-02-16,shell,gh95,27.05,2018-02-16,05:00,retail-2018-02-16.xls
2018-02-16,shell,gl95,,,,retail-2018-02-16.xls
2018-02-16,shell,pds,30.06,2018-02-16,05:00,retail-2018-02-16.xls
2018-02-16,susco1,ds,26.19,2018-02-16,05:00,retail-2018-02-16.xls
2018-02-16,susco1,e20,24.54,2018-02-16,05:00,retail-2018-02-16.xls
2018-02-16,susco1,e85,20.14,2018-02-16,05:00,retail-2018-02-16.xls
2018-02-16,susco1,gh91,26.78,2018-02-16,05:00,retail-2018-02-16.xls
2018-02-16,susco1,gh95,27.05,2018-02-16,05:00,retail-2018-02-16.xls
2018-02-16,susco1,gl95,34.16,2018-02-16,05:00,retail-2018-02-16.xls
2018-02-16,susco1,pds,,,,retail-2018-02-16.xls
2018-02-16,susco2,ds,26.19,2018-02-16,05:00,retail-2018-02-16.xls
2018-02-16,susco2,e20,24.54,2018-02-16,05:00,retail-2018-02-16.xls
2018-02-16,susco2,e85,,,,retail-2018-02-16.xls
2018-02-16,susco2,gh91,26.78,2018-02-16,05:00,retail-2018-02-16.xls
2018-02-16,susco2,gh95,27.05,2018-02-16,05:00,retail-2018-02-16.xls
2018-02-16,susco2,gl95,34.16,2018-02-16,05:00,retail-2018-02-16.xls
2018-02-16,susco2,pds,,,,retail-2018-02-16.xls
2018-02-23,bcp,ds,26.69,2018-02-23,05:00,retail-2018-02-23_1521171897.xls
2018-02-23,bcp,e20,25.04,2018-02-23,05:00,retail-2018-02-23_1521171897.xls
2018-02-23,bcp,e85,20.44,2018-02-23,05:00,retail-2018-02-23_1521171897.xls
2018-02-23,bcp,gh91,27.28,2018-02-23,05:00,retail-2018-02-23_1521171897.xls
2018-02-23,bcp,gh95,27.55,2018-02-23,05:00,retail-2018-02-23_1521171897.xls
2018-02-23,bcp,gl95,,,,retail-2018-02-23_1521171897.xls
2018-02-23,bcp,pds,30.56,2018-02-23,05:00,retail-2018-02-23_1521171897.xls
2018-02-23,caltex,ds,26.69,2018-02-23,05:00,retail-2018-02-23_1521171897.xls
2018-02-23,caltex,e20,25.04,2018-02-23,05:00,retail-2018-02-23_1521171897.xls
2018-02-23,caltex,e85,,,,retail-2018-02-23_1521171897.xls
2018-02-23,caltex,gh91,27.28,2018-02-23,05:00,retail-2018-02-23_1521171897.xls
2018-02-23,caltex,gh95,27.55,2018-02-23,05:00,retail-2018-02-23_1521171897.xls
2018-02-23,caltex,gl95,35.11,2018-02-23,05:00,retail-2018-02-23_1521171897.xls
2018-02-23,caltex,pds,30.56,2018-02-23,05:00,retail-2018-02-23_1521171897.xls
2018-02-23,esso,ds,26.69,2018-02-23,05:00,retail-2018-02-23_1521171897.xls
2018-02-23,esso,e20,25.04,2018-02-23,05:00,retail-2018-02-23_1521171897.xls
2018-02-23,esso,e85,,,,retail-2018-02-23_1521171897.xls
2018-02-23,esso,gh91,27.28,2018-02-23,05:00,retail-2018-02-23_1521171897.xls
2018-02-23,esso,gh95,27.55,2018-02-23,05:00,retail-2018-02-23_1521171897.xls
2018-02-23,esso,gl95,,,,retail-2018-02-23_1521171897.xls
2018-02-23,esso,pds,30.56,2018-02-23,05:00,retail-2018-02-23_1521171897.xls
2018-02-23,irpc,ds,26.69,2018-02-23,05:00,retail-2018-02-23_1521171897.xls
2018-02-23,irpc,e20,,,,retail-2018-02-23_1521171897.xls
2018-02-23,irpc,e85,,,,retail-2018-02-23_1521171897.xls
2018-02-23,irpc,gh91,27.28,2018-02-23,05:00,retail-2018-02-23_1521171897.xls
2018-02-23,irpc,gh95,27.55,2018-02-23,05:00,retail-2018-02-23_1521171897.xls
2018-02-23,irpc,gl95,,,,retail-2018-02-23_1521171897.xls
2018-02-23,irpc,pds,,,,retail-2018-02-23_1521171897.xls
2018-02-23,pt,ds,26.69,2018-02-23,05:00,retail-2018-02-23_1521171897.xls
2018-02-23,pt,e20,25.04,2018-02-23,05:00,retail-2018-02-23_1521171897.xls
2018-02-23,pt,e85,,,,retail-2018-02-23_1521171897.xls
2018-02-23,pt,gh91,27.28,2018-02-23,05:00,retail-2018-02-23_1521171897.xls
2018-02-23,pt,gh95,27.55,2018-02-23,05:00,retail-2018-02-23_1521171897.xls
2018-02-23,pt,gl95,35.16,2018-02-23,05:00,retail-2018-02-23_1521171897.xls
2018-02-23,pt,pds,,,,retail-2018-02-23_1521171897.xls
2018-02-23,ptt,ds,26.69,2018-02-23,05:00,retail-2018-02-23_1521171897.xls
2018-02-23,ptt,e20,25.04,2018-02-23,05:00,retail-2018-02-23_1521171897.xls
2018-02-23,ptt,e85,20.44,2018-02-23,05:00,retail-2018-02-23_1521171897.xls
2018-02-23,ptt,gh91,27.28,2018-02-23,05:00,retail-2018-02-23_1521171897.xls
2018-02-23,ptt,gh95,27.55,2018-02-23,05:00,retail-2018-02-23_1521171897.xls
2018-02-23,ptt,gl95,34.66,2018-02-23,05:00,retail-2018-02-23_1521171897.xls
2018-02-23,ptt,pds,29.69,2018-02-23,05:00,retail-2018-02-23_1521171897.xls
2018-02-23,pure,ds,26.69,2018-02-23,05:00,retail-2018-02-23_1521171897.xls
2018-02-23,pure,e20,25.04,2018-02-23,05:00,retail-2018-02-23_1521171897.xls
2018-02-23,pure,e85,20.44,2018-02-23,05:00,retail-2018-02-23_1521171897.xls
2018-02-23,pure,gh91,27.28,2018-02-23,05:00,retail-2018-02-23_1521171897.xls
2018-02-23,pure,gh95,27.55,2018-02-23,05:00,retail-2018-02-23_1521171897.xls
2018-02-23,pure,gl95,34.66,2018-02-23,05:00,retail-2018-02-23_1521171897.xls
2018-02-23,pure,pds,,,,retail-2018-02-23_1521171897.xls
2018-02-23,shell,ds,26.69,2018-02-21,05:00,retail-2018-02-23_1521171897.xls
2018-02-23,shell,e20,25.04,2018-02-21,05:00,retail-2018-02-23_1521171897.xls
2018-02-23,shell,e85,,,,retail-2018-02-23_1521171897.xls
2018-02-23,shell,gh91,27.38,2018-02-21,05:00,retail-2018-02-23_1521171897.xls
2018-02-23,shell,gh95,27.55,2018-02-21,05:00,retail-2018-02-23_1521171897.xls
2018-02-23,shell,gl95,,,,retail-2018-02-23_1521171897.xls
2018-02-23,shell,pds,30.56,2018-02-21,05:00,retail-2018-02-23_1521171897.xls
2018-02-23,susco1,ds,26.69,2018-02-23,05:00,retail-2018-02-23_1521171897.xls
2018-02-23,susco1,e20,25.04,2018-02-23,05:00,retail-2018-02-23_1521171897.xls
2018-02-23,susco1,e85,20.44,2018-02-23,05:00,retail-2018-02-23_1521171897.xls
2018-02-23,susco1,gh91,27.28,2018-02-23,05:00,retail-2018-02-23_1521171897.xls
2018-02-23,susco1,gh95,27.55,2018-02-23,05:00,retail-2018-02-23_1521171897.xls
2018-02-23,susco1,gl95,34.66,2018-02-23,05:00,retail-2018-02-23_1521171897.xls
2018-02-23,susco1,pds,,,,retail-2018-02-23_1521171897.xls
2018-02-23,susco2,ds,26.69,2018-02-23,05:00,retail-2018-02-23_1521171897.xls
2018-02-23,susco2,e20,25.04,2018-02-23,05:00,retail-2018-02-23_1521171897.xls
2018-02-23,susco2,e85,,,,retail-2018-02-23_1521171897.xls
2018-02-23,susco2,gh91,27.28,2018-02-23,05:00,retail-2018-02-23_1521171897.xls
2018-02-23,susco2,gh95,27.55,2018-02-23,05:00,retail-2018-02-23_1521171897.xls
2018-02-23,susco2,gl95,34.66,2018-02-23,05:00,retail-2018-02-23_1521171897.xls
2018-02-23,susco2,pds,,,,retail-2018-02-23_1521171897.xls
2018-03-01,bcp,ds,27.09,2018-03-01,05:00,retail-2018-03-01.xls
2018-03-01,bcp,e20,25.34,2018-03-01,05:00,retail-2018-03-01.xls
2018-03-01,bcp,e85,20.44,2018-03-01,05:00,retail-2018-03-01.xls
2018-03-01,bcp,gh91,27.58,2018-03-01,05:00,retail-2018-03-01.xls
2018-03-01,bcp,gh95,27.85,2018-03-01,05:00,retail-2018-03-01.xls
2018-03-01,bcp,gl95,,,,retail-2018-03-01.xls
2018-03-01,bcp,pds,30.96,2018-03-01,05:00,retail-2018-03-01.xls
2018-03-01,caltex,ds,27.09,2018-03-01,05:00,retail-2018-03-01.xls
2018-03-01,caltex,e20,25.34,2018-03-01,05:00,retail-2018-03-01.xls
2018-03-01,caltex,e85,,,,retail-2018-03-01.xls
2018-03-01,caltex,gh91,27.58,2018-03-01,05:00,retail-2018-03-01.xls
2018-03-01,caltex,gh95,27.85,2018-03-01,05:00,retail-2018-03-01.xls
2018-03-01,caltex,gl95,35.41,2018-03-01,05:00,retail-2018-03-01.xls
2018-03-01,caltex,pds,30.96,2018-03-01,05:00,retail-2018-03-01.xls
2018-03-01,esso,ds,27.09,2018-03-01,05:00,retail-2018-03-01.xls
2018-03-01,esso,e20,25.34,2018-03-01,05:00,retail-2018-03-01.xls
2018-03-01,esso,e85,,,,retail-2018-03-01.xls
2018-03-01,esso,gh91,27.58,2018-03-01,05:00,retail-2018-03-01.xls
2018-03-01,esso,gh95,27.85,2018-03-01,05:00,retail-2018-03-01.xls
2018-03-01,esso,gl95,,,,retail-2018-03-01.xls
2018-03-01,esso,pds,30.96,2018-03-01,05:00,retail-2018-03-01.xls
2018-03-01,irpc,ds,27.09,2018-03-01,05:00,retail-2018-03-01.xls
2018-03-01,irpc,e20,,,,retail-2018-03-01.xls
2018-03-01,irpc,e85,,,,retail-2018-03-01.xls
2018-03-01,irpc,gh91,27.58,2018-03-01,05:00,retail-2018-03-01.xls
2018-03-01,irpc,gh95,27.85,2018-03-01,05:00,retail-2018-03-01.xls
2018-03-01,irpc,gl95,,,,retail-2018-03-01.xls
2018-03-01,irpc,pds,,,,retail-2018-03-01.xls
2018-03-01,pt,ds,27.09,2018-03-01,05:00,retail-2018-03-01.xls
2018-03-01,pt,e20,25.34,2018-03-01,05:00,retail-2018-03-01.xls
2018-03-01,pt,e85,,,,retail-2018-03-01.xls
2018-03-01,pt,gh91,27.58,2018-03-01,05:00,retail-2018-03-01.xls
2018-03-01,pt,gh95,27.85,2018-03-01,05:00,retail-2018-03-01.xls
2018-03-01,pt,gl95,35.46,2018-03-01,05:00,retail-2018-03-01.xls
2018-03-01,pt,pds,,,,retail-2018-03-01.xls
2018-03-01,ptt,ds,27.09,2018-03-01,05:00,retail-2018-03-01.xls
2018-03-01,ptt,e20,25.34,2018-03-01,05:00,retail-2018-03-01.xls
2018-03-01,ptt,e85,20.44,2018-03-01,05:00,retail-2018-03-01.xls
2018-03-01,ptt,gh91,27.58,2018-03-01,05:00,retail-2018-03-01.xls
2018-03-01,ptt,gh95,27.85,2018-03-01,05:00,retail-2018-03-01.xls
2018-03-01,ptt,gl95,34.96,2018-03-01,05:00,retail-2018-03-01.xls
2018-03-01,ptt,pds,30.09,2018-03-01,05:00,retail-2018-03-01.xls
2018-03-01,pure,ds,27.09,2018-03-01,05:00,retail-2018-03-01.xls
2018-03-01,pure,e20,25.34,2018-03-01,05:00,retail-2018-03-01.xls
2018-03-01,pure,e85,20.44,2018-03-01,05:00,retail-2018-03-01.xls
2018-03-01,pure,gh91,27.58,2018-03-01,05:00,retail-2018-03-01.xls
2018-03-01,pure,gh95,27.85,2018-03-01,05:00,retail-2018-03-01.xls
2018-03-01,pure,gl95,34.96,2018-03-01,05:00,retail-2018-03-01.xls
2018-03-01,pure,pds,,,,retail-2018-03-01.xls
2018-03-01,shell,ds,27.09,2018-03-01,05:00,retail-2018-03-01.xls
2018-03-01,shell,e20,25.34,2018-03-01,05:00,retail-2018-03-01.xls
2018-03-01,shell,e85,,,,retail-2018-03-01.xls
2018-03-01,shell,gh91,27.68,2018-03-01,05:00,retail-2018-03-01.xls
2018-03-01,shell,gh95,27.85,2018-03-01,05:00,retail-2018-03-01.xls
2018-03-01,shell,gl95,,,,retail-2018-03-01.xls
2018-03-01,shell,pds,30.96,2018-03-01,05:00,retail-2018-03-01.xls
2018-03-01,susco1,ds,27.09,2018-03-01,05:00,retail-2018-03-01.xls
2018-03-01,susco1,e20,25.34,2018-03-01,05:00,retail-2018-03-01.xls
2018-03-01,susco1,e85,20.44,2018-03-01,05:00,retail-2018-03-01.xls
2018-03-01,susco1,gh91,27.58,2018-03-01,05:00,retail-2018-03-01.xls
2018-03-01,susco1,gh95,27.85,2018-03-01,05:00,retail-2018-03-01.xls
2018-03-01,susco1,gl95,34.96,2018-03-01,05:00,retail-2018-03-01.xls
2018-03-01,susco1,pds,,,,retail-2018-03-01.xls
2018-03-01,susco2,ds,27.09,2018-03-01,05:00,retail-2018-03-01.xls
2018-03-01,susco2,e20,25.34,2018-03-01,05:00,retail-2018-03-01.xls
2018-03-01,susco2,e85,,,,retail-2018-03-01.xls
2018-03-01,susco2,gh91,27.58,2018-03-01,05:00,retail-2018-03-01.xls
2018-03-01,susco2,gh95,27.85,2018-03-01,05:00,retail-2018-03-01.xls
2018-03-01,susco2,gl95,34.96,2018-03-01,05:00,retail-2018-03-01.xls
2018-03-01,susco2,pds,,,,retail-2018-03-01.xls
2018-03-22,bcp,ds,26.99,2018-03-22,05:00,retail-2018-03-22.xls
2018-03-22,bcp,e20,25.24,2018-03-22,05:00,retail-2018-03-22.xls
2018-03-22,bcp,e85,20.34,2018-03-22,05:00,retail-2018-03-22.xls
2018-03-22,bcp,gh91,27.48,2018-03-22,05:00,retail-2018-03-22.xls
2018-03-22,bcp,gh95,27.75,2018-03-22,05:00,retail-2018-03-22.xls
2018-03-22,bcp,gl95,,,,retail-2018-03-22.xls
2018-03-22,bcp,pds,30.86,2018-03-22,05:00,retail-2018-03-22.xls
2018-03-22,caltex,ds,26.99,2018-03-22,05:00,retail-2018-03-22.xls
2018-03-22,caltex,e20,25.24,2018-03-22,05:00,retail-2018-03-22.xls
2018-03-22,caltex,e85,,,,retail-2018-03-22.xls
2018-03-22,caltex,gh91,27.48,2018-03-22,05:00,retail-2018-03-22.xls
2018-03-22,caltex,gh95,27.75,2018-03-22,05:00,retail-2018-03-22.xls
2018-03-22,caltex,gl95,35.31,2018-03-22,05:00,retail-2018-03-22.xls
2018-03-22,caltex,pds,30.86,2018-03-22,05:00,retail-2018-03-22.xls
2018-03-22,esso,ds,26.99,2018-03-22,05:00,retail-2018-03-22.xls
2018-03-22,esso,e20,25.24,2018-03-22,05:00,retail-2018-03-22.xls
2018-03-22,esso,e85,,,,retail-2018-03-22.xls
2018-03-22,esso,gh91,27.48,2018-03-22,05:00,retail-2018-03-22.xls
2018-03-22,esso,gh95,27.75,2018-03-22,05:00,retail-2018-03-22.xls
2018-03-22,esso,gl95,,,,retail-2018-03-22.xls
2018-03-22,esso,pds,30.86,2018-03-22,05:00,retail-2018-03-22.xls
2018-03-22,irpc,ds,26.99,2018-03-22,05:00,retail-2018-03-22.xls
2018-03-22,irpc,e20,,,,retail-2018-03-22.xls
2018-03-22,irpc,e85,,,,retail-2018-03-22.xls
2018-03-22,irpc,gh91,27.48,2018-03-22,05:00,retail-2018-03-22.xls
2018-03-22,irpc,gh95,27.75,2018-03-22,05:00,retail-2018-03-22.xls
2018-03-22,irpc,gl95,,,,retail-2018-03-22.xls
2018-03-22,irpc,pds,,,,retail-2018-03-22.xls
2018-03-22,pt,ds,26.99,2018-03-22,05:00,retail-2018-03-22.xls
2018-03-22,pt,e20,25.24,2018-03-22,05:00,retail-2018-03-22.xls
2018-03-22,pt,e85,,,,retail-2018-03-22.xls
2018-03-22,pt,gh91,27.48,2018-03-22,05:00,retail-2018-03-22.xls
2018-03-22,pt,gh95,27.75,2018-03-22,05:00,retail-2018-03-22.xls
2018-03-22,pt,gl95,35.36,2018-03-22,05:00,retail-2018-03-22.xls
2018-03-22,pt,pds,,,,retail-2018-03-22.xls
2018-03-22,ptt,ds,26.99,2018-03-22,05:00,retail-2018-03-22.xls
2018-03-22,ptt,e20,25.24,2018-03-22,05:00,retail-2018-03-22.xls
2018-03-22,ptt,e85,20.34,2018-03-22,05:00,retail-2018-03-22.xls
2018-03-22,ptt,gh91,27.48,2018-03-22,05:00,retail-2018-03-22.xls
2018-03-22,ptt,gh95,27.75,2018-03-22,05:00,retail-2018-03-22.xls
2018-03-22,ptt,gl95,34.86,2018-03-22,05:00,retail-2018-03-22.xls
2018-03-22,ptt,pds,29.99,2018-03-22,05:00,retail-2018-03-22.xls
2018-03-22,pure,ds,26.99,2018-03-22,05:00,retail-2018-03-22.xls
2018-03-22,pure,e20,25.24,2018-03-22,05:00,retail-2018-03-22.xls
2018-03-22,pure,e85,20.34,2018-03-22,05:00,retail-2018-03-22.xls
2018-03-22,pure,gh91,27.48,2018-03-22,05:00,retail-2018-03-22.xls
2018-03-22,pure,gh95,27.75,2018-03-22,05:00,retail-2018-03-22.xls
2018-03-22,pure,gl95,34.86,2018-03-22,05:00,retail-2018-03-22.xls
2018-03-22,pure,pds,,,,retail-2018-03-22.xls
2018-03-22,shell,ds,26.99,2018-03-21,05:00,retail-2018-03-22.xls
2018-03-22,shell,e20,25.24,2018-03-21,05:00,retail-2018-03-22.xls
2018-03-22,shell,e85,,,,retail-2018-03-22.xls
2018-03-22,shell,gh91,27.58,2018-03-21,05:00,retail-2018-03-22.xls
2018-03-22,shell,gh95,27.75,2018-03-21,05:00,retail-2018-03-22.xls
2018-03-22,shell,gl95,,,,retail-2018-03-22.xls
2018-03-22,shell,pds,30.86,2018-03-21,05:00,retail-2018-03-22.xls
2018-03-22,susco1,ds,26.99,2018-03-22,05:00,retail-2018-03-22.xls
2018-03-22,susco1,e20,25.24,2018-03-22,05:00,retail-2018-03-22.xls
2018-03-22,susco1,e85,20.34,2018-03-22,05:00,retail-2018-03-22.xls
2018-03-22,susco1,gh91,27.48,2018-03-22,05:00,retail-2018-03-22.xls
2018-03-22,susco1,gh95,27.75,2018-03-22,05:00,retail-2018-03-22.xls
2018-03-22,susco1,gl95,34.86,2018-03-22,05:00,retail-2018-03-22.xls
2018-03-22,susco1,pds,,,,retail-2018-03-22.xls
2018-03-22,susco2,ds,26.99,2018-03-22,05:00,retail-2018-03-22.xls
2018-03-22,susco2,e20,25.24,2018-03-22,05:00,retail-2018-03-22.xls
2018-03-22,susco2,e85,,,,retail-2018-03-22.xls
2018-03-22,susco2,gh91,27.48,2018-03-22,05:00,retail-2018-03-22.xls
2018-03-22,susco2,gh95,27.75,2018-03-22,05:00,retail-2018-03-22.xls
2018-03-22,susco2,gl95,34.86,2018-03-22,05:00,retail-2018-03-22.xls
2018-03-22,susco2,pds,,,,retail-2018-03-22.xls
2018-03-24,bcp,ds,27.29,2018-03-24,05:00,retail-2018-03-24.xls
2018-03-24,bcp,e20,25.54,2018-03-24,05:00,retail-2018-03-24.xls
2018-03-24,bcp,e85,20.34,2018-03-24,05:00,retail-2018-03-24.xls
2018-03-24,bcp,gh91,27.78,2018-03-24,05:00,retail-2018-03-24.xls
2018-03-24,bcp,gh95,28.05,2018-03-24,05:00,retail-2018-03-24.xls
2018-03-24,bcp,gl95,,,,retail-2018-03-24.xls
2018-03-24,bcp,pds,31.16,2018-03-24,05:00,retail-2018-03-24.xls
2018-03-24,caltex,ds,27.29,2018-03-24,05:00,retail-2018-03-24.xls
2018-03-24,caltex,e20,25.54,2018-03-24,05:00,retail-2018-03-24.xls
2018-03-24,caltex,e85,,,,retail-2018-03-24.xls
2018-03-24,caltex,gh91,27.78,2018-03-24,05:00,retail-2018-03-24.xls
2018-03-24,caltex,gh95,28.05,2018-03-24,05:00,retail-2018-03-24.xls
2018-03-24,caltex,gl95,35.61,2018-03-24,05:00,retail-2018-03-24.xls
2018-03-24,caltex,pds,31.16,2018-03-24,05:00,retail-2018-03-24.xls
2018-03-24,esso,ds,27.29,2018-03-24,05:00,retail-2018-03-24.xls
2018-03-24,esso,e20,25.54,2018-03-24,05:00,retail-2018-03-24.xls
2018-03-24,esso,e85,,,,retail-2018-03-24.xls
2018-03-24,esso,gh91,27.78,2018-03-24,05:00,retail-2018-03-24.xls
2018-03-24,esso,gh95,28.05,2018-03-24,05:00,retail-2018-03-24.xls
2018-03-24,esso,gl95,,,,retail-2018-03-24.xls
2018-03-24,esso,pds,31.16,2018-03-24,05:00,retail-2018-03-24.xls
2018-03-24,irpc,ds,27.29,2018-03-24,05:00,retail-2018-03-24.xls
2018-03-24,irpc,e20,,,,retail-2018-03-24.xls
2018-03-24,irpc,e85,,,,retail-2018-03-24.xls
2018-03-24,irpc,gh91,27.78,2018-03-24,05:00,retail-2018-03-24.xls
2018-03-24,irpc,gh95,28.05,2018-03-24,05:00,retail-2018-03-24.xls
2018-03-24,irpc,gl95,,,,retail-2018-03-24.xls
2018-03-24,irpc,pds,,,,retail-2018-03-24.xls
2018-03-24,pt,ds,27.29,2018-03-24,05:00,retail-2018-03-24.xls
2018-03-24,pt,e20,25.54,2018-03-24,05:00,retail-2018-03-24.xls
2018-03-24,pt,e85,,,,retail-2018-03-24.xls
2018-03-24,pt,gh91,27.78,2018-03-24,05:00,retail-2018-03-24.xls
2018-03-24,pt,gh95,28.05,2018-03-24,05:00,retail-2018-03-24.xls
2018-03-24,pt,gl95,35.66,2018-03-24,05:00,retail-2018-03-24.xls
2018-03-24,pt,pds,,,,retail-2018-03-24.xls
2018-03-24,ptt,ds,27.29,2018-03-24,05:00,retail-2018-03-24.xls
2018-03-24,ptt,e20,25.54,2018-03-24,05:00,retail-2018-03-24.xls
2018-03-24,ptt,e85,20.34,2018-03-24,05:00,retail-2018-03-24.xls
2018-03-24,ptt,gh91,27.78,2018-03-24,05:00,retail-2018-03-24.xls
2018-03-24,ptt,gh95,28.05,2018-03-24,05:00,retail-2018-03-24.xls
2018-03-24,ptt,gl95,35.16,2018-03-24,05:00,retail-2018-03-24.xls
2018-03-24,ptt,pds,30.29,2018-03-24,05:00,retail-2018-03-24.xls
2018-03-24,pure,ds,27.29,2018-03-24,05:00,retail-2018-03-24.xls
2018-03-24,pure,e20,25.54,2018-03-24,05:00,retail-2018-03-24.xls
2018-03-24,pure,e85,20.34,2018-03-24,05:00,retail-2018-03-24.xls
2018-03-24,pure,gh91,27.78,2018-03-24,05:00,retail-2018-03-24.xls
2018-03-24,pure,gh95,28.05,2018-03-24,05:00,retail-2018-03-24.xls
2018-03-24,pure,gl95,35.16,2018-03-24,05:00,retail-2018-03-24.xls
2018-03-24,pure,pds,,,,retail-2018-03-24.xls
2018-03-24,shell,ds,27.29,2018-03-24,05:00,retail-2018-03-24.xls
2018-03-24,shell,e20,25.54,2018-03-24,05:00,retail-2018-03-24.xls
2018-03-24,shell,e85,,,,retail-2018-03-24.xls
2018-03-24,shell,gh91,27.88,2018-03-24,05:00,retail-2018-03-24.xls
2018-03-24,shell,gh95,28.05,2018-03-24,05:00,retail-2018-03-24.xls
2018-03-24,shell,gl95,,,,retail-2018-03-24.xls
2018-03-24,shell,pds,31.16,2018-03-24,05:00,retail-2018-03-24.xls
2018-03-24,susco1,ds,27.29,2018-03-24,05:00,retail-2018-03-24.xls
2018-03-24,susco1,e20,25.54,2018-03-24,05:00,retail-2018-03-24.xls
2018-03-24,susco1,e85,20.34,2018-03-24,05:00,retail-2018-03-24.xls
2018-03-24,susco1,gh91,27.78,2018-03-24,05:00,retail-2018-03-24.xls
2018-03-24,susco1,gh95,28.05,2018-03-24,05:00,retail-2018-03-24.xls
2018-03-24,susco1,gl95,35.16,2018-03-24,05:00,retail-2018-03-24.xls
2018-03-24,susco1,pds,,,,retail-2018-03-24.xls
2018-03-24,susco2,ds,27.29,2018-03-24,05:00,retail-2018-03-24.xls
2018-03-24,susco2,e20,25.54,2018-03-24,05:00,retail-2018-03-24.xls
2018-03-24,susco2,e85,,,,retail-2018-03-24.xls
2018-03-24,susco2,gh91,27.78,2018-03-24,05:00,retail-2018-03-24.xls
2018-03-24,susco2,gh95,28.05,2018-03-24,05:00,retail-2018-03-24.xls
2018-03-24,susco2,gl95,35.16,2018-03-24,05:00,retail-2018-03-24.xls
2018-03-24,susco2,pds,,,,retail-2018-03-24.xls
2018-03-29,bcp,ds,27.59,2018-03-29,05:00,13380_retail-2018-03-29.xls
2018-03-29,bcp,e20,25.84,2018-03-29,05:00,13380_retail-2018-03-29.xls
2018-03-29,bcp,e85,20.34,2018-03-29,05:00,13380_retail-2018-03-29.xls
2018-03-29,bcp,gh91,28.08,2018-03-29,05:00,13380_retail-2018-03-29.xls
2018-03-29,bcp,gh95,28.35,2018-03-29,05:00,13380_retail-2018-03-29.xls
2018-03-29,bcp,gl95,,,,13380_retail-2018-03-29.xls
2018-03-29,bcp,pds,31.46,2018-03-29,05:00,13380_retail-2018-03-29.xls
2018-03-29,caltex,ds,27.59,2018-03-29,05:00,13380_retail-2018-03-29.xls
2018-03-29,caltex,e20,25.84,2018-03-29,05:00,13380_retail-2018-03-29.xls
2018-03-29,caltex,e85,,,,13380_retail-2018-03-29.xls
2018-03-29,caltex,gh91,28.08,2018-03-29,05:00,13380_retail-2018-03-29.xls
2018-03-29,caltex,gh95,28.35,2018-03-29,05:00,13380_retail-2018-03-29.xls
2018-03-29,caltex,gl95,35.91,2018-03-29,05:00,13380_retail-2018-03-29.xls
2018-03-29,caltex,pds,31.46,2018-03-29,05:00,13380_retail-2018-03-29.xls
2018-03-29,esso,ds,27.59,2018-03-29,05:00,13380_retail-2018-03-29.xls
2018-03-29,esso,e20,25.84,2018-03-29,05:00,13380_retail-2018-03-29.xls
2018-03-29,esso,e85,,,,13380_retail-2018-03-29.xls
2018-03-29,esso,gh91,28.08,2018-03-29,05:00,13380_retail-2018-03-29.xls
2018-03-29,esso,gh95,28.35,2018-03-29,05:00,13380_retail-2018-03-29.xls
2018-03-29,esso,gl95,,,,13380_retail-2018-03-29.xls
2018-03-29,esso,pds,31.46,2018-03-29,05:00,13380_retail-2018-03-29.xls
2018-03-29,irpc,ds,27.59,2018-03-29,05:00,13380_retail-2018-03-29.xls
2018-03-29,irpc,e20,,,,13380_retail-2018-03-29.xls
2018-03-29,irpc,e85,,,,13380_retail-2018-03-29.xls
2018-03-29,irpc,gh91,28.08,2018-03-29,05:00,13380_retail-2018-03-29.xls
2018-03-29,irpc,gh95,28.35,2018-03-29,05:00,13380_retail-2018-03-29.xls
2018-03-29,irpc,gl95,,,,13380_retail-2018-03-29.xls
2018-03-29,irpc,pds,,,,13380_retail-2018-03-29.xls
2018-03-29,pt,ds,27.59,2018-03-29,05:00,13380_retail-2018-03-29.xls
2018-03-29,pt,e20,25.84,2018-03-29,05:00,13380_retail-2018-03-29.xls
2018-03-29,pt,e85,,,,13380_retail-2018-03-29.xls
2018-03-29,pt,gh91,28.08,2018-03-29,05:00,13380_retail-2018-03-29.xls
2018-03-29,pt,gh95,28.35,2018-03-29,05:00,13380_retail-2018-03-29.xls
2018-03-29,pt,gl95,35.96,2018-03-29,05:00,13380_retail-2018-03-29.xls
2018-03-29,pt,pds,,,,13380_retail-2018-03-29.xls
2018-03-29,ptt,ds,27.59,2018-03-29,05:00,13380_retail-2018-03-29.xls
2018-03-29,ptt,e20,25.84,2018-03-29,05:00,13380_retail-2018-03-29.xls
2018-03-29,ptt,e85,20.34,2018-03-29,05:00,13380_retail-2018-03-29.xls
2018-03-29,ptt,gh91,28.08,2018-03-29,05:00,13380_retail-2018-03-29.xls
2018-03-29,ptt,gh95,28.35,2018-03-29,05:00,13380_retail-2018-03-29.xls
2018-03-29,ptt,gl95,35.46,2018-03-29,05:00,13380_retail-2018-03-29.xls
2018-03-29,ptt,pds,30.59,2018-03-29,05:00,13380_retail-2018-03-29.xls
2018-03-29,pure,ds,27.59,2018-03-29,05:00,13380_retail-2018-03-29.xls
2018-03-29,pure,e20,25.84,2018-03-29,05:00,13380_retail-2018-03-29.xls
2018-03-29,pure,e85,20.34,2018-03-29,05:00,13380_retail-2018-03-29.xls
2018-03-29,pure,gh91,28.08,2018-03-29,05:00,13380_retail-2018-03-29.xls
2018-03-29,pure,gh95,28.35,2018-03-29,05:00,13380_retail-2018-03-29.xls
2018-03-29,pure,gl95,35.46,2018-03-29,05:00,13380_retail-2018-03-29.xls
2018-03-29,pure,pds,,,,13380_retail-2018-03-29.xls
2018-03-29,shell,ds,27.69,2018-03-28,05:00,13380_retail-2018-03-29.xls
2018-03-29,shell,e20,25.94,2018-03-28,05:00,13380_retail-2018-03-29.xls
2018-03-29,shell,e85,,,,13380_retail-2018-03-29.xls
2018-03-29,shell,gh91,28.28,2018-03-28,05:00,13380_retail-2018-03-29.xls
2018-03-29,shell,gh95,28.45,2018-03-28,05:00,13380_retail-2018-03-29.xls
2018-03-29,shell,gl95,,,,13380_retail-2018-03-29.xls
2018-03-29,shell,pds,31.56,2018-03-28,05:00,13380_retail-2018-03-29.xls
2018-03-29,susco1,ds,27.59,2018-03-29,05:00,13380_retail-2018-03-29.xls
2018-03-29,susco1,e20,25.84,2018-03-29,05:00,13380_retail-2018-03-29.xls
2018-03-29,susco1,e85,20.34,2018-03-29,05:00,13380_retail-2018-03-29.xls
2018-03-29,susco1,gh91,28.08,2018-03-29,05:00,13380_retail-2018-03-29.xls
2018-03-29,susco1,gh95,28.35,2018-03-29,05:00,13380_retail-2018-03-29.xls
2018-03-29,susco1,gl95,35.46,2018-03-29,05:00,13380_retail-2018-03-29.xls
2018-03-29,susco1,pds,,,,13380_retail-2018-03-29.xls
2018-03-29,susco2,ds,27.59,2018-03-29,05:00,13380_retail-2018-03-29.xls
2018-03-29,susco2,e20,25.84,2018-03-29,05:00,13380_retail-2018-03-29.xls
2018-03-29,susco2,e85,,,,13380_retail-2018-03-29.xls
2018-03-29,susco2,gh91,28.08,2018-03-29,05:00,13380_retail-2018-03-29.xls
2018-03-29,susco2,gh95,28.35,2018-03-29,05:00,13380_retail-2018-03-29.xls
2018-03-29,susco2,gl95,35.46,2018-03-29,05:00,13380_retail-2018-03-29.xls
2018-03-29,susco2,pds,,,,13380_retail-2018-03-29.xls
2018-04-18,bcp,ds,27.79,2018-04-18,05:00,retail-2018-04-18.xls
2018-04-18,bcp,e20,25.94,2018-04-18,05:00,retail-2018-04-18.xls
2018-04-18,bcp,e85,20.44,2018-04-18,05:00,retail-2018-04-18.xls
2018-04-18,bcp,gh91,28.18,2018-04-18,05:00,retail-2018-04-18.xls
2018-04-18,bcp,gh95,28.45,2018-04-18,05:00,retail-2018-04-18.xls
2018-04-18,bcp,gl95,,,,retail-2018-04-18.xls
2018-04-18,bcp,pds,31.66,2018-04-18,05:00,retail-2018-04-18.xls
2018-04-18,caltex,ds,27.79,2018-04-18,05:00,retail-2018-04-18.xls
2018-04-18,caltex,e20,25.94,2018-04-18,05:00,retail-2018-04-18.xls
2018-04-18,caltex,e85,,,,retail-2018-04-18.xls
2018-04-18,caltex,gh91,28.18,2018-04-18,05:00,retail-2018-04-18.xls
2018-04-18,caltex,gh95,28.45,2018-04-18,05:00,retail-2018-04-18.xls
2018-04-18,caltex,gl95,36.01,2018-04-18,05:00,retail-2018-04-18.xls
2018-04-18,caltex,pds,31.66,2018-04-18,05:00,retail-2018-04-18.xls
2018-04-18,esso,ds,27.79,2018-04-18,05:00,retail-2018-04-18.xls
2018-04-18,esso,e20,25.94,2018-04-18,05:00,retail-2018-04-18.xls
2018-04-18,esso,e85,,,,retail-2018-04-18.xls
2018-04-18,esso,gh91,28.18,2018-04-18,05:00,retail-2018-04-18.xls
2018-04-18,esso,gh95,28.45,2018-04-18,05:00,retail-2018-04-18.xls
2018-04-18,esso,gl95,,,,retail-2018-04-18.xls
2018-04-18,esso,pds,31.66,2018-04-18,05:00,retail-2018-04-18.xls
2018-04-18,irpc,ds,27.79,2018-04-18,05:00,retail-2018-04-18.xls
2018-04-18,irpc,e20,,,,retail-2018-04-18.xls
2018-04-18,irpc,e85,,,,retail-2018-04-18.xls
2018-04-18,irpc,gh91,28.18,2018-04-18,05:00,retail-2018-04-18.xls
2018-04-18,irpc,gh95,28.45,2018-04-18,05:00,retail-2018-04-18.xls
2018-04-18,irpc,gl95,,,,retail-2018-04-18.xls
2018-04-18,irpc,pds,,,,retail-2018-04-18.xls
2018-04-18,pt,ds,27.79,2018-04-18,05:00,retail-2018-04-18.xls
2018-04-18,pt,e20,25.94,2018-04-18,05:00,retail-2018-04-18.xls
2018-04-18,pt,e85,,,,retail-2018-04-18.xls
2018-04-18,pt,gh91,28.18,2018-04-18,05:00,retail-2018-04-18.xls
2018-04-18,pt,gh95,28.45,2018-04-18,05:00,retail-2018-04-18.xls
2018-04-18,pt,gl95,36.06,2018-04-18,05:00,retail-2018-04-18.xls
2018-04-18,pt,pds,,,,retail-2018-04-18.xls
2018-04-18,ptt,ds,27.79,2018-04-18,05:00,retail-2018-04-18.xls
2018-04-18,ptt,e20,25.94,2018-04-18,05:00,retail-2018-04-18.xls
2018-04-18,ptt,e85,20.44,2018-04-18,05:00,retail-2018-04-18.xls
2018-04-18,ptt,gh91,28.18,2018-04-18,05:00,retail-2018-04-18.xls
2018-04-18,ptt,gh95,28.45,2018-04-18,05:00,retail-2018-04-18.xls
2018-04-18,ptt,gl95,35.56,2018-04-18,05:00,retail-2018-04-18.xls
2018-04-18,ptt,pds,30.79,2018-04-18,05:00,retail-2018-04-18.xls
2018-04-18,pure,ds,27.79,2018-04-18,05:00,retail-2018-04-18.xls
2018-04-18,pure,e20,25.94,2018-04-18,05:00,retail-2018-04-18.xls
2018-04-18,pure,e85,20.44,2018-04-18,05:00,retail-2018-04-18.xls
2018-04-18,pure,gh91,28.18,2018-04-18,05:00,retail-2018-04-18.xls
2018-04-18,pure,gh95,28.45,2018-04-18,05:00,retail-2018-04-18.xls
2018-04-18,pure,gl95,35.56,2018-04-18,05:00,retail-2018-04-18.xls
2018-04-18,pure,pds,,,,retail-2018-04-18.xls
2018-04-18,shell,ds,27.79,2018-04-13,05:00,retail-2018-04-18.xls
2018-04-18,shell,e20,25.94,2018-04-13,05:00,retail-2018-04-18.xls
2018-04-18,shell,e85,,,,retail-2018-04-18.xls
2018-04-18,shell,gh91,28.28,2018-04-13,05:00,retail-2018-04-18.xls
2018-04-18,shell,gh95,28.45,2018-04-13,05:00,retail-2018-04-18.xls
2018-04-18,shell,gl95,,,,retail-2018-04-18.xls
2018-04-18,shell,pds,31.66,2018-04-13,05:00,retail-2018-04-18.xls
2018-04-18,susco1,ds,27.79,2018-04-18,05:00,retail-2018-04-18.xls
2018-04-18,susco1,e20,25.94,2018-04-18,05:00,retail-2018-04-18.xls
2018-04-18,susco1,e85,20.44,2018-04-18,05:00,retail-2018-04-18.xls
2018-04-18,susco1,gh91,28.18,2018-04-18,05:00,retail-2018-04-18.xls
2018-04-18,susco1,gh95,28.45,2018-04-18,05:00,retail-2018-04-18.xls
2018-04-18,susco1,gl95,35.56,2018-04-18,05:00,retail-2018-04-18.xls
2018-04-18,susco1,pds,,,,retail-2018-04-18.xls
2018-04-18,susco2,ds,27.79,2018-04-18,05:00,retail-2018-04-18.xls
2018-04-18,susco2,e20,25.94,2018-04-18,05:00,retail-2018-04-18.xls
2018-04-18,susco2,e85,,,,retail-2018-04-18.xls
2018-04-18,susco2,gh91,28.18,2018-04-18,05:00,retail-2018-04-18.xls
2018-04-18,susco2,gh95,28.45,2018-04-18,05:00,retail-2018-04-18.xls
2018-04-18,susco2,gl95,35.56,2018-04-18,05:00,retail-2018-04-18.xls
2018-04-18,susco2,pds,,,,retail-2018-04-18.xls
2018-04-21,bcp,ds,27.49,2018-04-21,05:00,retail-2018-04-21.xls
2018-04-21,bcp,e20,25.64,2018-04-21,05:00,retail-2018-04-21.xls
2018-04-21,bcp,e85,20.44,2018-04-21,05:00,retail-2018-04-21.xls
2018-04-21,bcp,gh91,27.88,2018-04-21,05:00,retail-2018-04-21.xls
2018-04-21,bcp,gh95,28.15,2018-04-21,05:00,retail-2018-04-21.xls
2018-04-21,bcp,gl95,,,,retail-2018-04-21.xls
2018-04-21,bcp,pds,31.36,2018-04-21,05:00,retail-2018-04-21.xls
2018-04-21,caltex,ds,27.49,2018-04-21,05:00,retail-2018-04-21.xls
2018-04-21,caltex,e20,25.64,2018-04-21,05:00,retail-2018-04-21.xls
2018-04-21,caltex,e85,,,,retail-2018-04-21.xls
2018-04-21,caltex,gh91,27.88,2018-04-21,05:00,retail-2018-04-21.xls
2018-04-21,caltex,gh95,28.15,2018-04-21,05:00,retail-2018-04-21.xls
2018-04-21,caltex,gl95,35.71,2018-04-21,05:00,retail-2018-04-21.xls
2018-04-21,caltex,pds,31.36,2018-04-21,05:00,retail-2018-04-21.xls
2018-04-21,esso,ds,27.49,2018-04-21,05:00,retail-2018-04-21.xls
2018-04-21,esso,e20,25.64,2018-04-21,05:00,retail-2018-04-21.xls
2018-04-21,esso,e85,,,,retail-2018-04-21.xls
2018-04-21,esso,gh91,27.88,2018-04-21,05:00,retail-2018-04-21.xls
2018-04-21,esso,gh95,28.15,2018-04-21,05:00,retail-2018-04-21.xls
2018-04-21,esso,gl95,,,,retail-2018-04-21.xls
2018-04-21,esso,pds,31.36,2018-04-21,05:00,retail-2018-04-21.xls
2018-04-21,irpc,ds,27.49,2018-04-21,05:00,retail-2018-04-21.xls
2018-04-21,irpc,e20,,,,retail-2018-04-21.xls
2018-04-21,irpc,e85,,,,retail-2018-04-21.xls
2018-04-21,irpc,gh91,27.88,2018-04-21,05:00,retail-2018-04-21.xls
2018-04-21,irpc,gh95,28.15,2018-04-21,05:00,retail-2018-04-21.xls
2018-04-21,irpc,gl95,,,,retail-2018-04-21.xls
2018-04-21,irpc,pds,,,,retail-2018-04-21.xls
2018-04-21,pt,ds,27.49,2018-04-21,05:00,retail-2018-04-21.xls
2018-04-21,pt,e20,25.64,2018-04-21,05:00,retail-2018-04-21.xls
2018-04-21,pt,e85,,,,retail-2018-04-21.xls
2018-04-21,pt,gh91,27.88,2018-04-21,05:00,retail-2018-04-21.xls
2018-04-21,pt,gh95,28.15,2018-04-21,05:00,retail-2018-04-21.xls
2018-04-21,pt,gl95,35.76,2018-04-21,05:00,retail-2018-04-21.xls
2018-04-21,pt,pds,,,,retail-2018-04-21.xls
2018-04-21,ptt,ds,27.49,2018-04-21,05:00,retail-2018-04-21.xls
2018-04-21,ptt,e20,25.64,2018-04-21,05:00,retail-2018-04-21.xls
2018-04-21,ptt,e85,20.44,2018-04-21,05:00,retail-2018-04-21.xls
2018-04-21,ptt,gh91,27.88,2018-04-21,05:00,retail-2018-04-21.xls
2018-04-21,ptt,gh95,28.15,2018-04-21,05:00,retail-2018-04-21.xls
2018-04-21,ptt,gl95,35.26,2018-04-21,05:00,retail-2018-04-21.xls
2018-04-21,ptt,pds,30.49,2018-04-21,05:00,retail-2018-04-21.xls
2018-04-21,pure,ds,27.49,2018-04-21,05:00,retail-2018-04-21.xls
2018-04-21,pure,e20,25.64,2018-04-21,05:00,retail-2018-04-21.xls
2018-04-21,pure,e85,20.44,2018-04-21,05:00,retail-2018-04-21.xls
2018-04-21,pure,gh91,27.88,2018-04-21,05:00,retail-2018-04-21.xls
2018-04-21,pure,gh95,28.15,2018-04-21,05:00,retail-2018-04-21.xls
2018-04-21,pure,gl95,35.26,2018-04-21,05:00,retail-2018-04-21.xls
2018-04-21,pure,pds,,,,retail-2018-04-21.xls
2018-04-21,shell,ds,27.49,2018-04-21,05:00,retail-2018-04-21.xls
2018-04-21,shell,e20,25.64,2018-04-21,05:00,retail-2018-04-21.xls
2018-04-21,shell,e85,,,,retail-2018-04-21.xls
2018-04-21,shell,gh91,27.98,2018-04-21,05:00,retail-2018-04-21.xls
2018-04-21,shell,gh95,28.15,2018-04-21,05:00,retail-2018-04-21.xls
2018-04-21,shell,gl95,,,,retail-2018-04-21.xls
2018-04-21,shell,pds,31.36,2018-04-21,05:00,retail-2018-04-21.xls
2018-04-21,susco1,ds,27.49,2018-04-21,05:00,retail-2018-04-21.xls
2018-04-21,susco1,e20,25.64,2018-04-21,05:00,retail-2018-04-21.xls
2018-04-21,susco1,e85,20.44,2018-04-21,05:00,retail-2018-04-21.xls
2018-04-21,susco1,gh91,27.88,2018-04-21,05:00,retail-2018-04-21.xls
2018-04-21,susco1,gh95,28.15,2018-04-21,05:00,retail-2018-04-21.xls
2018-04-21,susco1,gl95,35.26,2018-04-21,05:00,retail-2018-04-21.xls
2018-04-21,susco1,pds,,,,retail-2018-04-21.xls
2018-04-21,susco2,ds,27.49,2018-04-21,05:00,retail-2018-04-21.xls
2018-04-21,susco2,e20,25.64,2018-04-21,05:00,retail-2018-04-21.xls
2018-04-21,susco2,e85,,,,retail-2018-04-21.xls
2018-04-21,susco2,gh91,27.88,2018-04-21,05:00,retail-2018-04-21.xls
2018-04-21,susco2,gh95,28.15,2018-04-21,05:00,retail-2018-04-21.xls
2018-04-21,susco2,gl95,35.26,2018-04-21,05:00,retail-2018-04-21.xls
2018-04-21,susco2,pds,,,,retail-2018-04-21.xls
2018-04-25,bcp,ds,27.89,2018-04-25,05:00,retail-2018-04-25.xls
2018-04-25,bcp,e20,26.04,2018-04-25,05:00,retail-2018-04-25.xls
2018-04-25,bcp,e85,20.64,2018-04-25,05:00,retail-2018-04-25.xls
2018-04-25,bcp,gh91,28.28,2018-04-25,05:00,retail-2018-04-25.xls
2018-04-25,bcp,gh95,28.55,2018-04-25,05:00,retail-2018-04-25.xls
2018-04-25,bcp,gl95,,,,retail-2018-04-25.xls
2018-04-25,bcp,pds,31.76,2018-04-25,05:00,retail-2018-04-25.xls
2018-04-25,caltex,ds,27.89,2018-04-25,05:00,retail-2018-04-25.xls
2018-04-25,caltex,e20,26.04,2018-04-25,05:00,retail-2018-04-25.xls
2018-04-25,caltex,e85,,,,retail-2018-04-25.xls
2018-04-25,caltex,gh91,28.28,2018-04-25,05:00,retail-2018-04-25.xls
2018-04-25,caltex,gh95,28.55,2018-04-25,05:00,retail-2018-04-25.xls
2018-04-25,caltex,gl95,36.11,2018-04-25,05:00,retail-2018-04-25.xls
2018-04-25,caltex,pds,31.76,2018-04-25,05:00,retail-2018-04-25.xls
2018-04-25,esso,ds,27.89,2018-04-25,05:00,retail-2018-04-25.xls
2018-04-25,esso,e20,26.04,2018-04-25,05:00,retail-2018-04-25.xls
2018-04-25,esso,e85,,,,retail-2018-04-25.xls
2018-04-25,esso,gh91,28.28,2018-04-25,05:00,retail-2018-04-25.xls
2018-04-25,esso,gh95,28.55,2018-04-25,05:00,retail-2018-04-25.xls
2018-04-25,esso,gl95,,,,retail-2018-04-25.xls
2018-04-25,esso,pds,31.76,2018-04-25,05:00,retail-2018-04-25.xls
2018-04-25,irpc,ds,27.89,2018-04-25,05:00,retail-2018-04-25.xls
2018-04-25,irpc,e20,,,,retail-2018-04-25.xls
2018-04-25,irpc,e85,,,,retail-2018-04-25.xls
2018-04-25,irpc,gh91,28.28,2018-04-25,05:00,retail-2018-04-25.xls
2018-04-25,irpc,gh95,28.55,2018-04-25,05:00,retail-2018-04-25.xls
2018-04-25,irpc,gl95,,,,retail-2018-04-25.xls
2018-04-25,irpc,pds,,,,retail-2018-04-25.xls
2018-04-25,pt,ds,27.89,2018-04-25,05:00,retail-2018-04-25.xls
2018-04-25,pt,e20,26.04,2018-04-25,05:00,retail-2018-04-25.xls
2018-04-25,pt,e85,,,,retail-2018-04-25.xls
2018-04-25,pt,gh91,28.28,2018-04-25,05:00,retail-2018-04-25.xls
2018-04-25,pt,gh95,28.55,2018-04-25,05:00,retail-2018-04-25.xls
2018-04-25,pt,gl95,36.16,2018-04-25,05:00,retail-2018-04-25.xls
2018-04-25,pt,pds,,,,retail-2018-04-25.xls
2018-04-25,ptt,ds,27.89,2018-04-25,05:00,retail-2018-04-25.xls
2018-04-25,ptt,e20,26.04,2018-04-25,05:00,retail-2018-04-25.xls
2018-04-25,ptt,e85,20.64,2018-04-25,05:00,retail-2018-04-25.xls
2018-04-25,ptt,gh91,28.28,2018-04-25,05:00,retail-2018-04-25.xls
2018-04-25,ptt,gh95,28.55,2018-04-25,05:00,retail-2018-04-25.xls
2018-04-25,ptt,gl95,35.66,2018-04-25,05:00,retail-2018-04-25.xls
2018-04-25,ptt,pds,30.89,2018-04-25,05:00,retail-2018-04-25.xls
2018-04-25,pure,ds,27.89,2018-04-25,05:00,retail-2018-04-25.xls
2018-04-25,pure,e20,26.04,2018-04-25,05:00,retail-2018-04-25.xls
2018-04-25,pure,e85,20.64,2018-04-25,05:00,retail-2018-04-25.xls
2018-04-25,pure,gh91,28.28,2018-04-25,05:00,retail-2018-04-25.xls
2018-04-25,pure,gh95,28.55,2018-04-25,05:00,retail-2018-04-25.xls
2018-04-25,pure,gl95,35.66,2018-04-25,05:00,retail-2018-04-25.xls
2018-04-25,pure,pds,,,,retail-2018-04-25.xls
2018-04-25,shell,ds,27.89,2018-04-25,05:00,retail-2018-04-25.xls
2018-04-25,shell,e20,26.04,2018-04-25,05:00,retail-2018-04-25.xls
2018-04-25,shell,e85,,,,retail-2018-04-25.xls
2018-04-25,shell,gh91,28.38,2018-04-25,05:00,retail-2018-04-25.xls
2018-04-25,shell,gh95,28.55,2018-04-25,05:00,retail-2018-04-25.xls
2018-04-25,shell,gl95,,,,retail-2018-04-25.xls
2018-04-25,shell,pds,31.76,2018-04-25,05:00,retail-2018-04-25.xls
2018-04-25,susco1,ds,27.89,2018-04-25,05:00,retail-2018-04-25.xls
2018-04-25,susco1,e20,26.04,2018-04-25,05:00,retail-2018-04-25.xls
2018-04-25,susco1,e85,20.64,2018-04-25,05:00,retail-2018-04-25.xls
2018-04-25,susco1,gh91,28.28,2018-04-25,05:00,retail-2018-04-25.xls
2018-04-25,susco1,gh95,28.55,2018-04-25,05:00,retail-2018-04-25.xls
2018-04-25,susco1,gl95,35.66,2018-04-25,05:00,retail-2018-04-25.xls
2018-04-25,susco1,pds,,,,retail-2018-04-25.xls
2018-04-25,susco2,ds,27.89,2018-04-25,05:00,retail-2018-04-25.xls
2018-04-25,susco2,e20,26.04,2018-04-25,05:00,retail-2018-04-25.xls
2018-04-25,susco2,e85,,,,retail-2018-04-25.xls
2018-04-25,susco2,gh91,28.28,2018-04-25,05:00,retail-2018-04-25.xls
2018-04-25,susco2,gh95,28.55,2018-04-25,05:00,retail-2018-04-25.xls
2018-04-25,susco2,gl95,35.66,2018-04-25,05:00,retail-2018-04-25.xls
2018-04-25,susco2,pds,,,,retail-2018-04-25.xls
2018-05-01,bcp,ds,28.29,2018-05-01,05:00,retail-2018-05-01.xls
2018-05-01,bcp,e20,26.44,2018-05-01,05:00,retail-2018-05-01.xls
2018-05-01,bcp,e85,20.84,2018-05-01,05:00,retail-2018-05-01.xls
2018-05-01,bcp,gh91,28.68,2018-05-01,05:00,retail-2018-05-01.xls
2018-05-01,bcp,gh95,28.95,2018-05-01,05:00,retail-2018-05-01.xls
2018-05-01,bcp,gl95,,,,retail-2018-05-01.xls
2018-05-01,bcp,pds,32.16,2018-05-01,05:00,retail-2018-05-01.xls
2018-05-01,caltex,ds,28.29,2018-05-01,05:00,retail-2018-05-01.xls
2018-05-01,caltex,e20,26.44,2018-05-01,05:00,retail-2018-05-01.xls
2018-05-01,caltex,e85,,,,retail-2018-05-01.xls
2018-05-01,caltex,gh91,28.68,2018-05-01,05:00,retail-2018-05-01.xls
2018-05-01,caltex,gh95,28.95,2018-05-01,05:00,retail-2018-05-01.xls
2018-05-01,caltex,gl95,36.51,2018-05-01,05:00,retail-2018-05-01.xls
2018-05-01,caltex,pds,32.16,2018-05-01,05:00,retail-2018-05-01.xls
2018-05-01,esso,ds,28.29,2018-05-01,05:00,retail-2018-05-01.xls
2018-05-01,esso,e20,26.44,2018-05-01,05:00,retail-2018-05-01.xls
2018-05-01,esso,e85,,,,retail-2018-05-01.xls
2018-05-01,esso,gh91,28.68,2018-05-01,05:00,retail-2018-05-01.xls
2018-05-01,esso,gh95,28.95,2018-05-01,05:00,retail-2018-05-01.xls
2018-05-01,esso,gl95,,,,retail-2018-05-01.xls
2018-05-01,esso,pds,32.16,2018-05-01,05:00,retail-2018-05-01.xls
2018-05-01,irpc,ds,28.29,2018-05-01,05:00,retail-2018-05-01.xls
2018-05-01,irpc,e20,,,,retail-2018-05-01.xls
2018-05-01,irpc,e85,,,,retail-2018-05-01.xls
2018-05-01,irpc,gh91,28.68,2018-05-01,05:00,retail-2018-05-01.xls
2018-05-01,irpc,gh95,28.95,2018-05-01,05:00,retail-2018-05-01.xls
2018-05-01,irpc,gl95,,,,retail-2018-05-01.xls
2018-05-01,irpc,pds,,,,retail-2018-05-01.xls
2018-05-01,pt,ds,28.29,2018-05-01,05:00,retail-2018-05-01.xls
2018-05-01,pt,e20,26.44,2018-05-01,05:00,retail-2018-05-01.xls
2018-05-01,pt,e85,,,,retail-2018-05-01.xls
2018-05-01,pt,gh91,28.68,2018-05-01,05:00,retail-2018-05-01.xls
2018-05-01,pt,gh95,28.95,2018-05-01,05:00,retail-2018-05-01.xls
2018-05-01,pt,gl95,36.56,2018-05-01,05:00,retail-2018-05-01.xls
2018-05-01,pt,pds,,,,retail-2018-05-01.xls
2018-05-01,ptt,ds,28.29,2018-05-01,05:00,retail-2018-05-01.xls
2018-05-01,ptt,e20,26.44,2018-05-01,05:00,retail-2018-05-01.xls
2018-05-01,ptt,e85,20.84,2018-05-01,05:00,retail-2018-05-01.xls
2018-05-01,ptt,gh91,28.68,2018-05-01,05:00,retail-2018-05-01.xls
2018-05-01,ptt,gh95,28.95,2018-05-01,05:00,retail-2018-05-01.xls
2018-05-01,ptt,gl95,36.06,2018-05-01,05:00,retail-2018-05-01.xls
2018-05-01,ptt,pds,31.29,2018-05-01,05:00,retail-2018-05-01.xls
2018-05-01,pure,ds,28.29,2018-05-01,05:00,retail-2018-05-01.xls
2018-05-01,pure,e20,26.44,2018-05-01,05:00,retail-2018-05-01.xls
2018-05-01,pure,e85,20.84,2018-05-01,05:00,retail-2018-05-01.xls
2018-05-01,pure,gh91,28.68,2018-05-01,05:00,retail-2018-05-01.xls
2018-05-01,pure,gh95,28.95,2018-05-01,05:00,retail-2018-05-01.xls
2018-05-01,pure,gl95,36.06,2018-05-01,05:00,retail-2018-05-01.xls
2018-05-01,pure,pds,,,,retail-2018-05-01.xls
2018-05-01,shell,ds,28.29,2018-04-28,05:00,retail-2018-05-01.xls
2018-05-01,shell,e20,26.44,2018-04-28,05:00,retail-2018-05-01.xls
2018-05-01,shell,e85,,,,retail-2018-05-01.xls
2018-05-01,shell,gh91,28.78,2018-04-28,05:00,retail-2018-05-01.xls
2018-05-01,shell,gh95,28.95,2018-04-28,05:00,retail-2018-05-01.xls
2018-05-01,shell,gl95,,,,retail-2018-05-01.xls
2018-05-01,shell,pds,32.16,2018-04-28,05:00,retail-2018-05-01.xls
2018-05-01,susco1,ds,28.29,2018-05-01,05:00,retail-2018-05-01.xls
2018-05-01,susco1,e20,26.44,2018-05-01,05:00,retail-2018-05-01.xls
2018-05-01,susco1,e85,20.84,2018-05-01,05:00,retail-2018-05-01.xls
2018-05-01,susco1,gh91,28.68,2018-05-01,05:00,retail-2018-05-01.xls
2018-05-01,susco1,gh95,28.95,2018-05-01,05:00,retail-2018-05-01.xls
2018-05-01,susco1,gl95,36.06,2018-05-01,05:00,retail-2018-05-01.xls
2018-05-01,susco1,pds,,,,retail-2018-05-01.xls
2018-05-01,susco2,ds,28.29,2018-05-01,05:00,retail-2018-05-01.xls
2018-05-01,susco2,e20,26.44,2018-05-01,05:00,retail-2018-05-01.xls
2018-05-01,susco2,e85,,,,retail-2018-05-01.xls
2018-05-01,susco2,gh91,28.68,2018-05-01,05:00,retail-2018-05-01.xls
2018-05-01,susco2,gh95,28.95,2018-05-01,05:00,retail-2018-05-01.xls
2018-05-01,susco2,gl95,36.06,2018-05-01,05:00,retail-2018-05-01.xls
2018-05-01,susco2,pds,,,,retail-2018-05-01.xls
2018-05-08,bcp,ds,28.29,2018-05-08,05:00,retail-2018-05-08.xls
2018-05-08,bcp,e20,26.04,2018-05-08,05:00,retail-2018-05-08.xls
2018-05-08,bcp,e85,20.64,2018-05-08,05:00,retail-2018-05-08.xls
2018-05-08,bcp,gh91,28.28,2018-05-08,05:00,retail-2018-05-08.xls
2018-05-08,bcp,gh95,28.55,2018-05-08,05:00,retail-2018-05-08.xls
2018-05-08,bcp,gl95,,,,retail-2018-05-08.xls
2018-05-08,bcp,pds,32.16,2018-05-08,05:00,retail-2018-05-08.xls
2018-05-08,caltex,ds,28.29,2018-05-08,05:00,retail-2018-05-08.xls
2018-05-08,caltex,e20,26.04,2018-05-08,05:00,retail-2018-05-08.xls
2018-05-08,caltex,e85,,,,retail-2018-05-08.xls
2018-05-08,caltex,gh91,28.28,2018-05-08,05:00,retail-2018-05-08.xls
2018-05-08,caltex,gh95,28.55,2018-05-08,05:00,retail-2018-05-08.xls
2018-05-08,caltex,gl95,36.11,2018-05-08,05:00,retail-2018-05-08.xls
2018-05-08,caltex,pds,32.16,2018-05-08,05:00,retail-2018-05-08.xls
2018-05-08,esso,ds,28.29,2018-05-08,05:00,retail-2018-05-08.xls
2018-05-08,esso,e20,26.04,2018-05-08,05:00,retail-2018-05-08.xls
2018-05-08,esso,e85,,,,retail-2018-05-08.xls
2018-05-08,esso,gh91,28.28,2018-05-08,05:00,retail-2018-05-08.xls
2018-05-08,esso,gh95,28.55,2018-05-08,05:00,retail-2018-05-08.xls
2018-05-08,esso,gl95,,,,retail-2018-05-08.xls
2018-05-08,esso,pds,32.16,2018-05-08,05:00,retail-2018-05-08.xls
2018-05-08,irpc,ds,28.29,2018-05-08,05:00,retail-2018-05-08.xls
2018-05-08,irpc,e20,,,,retail-2018-05-08.xls
2018-05-08,irpc,e85,,,,retail-2018-05-08.xls
2018-05-08,irpc,gh91,28.28,2018-05-08,05:00,retail-2018-05-08.xls
2018-05-08,irpc,gh95,28.55,2018-05-08,05:00,retail-2018-05-08.xls
2018-05-08,irpc,gl95,,,,retail-2018-05-08.xls
2018-05-08,irpc,pds,,,,retail-2018-05-08.xls
2018-05-08,pt,ds,28.29,2018-05-08,05:00,retail-2018-05-08.xls
2018-05-08,pt,e20,26.04,2018-05-08,05:00,retail-2018-05-08.xls
2018-05-08,pt,e85,,,,retail-2018-05-08.xls
2018-05-08,pt,gh91,28.28,2018-05-08,05:00,retail-2018-05-08.xls
2018-05-08,pt,gh95,28.55,2018-05-08,05:00,retail-2018-05-08.xls
2018-05-08,pt,gl95,36.16,2018-05-08,05:00,retail-2018-05-08.xls
2018-05-08,pt,pds,,,,retail-2018-05-08.xls
2018-05-08,ptt,ds,28.29,2018-05-08,05:00,retail-2018-05-08.xls
2018-05-08,ptt,e20,26.04,2018-05-08,05:00,retail-2018-05-08.xls
2018-05-08,ptt,e85,20.64,2018-05-08,05:00,retail-2018-05-08.xls
2018-05-08,ptt,gh91,28.28,2018-05-08,05:00,retail-2018-05-08.xls
2018-05-08,ptt,gh95,28.55,2018-05-08,05:00,retail-2018-05-08.xls
2018-05-08,ptt,gl95,35.66,2018-05-08,05:00,retail-2018-05-08.xls
2018-05-08,ptt,pds,31.29,2018-05-08,05:00,retail-2018-05-08.xls
2018-05-08,pure,ds,28.29,2018-05-08,05:00,retail-2018-05-08.xls
2018-05-08,pure,e20,26.04,2018-05-08,05:00,retail-2018-05-08.xls
2018-05-08,pure,e85,20.64,2018-05-08,05:00,retail-2018-05-08.xls
2018-05-08,pure,gh91,28.28,2018-05-08,05:00,retail-2018-05-08.xls
2018-05-08,pure,gh95,28.55,2018-05-08,05:00,retail-2018-05-08.xls
2018-05-08,pure,gl95,35.66,2018-05-08,05:00,retail-2018-05-08.xls
2018-05-08,pure,pds,,,,retail-2018-05-08.xls
2018-05-08,shell,ds,28.29,2018-05-08,05:00,retail-2018-05-08.xls
2018-05-08,shell,e20,26.04,2018-05-08,05:00,retail-2018-05-08.xls
2018-05-08,shell,e85,,,,retail-2018-05-08.xls
2018-05-08,shell,gh91,28.38,2018-05-08,05:00,retail-2018-05-08.xls
2018-05-08,shell,gh95,28.55,2018-05-08,05:00,retail-2018-05-08.xls
2018-05-08,shell,gl95,,,,retail-2018-05-08.xls
2018-05-08,shell,pds,32.16,2018-05-08,05:00,retail-2018-05-08.xls
2018-05-08,susco1,ds,28.29,2018-05-08,05:00,retail-2018-05-08.xls
2018-05-08,susco1,e20,26.04,2018-05-08,05:00,retail-2018-05-08.xls
2018-05-08,susco1,e85,20.64,2018-05-08,05:00,retail-2018-05-08.xls
2018-05-08,susco1,gh91,28.28,2018-05-08,05:00,retail-2018-05-08.xls
2018-05-08,susco1,gh95,28.55,2018-05-08,05:00,retail-2018-05-08.xls
2018-05-08,susco1,gl95,35.66,2018-05-08,05:00,retail-2018-05-08.xls
2018-05-08,susco1,pds,,,,retail-2018-05-08.xls
2018-05-08,susco2,ds,28.29,2018-05-08,05:00,retail-2018-05-08.xls
2018-05-08,susco2,e20,26.04,2018-05-08,05:00,retail-2018-05-08.xls
2018-05-08,susco2,e85,,,,retail-2018-05-08.xls
2018-05-08,susco2,gh91,28.28,2018-05-08,05:00,retail-2018-05-08.xls
2018-05-08,susco2,gh95,28.55,2018-05-08,05:00,retail-2018-05-08.xls
2018-05-08,susco2,gl95,35.66,2018-05-08,05:00,retail-2018-05-08.xls
2018-05-08,susco2,pds,,,,retail-2018-05-08.xls
2018-05-11,bcp,ds,28.89,2018-05-11,05:00,retail-2018-05-11.xls
2018-05-11,bcp,e20,26.64,2018-05-11,05:00,retail-2018-05-11.xls
2018-05-11,bcp,e85,21.04,2018-05-11,05:00,retail-2018-05-11.xls
2018-05-11,bcp,gh91,28.88,2018-05-11,05:00,retail-2018-05-11.xls
2018-05-11,bcp,gh95,29.15,2018-05-11,05:00,retail-2018-05-11.xls
2018-05-11,bcp,gl95,,,,retail-2018-05-11.xls
2018-05-11,bcp,pds,32.76,2018-05-11,05:00,retail-2018-05-11.xls
2018-05-11,caltex,ds,28.89,2018-05-10,05:00,retail-2018-05-11.xls
2018-05-11,caltex,e20,26.64,2018-05-10,05:00,retail-2018-05-11.xls
2018-05-11,caltex,e85,,,,retail-2018-05-11.xls
2018-05-11,caltex,gh91,28.88,2018-05-10,05:00,retail-2018-05-11.xls
2018-05-11,caltex,gh95,29.15,2018-05-10,05:00,retail-2018-05-11.xls
2018-05-11,caltex,gl95,36.71,2018-05-10,05:00,retail-2018-05-11.xls
2018-05-11,caltex,pds,32.76,2018-05-10,05:00,retail-2018-05-11.xls
2018-05-11,esso,ds,28.89,2018-05-11,05:00,retail-2018-05-11.xls
2018-05-11,esso,e20,26.64,2018-05-11,05:00,retail-2018-05-11.xls
2018-05-11,esso,e85,,,,retail-2018-05-11.xls
2018-05-11,esso,gh91,28.88,2018-05-11,05:00,retail-2018-05-11.xls
2018-05-11,esso,gh95,29.15,2018-05-11,05:00,retail-2018-05-11.xls
2018-05-11,esso,gl95,,,,retail-2018-05-11.xls
2018-05-11,esso,pds,32.76,2018-05-11,05:00,retail-2018-05-11.xls
2018-05-11,irpc,ds,28.89,2018-05-11,05:00,retail-2018-05-11.xls
2018-05-11,irpc,e20,,,,retail-2018-05-11.xls
2018-05-11,irpc,e85,,,,retail-2018-05-11.xls
2018-05-11,irpc,gh91,28.88,2018-05-11,05:00,retail-2018-05-11.xls
2018-05-11,irpc,gh95,29.15,2018-05-11,05:00,retail-2018-05-11.xls
2018-05-11,irpc,gl95,,,,retail-2018-05-11.xls
2018-05-11,irpc,pds,,,,retail-2018-05-11.xls
2018-05-11,pt,ds,28.89,2018-05-11,05:00,retail-2018-05-11.xls
2018-05-11,pt,e20,26.64,2018-05-11,05:00,retail-2018-05-11.xls
2018-05-11,pt,e85,,,,retail-2018-05-11.xls
2018-05-11,pt,gh91,28.88,2018-05-11,05:00,retail-2018-05-11.xls
2018-05-11,pt,gh95,29.15,2018-05-11,05:00,retail-2018-05-11.xls
2018-05-11,pt,gl95,36.76,2018-05-11,05:00,retail-2018-05-11.xls
2018-05-11,pt,pds,,,,retail-2018-05-11.xls
2018-05-11,ptt,ds,28.89,2018-05-11,05:00,retail-2018-05-11.xls
2018-05-11,ptt,e20,26.64,2018-05-11,05:00,retail-2018-05-11.xls
2018-05-11,ptt,e85,21.04,2018-05-11,05:00,retail-2018-05-11.xls
2018-05-11,ptt,gh91,28.88,2018-05-11,05:00,retail-2018-05-11.xls
2018-05-11,ptt,gh95,29.15,2018-05-11,05:00,retail-2018-05-11.xls
2018-05-11,ptt,gl95,36.26,2018-05-11,05:00,retail-2018-05-11.xls
2018-05-11,ptt,pds,31.89,2018-05-11,05:00,retail-2018-05-11.xls
2018-05-11,pure,ds,28.89,2018-05-11,05:00,retail-2018-05-11.xls
2018-05-11,pure,e20,26.64,2018-05-11,05:00,retail-2018-05-11.xls
2018-05-11,pure,e85,21.04,2018-05-11,05:00,retail-2018-05-11.xls
2018-05-11,pure,gh91,28.88,2018-05-11,05:00,retail-2018-05-11.xls
2018-05-11,pure,gh95,29.15,2018-05-11,05:00,retail-2018-05-11.xls
2018-05-11,pure,gl95,36.26,2018-05-11,05:00,retail-2018-05-11.xls
2018-05-11,pure,pds,,,,retail-2018-05-11.xls
2018-05-11,shell,ds,28.89,2018-05-10,05:00,retail-2018-05-11.xls
2018-05-11,shell,e20,26.64,2018-05-10,05:00,retail-2018-05-11.xls
2018-05-11,shell,e85,,,,retail-2018-05-11.xls
2018-05-11,shell,gh91,28.98,2018-05-10,05:00,retail-2018-05-11.xls
2018-05-11,shell,gh95,29.15,2018-05-10,05:00,retail-2018-05-11.xls
2018-05-11,shell,gl95,,,,retail-2018-05-11.xls
2018-05-11,shell,pds,32.76,2018-05-10,05:00,retail-2018-05-11.xls
2018-05-11,susco1,ds,28.89,2018-05-11,05:00,retail-2018-05-11.xls
2018-05-11,susco1,e20,26.64,2018-05-11,05:00,retail-2018-05-11.xls
2018-05-11,susco1,e85,21.04,2018-05-11,05:00,retail-2018-05-11.xls
2018-05-11,susco1,gh91,28.88,2018-05-11,05:00,retail-2018-05-11.xls
2018-05-11,susco1,gh95,29.15,2018-05-11,05:00,retail-2018-05-11.xls
2018-05-11,susco1,gl95,36.26,2018-05-11,05:00,retail-2018-05-11.xls
2018-05-11,susco1,pds,,,,retail-2018-05-11.xls
2018-05-11,susco2,ds,28.89,2018-05-11,05:00,retail-2018-05-11.xls
2018-05-11,susco2,e20,26.64,2018-05-11,05:00,retail-2018-05-11.xls
2018-05-11,susco2,e85,,,,retail-2018-05-11.xls
2018-05-11,susco2,gh91,28.88,2018-05-11,05:00,retail-2018-05-11.xls
2018-05-11,susco2,gh95,29.15,2018-05-11,05:00,retail-2018-05-11.xls
2018-05-11,susco2,gl95,36.26,2018-05-11,05:00,retail-2018-05-11.xls
2018-05-11,susco2,pds,,,,retail-2018-05-11.xls
2018-05-17,bcp,ds,29.39,2018-05-17,05:00,retail-2018-05-17.xls
2018-05-17,bcp,e20,27.14,2018-05-17,05:00,retail-2018-05-17.xls
2018-05-17,bcp,e85,21.34,2018-05-17,05:00,retail-2018-05-17.xls
2018-05-17,bcp,gh91,29.38,2018-05-17,05:00,retail-2018-05-17.xls
2018-05-17,bcp,gh95,29.65,2018-05-17,05:00,retail-2018-05-17.xls
2018-05-17,bcp,gl95,,,,retail-2018-05-17.xls
2018-05-17,bcp,pds,33.26,2018-05-17,05:00,retail-2018-05-17.xls
2018-05-17,caltex,ds,29.39,2018-05-17,05:00,retail-2018-05-17.xls
2018-05-17,caltex,e20,27.14,2018-05-17,05:00,retail-2018-05-17.xls
2018-05-17,caltex,e85,,,,retail-2018-05-17.xls
2018-05-17,caltex,gh91,29.38,2018-05-17,05:00,retail-2018-05-17.xls
2018-05-17,caltex,gh95,29.65,2018-05-17,05:00,retail-2018-05-17.xls
2018-05-17,caltex,gl95,37.21,2018-05-17,05:00,retail-2018-05-17.xls
2018-05-17,caltex,pds,33.26,2018-05-17,05:00,retail-2018-05-17.xls
2018-05-17,esso,ds,29.39,2018-05-17,05:00,retail-2018-05-17.xls
2018-05-17,esso,e20,27.14,2018-05-17,05:00,retail-2018-05-17.xls
2018-05-17,esso,e85,,,,retail-2018-05-17.xls
2018-05-17,esso,gh91,29.38,2018-05-17,05:00,retail-2018-05-17.xls
2018-05-17,esso,gh95,29.65,2018-05-17,05:00,retail-2018-05-17.xls
2018-05-17,esso,gl95,,,,retail-2018-05-17.xls
2018-05-17,esso,pds,33.26,2018-05-17,05:00,retail-2018-05-17.xls
2018-05-17,irpc,ds,29.39,2018-05-17,09:06,retail-2018-05-17.xls
2018-05-17,irpc,e20,,,,retail-2018-05-17.xls
2018-05-17,irpc,e85,,,,retail-2018-05-17.xls
2018-05-17,irpc,gh91,29.38,2018-05-17,09:06,retail-2018-05-17.xls
2018-05-17,irpc,gh95,29.65,2018-05-17,09:06,retail-2018-05-17.xls
2018-05-17,irpc,gl95,,,,retail-2018-05-17.xls
2018-05-17,irpc,pds,,,,retail-2018-05-17.xls
2018-05-17,pt,ds,29.39,2018-05-17,05:00,retail-2018-05-17.xls
2018-05-17,pt,e20,27.14,2018-05-17,05:00,retail-2018-05-17.xls
2018-05-17,pt,e85,,,,retail-2018-05-17.xls
2018-05-17,pt,gh91,29.38,2018-05-17,05:00,retail-2018-05-17.xls
2018-05-17,pt,gh95,29.65,2018-05-17,05:00,retail-2018-05-17.xls
2018-05-17,pt,gl95,37.26,2018-05-17,05:00,retail-2018-05-17.xls
2018-05-17,pt,pds,,,,retail-2018-05-17.xls
2018-05-17,ptt,ds,29.39,2018-05-17,05:00,retail-2018-05-17.xls
2018-05-17,ptt,e20,27.14,2018-05-17,05:00,retail-2018-05-17.xls
2018-05-17,ptt,e85,21.34,2018-05-17,05:00,retail-2018-05-17.xls
2018-05-17,ptt,gh91,29.38,2018-05-17,05:00,retail-2018-05-17.xls
2018-05-17,ptt,gh95,29.65,2018-05-17,05:00,retail-2018-05-17.xls
2018-05-17,ptt,gl95,36.76,2018-05-17,05:00,retail-2018-05-17.xls
2018-05-17,ptt,pds,32.39,2018-05-17,05:00,retail-2018-05-17.xls
2018-05-17,pure,ds,29.39,2018-05-17,05:00,retail-2018-05-17.xls
2018-05-17,pure,e20,27.14,2018-05-17,05:00,retail-2018-05-17.xls
2018-05-17,pure,e85,21.34,2018-05-17,05:00,retail-2018-05-17.xls
2018-05-17,pure,gh91,29.38,2018-05-17,05:00,retail-2018-05-17.xls
2018-05-17,pure,gh95,29.65,2018-05-17,05:00,retail-2018-05-17.xls
2018-05-17,pure,gl95,36.76,2018-05-17,05:00,retail-2018-05-17.xls
2018-05-17,pure,pds,,,,retail-2018-05-17.xls
2018-05-17,shell,ds,29.39,2018-05-17,05:00,retail-2018-05-17.xls
2018-05-17,shell,e20,27.14,2018-05-17,05:00,retail-2018-05-17.xls
2018-05-17,shell,e85,,,,retail-2018-05-17.xls
2018-05-17,shell,gh91,29.38,2018-05-17,05:00,retail-2018-05-17.xls
2018-05-17,shell,gh95,29.65,2018-05-17,05:00,retail-2018-05-17.xls
2018-05-17,shell,gl95,,,,retail-2018-05-17.xls
2018-05-17,shell,pds,33.26,2018-05-17,05:00,retail-2018-05-17.xls
2018-05-17,susco1,ds,29.39,2018-05-17,05:00,retail-2018-05-17.xls
2018-05-17,susco1,e20,27.14,2018-05-17,05:00,retail-2018-05-17.xls
2018-05-17,susco1,e85,21.34,2018-05-17,05:00,retail-2018-05-17.xls
2018-05-17,susco1,gh91,29.38,2018-05-17,05:00,retail-2018-05-17.xls
2018-05-17,susco1,gh95,29.65,2018-05-17,05:00,retail-2018-05-17.xls
2018-05-17,susco1,gl95,36.76,2018-05-17,05:00,retail-2018-05-17.xls
2018-05-17,susco1,pds,,,,retail-2018-05-17.xls
2018-05-17,susco2,ds,29.39,2018-05-17,05:00,retail-2018-05-17.xls
2018-05-17,susco2,e20,27.14,2018-05-17,05:00,retail-2018-05-17.xls
2018-05-17,susco2,e85,,,,retail-2018-05-17.xls
2018-05-17,susco2,gh91,29.38,2018-05-17,05:00,retail-2018-05-17.xls
2018-05-17,susco2,gh95,29.65,2018-05-17,05:00,retail-2018-05-17.xls
2018-05-17,susco2,gl95,36.76,2018-05-17,05:00,retail-2018-05-17.xls
2018-05-17,susco2,pds,,,,retail-2018-05-17.xls
2018-05-19,bcp,ds,29.79,2018-05-19,05:00,retail-2018-05-19.xls
2018-05-19,bcp,e20,27.74,2018-05-19,05:00,retail-2018-05-19.xls
2018-05-19,bcp,e85,21.74,2018-05-19,05:00,retail-2018-05-19.xls
2018-05-19,bcp,gh91,29.98,2018-05-19,05:00,retail-2018-05-19.xls
2018-05-19,bcp,gh95,30.25,2018-05-19,05:00,retail-2018-05-19.xls
2018-05-19,bcp,gl95,,,,retail-2018-05-19.xls
2018-05-19,bcp,pds,33.66,2018-05-19,05:00,retail-2018-05-19.xls
2018-05-19,caltex,ds,29.79,2018-05-19,05:00,retail-2018-05-19.xls
2018-05-19,caltex,e20,27.74,2018-05-19,05:00,retail-2018-05-19.xls
2018-05-19,caltex,e85,,,,retail-2018-05-19.xls
2018-05-19,caltex,gh91,29.98,2018-05-19,05:00,retail-2018-05-19.xls
2018-05-19,caltex,gh95,30.25,2018-05-19,05:00,retail-2018-05-19.xls
2018-05-19,caltex,gl95,37.81,2018-05-19,05:00,retail-2018-05-19.xls
2018-05-19,caltex,pds,33.66,2018-05-19,05:00,retail-2018-05-19.xls
2018-05-19,esso,ds,29.79,2018-05-19,05:00,retail-2018-05-19.xls
2018-05-19,esso,e20,27.74,2018-05-19,05:00,retail-2018-05-19.xls
2018-05-19,esso,e85,,,,retail-2018-05-19.xls
2018-05-19,esso,gh91,29.98,2018-05-19,05:00,retail-2018-05-19.xls
2018-05-19,esso,gh95,30.25,2018-05-19,05:00,retail-2018-05-19.xls
2018-05-19,esso,gl95,,,,retail-2018-05-19.xls
2018-05-19,esso,pds,33.66,2018-05-19,05:00,retail-2018-05-19.xls
2018-05-19,irpc,ds,29.79,2018-05-19,05:00,retail-2018-05-19.xls
2018-05-19,irpc,e20,,,,retail-2018-05-19.xls
2018-05-19,irpc,e85,,,,retail-2018-05-19.xls
2018-05-19,irpc,gh91,29.98,2018-05-19,05:00,retail-2018-05-19.xls
2018-05-19,irpc,gh95,30.25,2018-05-19,05:00,retail-2018-05-19.xls
2018-05-19,irpc,gl95,,,,retail-2018-05-19.xls
2018-05-19,irpc,pds,,,,retail-2018-05-19.xls
2018-05-19,pt,ds,29.79,2018-05-19,05:00,retail-2018-05-19.xls
2018-05-19,pt,e20,27.74,2018-05-19,05:00,retail-2018-05-19.xls
2018-05-19,pt,e85,,,,retail-2018-05-19.xls
2018-05-19,pt,gh91,29.98,2018-05-19,05:00,retail-2018-05-19.xls
2018-05-19,pt,gh95,30.25,2018-05-19,05:00,retail-2018-05-19.xls
2018-05-19,pt,gl95,37.86,2018-05-19,05:00,retail-2018-05-19.xls
2018-05-19,pt,pds,,,,retail-2018-05-19.xls
2018-05-19,ptt,ds,29.79,2018-05-19,05:00,retail-2018-05-19.xls
2018-05-19,ptt,e20,27.74,2018-05-19,05:00,retail-2018-05-19.xls
2018-05-19,ptt,e85,21.74,2018-05-19,05:00,retail-2018-05-19.xls
2018-05-19,ptt,gh91,29.98,2018-05-19,05:00,retail-2018-05-19.xls
2018-05-19,ptt,gh95,30.25,2018-05-19,05:00,retail-2018-05-19.xls
2018-05-19,ptt,gl95,37.36,2018-05-19,05:00,retail-2018-05-19.xls
2018-05-19,ptt,pds,32.79,2018-05-19,05:00,retail-2018-05-19.xls
2018-05-19,pure,ds,29.79,2018-05-19,06:25,retail-2018-05-19.xls
2018-05-19,pure,e20,27.74,2018-05-19,06:25,retail-2018-05-19.xls
2018-05-19,pure,e85,21.74,2018-05-19,06:25,retail-2018-05-19.xls
2018-05-19,pure,gh91,29.98,2018-05-19,06:25,retail-2018-05-19.xls
2018-05-19,pure,gh95,30.25,2018-05-19,06:25,retail-2018-05-19.xls
2018-05-19,pure,gl95,37.36,2018-05-19,06:25,retail-2018-05-19.xls
2018-05-19,pure,pds,,,,retail-2018-05-19.xls
2018-05-19,shell,ds,29.79,2018-05-19,05:00,retail-2018-05-19.xls
2018-05-19,shell,e20,27.74,2018-05-19,05:00,retail-2018-05-19.xls
2018-05-19,shell,e85,,,,retail-2018-05-19.xls
2018-05-19,shell,gh91,29.98,2018-05-19,05:00,retail-2018-05-19.xls
2018-05-19,shell,gh95,30.25,2018-05-19,05:00,retail-2018-05-19.xls
2018-05-19,shell,gl95,,,,retail-2018-05-19.xls
2018-05-19,shell,pds,33.66,2018-05-19,05:00,retail-2018-05-19.xls
2018-05-19,susco1,ds,29.79,2018-05-19,05:00,retail-2018-05-19.xls
2018-05-19,susco1,e20,27.74,2018-05-19,05:00,retail-2018-05-19.xls
2018-05-19,susco1,e85,21.74,2018-05-19,05:00,retail-2018-05-19.xls
2018-05-19,susco1,gh91,29.98,2018-05-19,05:00,retail-2018-05-19.xls
2018-05-19,susco1,gh95,30.25,2018-05-19,05:00,retail-2018-05-19.xls
2018-05-19,susco1,gl95,37.36,2018-05-19,05:00,retail-2018-05-19.xls
2018-05-19,susco1,pds,,,,retail-2018-05-19.xls
2018-05-19,susco2,ds,29.79,2018-05-19,05:00,retail-2018-05-19.xls
2018-05-19,susco2,e20,27.74,2018-05-19,05:00,retail-2018-05-19.xls
2018-05-19,susco2,e85,,,,retail-2018-05-19.xls
2018-05-19,susco2,gh91,29.98,2018-05-19,05:00,retail-2018-05-19.xls
2018-05-19,susco2,gh95,30.25,2018-05-19,05:00,retail-2018-05-19.xls
2018-05-19,susco2,gl95,37.36,2018-05-19,05:00,retail-2018-05-19.xls
2018-05-19,susco2,pds,,,,retail-2018-05-19.xls
2018-05-26,bcp,ds,29.29,2018-05-26,05:00,retail-2018-05-26.xls
2018-05-26,bcp,e20,27.24,2018-05-26,05:00,retail-2018-05-26.xls
2018-05-26,bcp,e85,21.44,2018-05-26,05:00,retail-2018-05-26.xls
2018-05-26,bcp,gh91,29.48,2018-05-26,05:00,retail-2018-05-26.xls
2018-05-26,bcp,gh95,29.75,2018-05-26,05:00,retail-2018-05-26.xls
2018-05-26,bcp,gl95,,,,retail-2018-05-26.xls
2018-05-26,bcp,pds,33.16,2018-05-26,05:00,retail-2018-05-26.xls
2018-05-26,caltex,ds,29.29,2018-05-26,05:00,retail-2018-05-26.xls
2018-05-26,caltex,e20,27.24,2018-05-26,05:00,retail-2018-05-26.xls
2018-05-26,caltex,e85,,,,retail-2018-05-26.xls
2018-05-26,caltex,gh91,29.48,2018-05-26,05:00,retail-2018-05-26.xls
2018-05-26,caltex,gh95,29.75,2018-05-26,05:00,retail-2018-05-26.xls
2018-05-26,caltex,gl95,37.31,2018-05-26,05:00,retail-2018-05-26.xls
2018-05-26,caltex,pds,33.16,2018-05-26,05:00,retail-2018-05-26.xls
2018-05-26,esso,ds,29.29,2018-05-26,05:00,retail-2018-05-26.xls
2018-05-26,esso,e20,27.24,2018-05-26,05:00,retail-2018-05-26.xls
2018-05-26,esso,e85,,,,retail-2018-05-26.xls
2018-05-26,esso,gh91,29.48,2018-05-26,05:00,retail-2018-05-26.xls
2018-05-26,esso,gh95,29.75,2018-05-26,05:00,retail-2018-05-26.xls
2018-05-26,esso,gl95,,,,retail-2018-05-26.xls
2018-05-26,esso,pds,33.16,2018-05-26,05:00,retail-2018-05-26.xls
2018-05-26,irpc,ds,29.29,2018-05-26,05:00,retail-2018-05-26.xls
2018-05-26,irpc,e20,,,,retail-2018-05-26.xls
2018-05-26,irpc,e85,,,,retail-2018-05-26.xls
2018-05-26,irpc,gh91,29.48,2018-05-26,05:00,retail-2018-05-26.xls
2018-05-26,irpc,gh95,29.75,2018-05-26,05:00,retail-2018-05-26.xls
2018-05-26,irpc,gl95,,,,retail-2018-05-26.xls
2018-05-26,irpc,pds,,,,retail-2018-05-26.xls
2018-05-26,pt,ds,29.29,2018-05-26,05:00,retail-2018-05-26.xls
2018-05-26,pt,e20,27.24,2018-05-26,05:00,retail-2018-05-26.xls
2018-05-26,pt,e85,,,,retail-2018-05-26.xls
2018-05-26,pt,gh91,29.48,2018-05-26,05:00,retail-2018-05-26.xls
2018-05-26,pt,gh95,29.75,2018-05-26,05:00,retail-2018-05-26.xls
2018-05-26,pt,gl95,37.36,2018-05-26,05:00,retail-2018-05-26.xls
2018-05-26,pt,pds,,,,retail-2018-05-26.xls
2018-05-26,ptt,ds,29.29,2018-05-26,05:00,retail-2018-05-26.xls
2018-05-26,ptt,e20,27.24,2018-05-26,05:00,retail-2018-05-26.xls
2018-05-26,ptt,e85,21.44,2018-05-26,05:00,retail-2018-05-26.xls
2018-05-26,ptt,gh91,29.48,2018-05-26,05:00,retail-2018-05-26.xls
2018-05-26,ptt,gh95,29.75,2018-05-26,05:00,retail-2018-05-26.xls
2018-05-26,ptt,gl95,36.86,2018-05-26,05:00,retail-2018-05-26.xls
2018-05-26,ptt,pds,32.29,2018-05-26,05:00,retail-2018-05-26.xls
2018-05-26,pure,ds,29.29,2018-05-26,05:37,retail-2018-05-26.xls
2018-05-26,pure,e20,27.24,2018-05-26,05:37,retail-2018-05-26.xls
2018-05-26,pure,e85,21.44,2018-05-26,05:37,retail-2018-05-26.xls
2018-05-26,pure,gh91,29.48,2018-05-26,05:37,retail-2018-05-26.xls
2018-05-26,pure,gh95,29.75,2018-05-26,05:37,retail-2018-05-26.xls
2018-05-26,pure,gl95,36.86,2018-05-26,05:37,retail-2018-05-26.xls
2018-05-26,pure,pds,,,,retail-2018-05-26.xls
2018-05-26,shell,ds,29.29,2018-05-26,05:00,retail-2018-05-26.xls
2018-05-26,shell,e20,27.24,2018-05-26,05:00,retail-2018-05-26.xls
2018-05-26,shell,e85,,,,retail-2018-05-26.xls
2018-05-26,shell,gh91,29.48,2018-05-26,05:00,retail-2018-05-26.xls
2018-05-26,shell,gh95,29.75,2018-05-26,05:00,retail-2018-05-26.xls
2018-05-26,shell,gl95,,,,retail-2018-05-26.xls
2018-05-26,shell,pds,33.16,2018-05-26,05:00,retail-2018-05-26.xls
2018-05-26,susco1,ds,29.29,2018-05-26,05:00,retail-2018-05-26.xls
2018-05-26,susco1,e20,27.24,2018-05-26,05:00,retail-2018-05-26.xls
2018-05-26,susco1,e85,21.44,2018-05-26,05:00,retail-2018-05-26.xls
2018-05-26,susco1,gh91,29.48,2018-05-26,05:00,retail-2018-05-26.xls
2018-05-26,susco1,gh95,29.75,2018-05-26,05:00,retail-2018-05-26.xls
2018-05-26,susco1,gl95,36.86,2018-05-26,05:00,retail-2018-05-26.xls
2018-05-26,susco1,pds,,,,retail-2018-05-26.xls
2018-05-26,susco2,ds,29.29,2018-05-26,05:00,retail-2018-05-26.xls
2018-05-26,susco2,e20,27.24,2018-05-26,05:00,retail-2018-05-26.xls
2018-05-26,susco2,e85,,,,retail-2018-05-26.xls
2018-05-26,susco2,gh91,29.48,2018-05-26,05:00,retail-2018-05-26.xls
2018-05-26,susco2,gh95,29.75,2018-05-26,05:00,retail-2018-05-26.xls
2018-05-26,susco2,gl95,36.86,2018-05-26,05:00,retail-2018-05-26.xls
2018-05-26,susco2,pds,,,,retail-2018-05-26.xls
2018-05-29,bcp,ds,28.79,2018-05-29,05:00,retail-2018-05-29.xls
2018-05-29,bcp,e20,26.74,2018-05-29,05:00,retail-2018-05-29.xls
2018-05-29,bcp,e85,21.14,2018-05-29,05:00,retail-2018-05-29.xls
2018-05-29,bcp,gh91,28.98,2018-05-29,05:00,retail-2018-05-29.xls
2018-05-29,bcp,gh95,29.25,2018-05-29,05:00,retail-2018-05-29.xls
2018-05-29,bcp,gl95,,,,retail-2018-05-29.xls
2018-05-29,bcp,pds,32.66,2018-05-29,05:00,retail-2018-05-29.xls
2018-05-29,caltex,ds,28.79,2018-05-29,05:00,retail-2018-05-29.xls
2018-05-29,caltex,e20,26.74,2018-05-29,05:00,retail-2018-05-29.xls
2018-05-29,caltex,e85,,,,retail-2018-05-29.xls
2018-05-29,caltex,gh91,28.98,2018-05-29,05:00,retail-2018-05-29.xls
2018-05-29,caltex,gh95,29.25,2018-05-29,05:00,retail-2018-05-29.xls
2018-05-29,caltex,gl95,36.81,2018-05-29,05:00,retail-2018-05-29.xls
2018-05-29,caltex,pds,32.66,2018-05-29,05:00,retail-2018-05-29.xls
2018-05-29,esso,ds,28.79,2018-05-29,05:00,retail-2018-05-29.xls
2018-05-29,esso,e20,26.74,2018-05-29,05:00,retail-2018-05-29.xls
2018-05-29,esso,e85,,,,retail-2018-05-29.xls
2018-05-29,esso,gh91,28.98,2018-05-29,05:00,retail-2018-05-29.xls
2018-05-29,esso,gh95,29.25,2018-05-29,05:00,retail-2018-05-29.xls
2018-05-29,esso,gl95,,,,retail-2018-05-29.xls
2018-05-29,esso,pds,32.66,2018-05-29,05:00,retail-2018-05-29.xls
2018-05-29,irpc,ds,28.79,2018-05-29,05:00,retail-2018-05-29.xls
2018-05-29,irpc,e20,,,,retail-2018-05-29.xls
2018-05-29,irpc,e85,,,,retail-2018-05-29.xls
2018-05-29,irpc,gh91,28.98,2018-05-29,05:00,retail-2018-05-29.xls
2018-05-29,irpc,gh95,29.25,2018-05-29,05:00,retail-2018-05-29.xls
2018-05-29,irpc,gl95,,,,retail-2018-05-29.xls
2018-05-29,irpc,pds,,,,retail-2018-05-29.xls
2018-05-29,pt,ds,28.79,2018-05-29,05:00,retail-2018-05-29.xls
2018-05-29,pt,e20,26.74,2018-05-29,05:00,retail-2018-05-29.xls
2018-05-29,pt,e85,,,,retail-2018-05-29.xls
2018-05-29,pt,gh91,28.98,2018-05-29,05:00,retail-2018-05-29.xls
2018-05-29,pt,gh95,29.25,2018-05-29,05:00,retail-2018-05-29.xls
2018-05-29,pt,gl95,36.86,2018-05-29,05:00,retail-2018-05-29.xls
2018-05-29,pt,pds,,,,retail-2018-05-29.xls
2018-05-29,ptt,ds,28.79,2018-05-29,05:00,retail-2018-05-29.xls
2018-05-29,ptt,e20,26.74,2018-05-29,05:00,retail-2018-05-29.xls
2018-05-29,ptt,e85,21.14,2018-05-29,05:00,retail-2018-05-29.xls
2018-05-29,ptt,gh91,28.98,2018-05-29,05:00,retail-2018-05-29.xls
2018-05-29,ptt,gh95,29.25,2018-05-29,05:00,retail-2018-05-29.xls
2018-05-29,ptt,gl95,36.36,2018-05-29,05:00,retail-2018-05-29.xls
2018-05-29,ptt,pds,31.79,2018-05-29,05:00,retail-2018-05-29.xls
2018-05-29,pure,ds,28.79,2018-05-29,05:00,retail-2018-05-29.xls
2018-05-29,pure,e20,26.74,2018-05-29,05:00,retail-2018-05-29.xls
2018-05-29,pure,e85,21.14,2018-05-29,05:00,retail-2018-05-29.xls
2018-05-29,pure,gh91,28.98,2018-05-29,05:00,retail-2018-05-29.xls
2018-05-29,pure,gh95,29.25,2018-05-29,05:00,retail-2018-05-29.xls
2018-05-29,pure,gl95,36.36,2018-05-29,05:00,retail-2018-05-29.xls
2018-05-29,pure,pds,,,,retail-2018-05-29.xls
2018-05-29,shell,ds,28.79,2018-05-29,05:00,retail-2018-05-29.xls
2018-05-29,shell,e20,26.74,2018-05-29,05:00,retail-2018-05-29.xls
2018-05-29,shell,e85,,,,retail-2018-05-29.xls
2018-05-29,shell,gh91,28.98,2018-05-29,05:00,retail-2018-05-29.xls
2018-05-29,shell,gh95,29.25,2018-05-29,05:00,retail-2018-05-29.xls
2018-05-29,shell,gl95,,,,retail-2018-05-29.xls
2018-05-29,shell,pds,32.66,2018-05-29,05:00,retail-2018-05-29.xls
2018-05-29,susco1,ds,28.79,2018-05-29,05:00,retail-2018-05-29.xls
2018-05-29,susco1,e20,26.74,2018-05-29,05:00,retail-2018-05-29.xls
2018-05-29,susco1,e85,21.14,2018-05-29,05:00,retail-2018-05-29.xls
2018-05-29,susco1,gh91,28.98,2018-05-29,05:00,retail-2018-05-29.xls
2018-05-29,susco1,gh95,29.25,2018-05-29,05:00,retail-2018-05-29.xls
2018-05-29,susco1,gl95,36.36,2018-05-29,05:00,retail-2018-05-29.xls
2018-05-29,susco1,pds,,,,retail-2018-05-29.xls
2018-05-29,susco2,ds,28.79,2018-05-29,05:00,retail-2018-05-29.xls
2018-05-29,susco2,e20,26.74,2018-05-29,05:00,retail-2018-05-29.xls
2018-05-29,susco2,e85,,,,retail-2018-05-29.xls
2018-05-29,susco2,gh91,28.98,2018-05-29,05:00,retail-2018-05-29.xls
2018-05-29,susco2,gh95,29.25,2018-05-29,05:00,retail-2018-05-29.xls
2018-05-29,susco2,gl95,36.36,2018-05-29,05:00,retail-2018-05-29.xls
2018-05-29,susco2,pds,,,,retail-2018-05-29.xls
2018-06-01,bcp,ds,28.79,2018-05-29,05:00,retail-2018-06-01.xls
2018-06-01,bcp,e20,26.74,2018-05-29,05:00,retail-2018-06-01.xls
2018-06-01,bcp,e85,21.14,2018-05-29,05:00,retail-2018-06-01.xls
2018-06-01,bcp,gh91,28.98,2018-05-29,05:00,retail-2018-06-01.xls
2018-06-01,bcp,gh95,29.25,2018-05-29,05:00,retail-2018-06-01.xls
2018-06-01,bcp,gl95,,,,retail-2018-06-01.xls
2018-06-01,bcp,pds,32.66,2018-05-29,05:00,retail-2018-06-01.xls
2018-06-01,caltex,ds,28.79,2018-05-29,05:00,retail-2018-06-01.xls
2018-06-01,caltex,e20,26.74,2018-05-29,05:00,retail-2018-06-01.xls
2018-06-01,caltex,e85,,,,retail-2018-06-01.xls
2018-06-01,caltex,gh91,28.98,2018-05-29,05:00,retail-2018-06-01.xls
2018-06-01,caltex,gh95,29.25,2018-05-29,05:00,retail-2018-06-01.xls
2018-06-01,caltex,gl95,36.81,2018-05-29,05:00,retail-2018-06-01.xls
2018-06-01,caltex,pds,32.66,2018-05-29,05:00,retail-2018-06-01.xls
2018-06-01,esso,ds,28.79,2018-05-29,05:00,retail-2018-06-01.xls
2018-06-01,esso,e20,26.74,2018-05-29,05:00,retail-2018-06-01.xls
2018-06-01,esso,e85,,,,retail-2018-06-01.xls
2018-06-01,esso,gh91,28.98,2018-05-29,05:00,retail-2018-06-01.xls
2018-06-01,esso,gh95,29.25,2018-05-29,05:00,retail-2018-06-01.xls
2018-06-01,esso,gl95,,,,retail-2018-06-01.xls
2018-06-01,esso,pds,32.66,2018-05-29,05:00,retail-2018-06-01.xls
2018-06-01,irpc,ds,28.79,2018-05-29,05:00,retail-2018-06-01.xls
2018-06-01,irpc,e20,,,,retail-2018-06-01.xls
2018-06-01,irpc,e85,,,,retail-2018-06-01.xls
2018-06-01,irpc,gh91,28.98,2018-05-29,05:00,retail-2018-06-01.xls
2018-06-01,irpc,gh95,29.25,2018-05-29,05:00,retail-2018-06-01.xls
2018-06-01,irpc,gl95,,,,retail-2018-06-01.xls
2018-06-01,irpc,pds,,,,retail-2018-06-01.xls
2018-06-01,pt,ds,28.79,2018-05-29,05:00,retail-2018-06-01.xls
2018-06-01,pt,e20,26.74,2018-05-29,05:00,retail-2018-06-01.xls
2018-06-01,pt,e85,,,,retail-2018-06-01.xls
2018-06-01,pt,gh91,28.98,2018-05-29,05:00,retail-2018-06-01.xls
2018-06-01,pt,gh95,29.25,2018-05-29,05:00,retail-2018-06-01.xls
2018-06-01,pt,gl95,36.86,2018-05-29,05:00,retail-2018-06-01.xls
2018-06-01,pt,pds,,,,retail-2018-06-01.xls
2018-06-01,ptt,ds,28.79,2018-05-29,05:00,retail-2018-06-01.xls
2018-06-01,ptt,e20,26.74,2018-05-29,05:00,retail-2018-06-01.xls
2018-06-01,ptt,e85,21.14,2018-05-29,05:00,retail-2018-06-01.xls
2018-06-01,ptt,gh91,28.98,2018-05-29,05:00,retail-2018-06-01.xls
2018-06-01,ptt,gh95,29.25,2018-05-29,05:00,retail-2018-06-01.xls
2018-06-01,ptt,gl95,36.36,2018-05-29,05:00,retail-2018-06-01.xls
2018-06-01,ptt,pds,31.79,2018-05-29,05:00,retail-2018-06-01.xls
2018-06-01,pure,ds,28.79,2018-05-29,05:00,retail-2018-06-01.xls
2018-06-01,pure,e20,26.74,2018-05-29,05:00,retail-2018-06-01.xls
2018-06-01,pure,e85,21.14,2018-05-29,05:00,retail-2018-06-01.xls
2018-06-01,pure,gh91,28.98,2018-05-29,05:00,retail-2018-06-01.xls
2018-06-01,pure,gh95,29.25,2018-05-29,05:00,retail-2018-06-01.xls
2018-06-01,pure,gl95,36.36,2018-05-29,05:00,retail-2018-06-01.xls
2018-06-01,pure,pds,,,,retail-2018-06-01.xls
2018-06-01,shell,ds,29.09,2018-06-01,05:00,retail-2018-06-01.xls
2018-06-01,shell,e20,27.04,2018-06-01,05:00,retail-2018-06-01.xls
2018-06-01,shell,e85,,,,retail-2018-06-01.xls
2018-06-01,shell,gh91,29.28,2018-06-01,05:00,retail-2018-06-01.xls
2018-06-01,shell,gh95,29.55,2018-06-01,05:00,retail-2018-06-01.xls
2018-06-01,shell,gl95,,,,retail-2018-06-01.xls
2018-06-01,shell,pds,32.96,2018-06-01,05:00,retail-2018-06-01.xls
2018-06-01,susco1,ds,28.79,2018-05-29,05:00,retail-2018-06-01.xls
2018-06-01,susco1,e20,26.74,2018-05-29,05:00,retail-2018-06-01.xls
2018-06-01,susco1,e85,21.14,2018-05-29,05:00,retail-2018-06-01.xls
2018-06-01,susco1,gh91,28.98,2018-05-29,05:00,retail-2018-06-01.xls
2018-06-01,susco1,gh95,29.25,2018-05-29,05:00,retail-2018-06-01.xls
2018-06-01,susco1,gl95,36.36,2018-05-29,05:00,retail-2018-06-01.xls
2018-06-01,susco1,pds,,,,retail-2018-06-01.xls
2018-06-01,susco2,ds,28.79,2018-05-29,05:00,retail-2018-06-01.xls
2018-06-01,susco2,e20,26.74,2018-05-29,05:00,retail-2018-06-01.xls
2018-06-01,susco2,e85,,,,retail-2018-06-01.xls
2018-06-01,susco2,gh91,28.98,2018-05-29,05:00,retail-2018-06-01.xls
2018-06-01,susco2,gh95,29.25,2018-05-29,05:00,retail-2018-06-01.xls
2018-06-01,susco2,gl95,36.36,2018-05-29,05:00,retail-2018-06-01.xls
2018-06-01,susco2,pds,,,,retail-2018-06-01.xls
2018-06-02,bcp,ds,28.79,2018-05-29,05:00,retail-2018-06-02.xls
2018-06-02,bcp,e20,26.74,2018-05-29,05:00,retail-2018-06-02.xls
2018-06-02,bcp,e85,21.14,2018-05-29,05:00,retail-2018-06-02.xls
2018-06-02,bcp,gh91,28.98,2018-05-29,05:00,retail-2018-06-02.xls
2018-06-02,bcp,gh95,29.25,2018-05-29,05:00,retail-2018-06-02.xls
2018-06-02,bcp,gl95,,,,retail-2018-06-02.xls
2018-06-02,bcp,pds,32.66,2018-05-29,05:00,retail-2018-06-02.xls
2018-06-02,caltex,ds,28.79,2018-05-29,05:00,retail-2018-06-02.xls
2018-06-02,caltex,e20,26.74,2018-05-29,05:00,retail-2018-06-02.xls
2018-06-02,caltex,e85,,,,retail-2018-06-02.xls
2018-06-02,caltex,gh91,28.98,2018-05-29,05:00,retail-2018-06-02.xls
2018-06-02,caltex,gh95,29.25,2018-05-29,05:00,retail-2018-06-02.xls
2018-06-02,caltex,gl95,36.81,2018-05-29,05:00,retail-2018-06-02.xls
2018-06-02,caltex,pds,32.66,2018-05-29,05:00,retail-2018-06-02.xls
2018-06-02,esso,ds,28.79,2018-05-29,05:00,retail-2018-06-02.xls
2018-06-02,esso,e20,26.74,2018-05-29,05:00,retail-2018-06-02.xls
2018-06-02,esso,e85,,,,retail-2018-06-02.xls
2018-06-02,esso,gh91,28.98,2018-05-29,05:00,retail-2018-06-02.xls
2018-06-02,esso,gh95,29.25,2018-05-29,05:00,retail-2018-06-02.xls
2018-06-02,esso,gl95,,,,retail-2018-06-02.xls
2018-06-02,esso,pds,32.66,2018-05-29,05:00,retail-2018-06-02.xls
2018-06-02,irpc,ds,28.79,2018-05-29,05:00,retail-2018-06-02.xls
2018-06-02,irpc,e20,,,,retail-2018-06-02.xls
2018-06-02,irpc,e85,,,,retail-2018-06-02.xls
2018-06-02,irpc,gh91,28.98,2018-05-29,05:00,retail-2018-06-02.xls
2018-06-02,irpc,gh95,29.25,2018-05-29,05:00,retail-2018-06-02.xls
2018-06-02,irpc,gl95,,,,retail-2018-06-02.xls
2018-06-02,irpc,pds,,,,retail-2018-06-02.xls
2018-06-02,pt,ds,28.79,2018-05-29,05:00,retail-2018-06-02.xls
2018-06-02,pt,e20,26.74,2018-05-29,05:00,retail-2018-06-02.xls
2018-06-02,pt,e85,,,,retail-2018-06-02.xls
2018-06-02,pt,gh91,28.98,2018-05-29,05:00,retail-2018-06-02.xls
2018-06-02,pt,gh95,29.25,2018-05-29,05:00,retail-2018-06-02.xls
2018-06-02,pt,gl95,36.86,2018-05-29,05:00,retail-2018-06-02.xls
2018-06-02,pt,pds,,,,retail-2018-06-02.xls
2018-06-02,ptt,ds,28.79,2018-05-29,05:00,retail-2018-06-02.xls
2018-06-02,ptt,e20,26.74,2018-05-29,05:00,retail-2018-06-02.xls
2018-06-02,ptt,e85,21.14,2018-05-29,05:00,retail-2018-06-02.xls
2018-06-02,ptt,gh91,28.98,2018-05-29,05:00,retail-2018-06-02.xls
2018-06-02,ptt,gh95,29.25,2018-05-29,05:00,retail-2018-06-02.xls
2018-06-02,ptt,gl95,36.36,2018-05-29,05:00,retail-2018-06-02.xls
2018-06-02,ptt,pds,31.79,2018-05-29,05:00,retail-2018-06-02.xls
2018-06-02,pure,ds,28.79,2018-05-29,05:00,retail-2018-06-02.xls
2018-06-02,pure,e20,26.74,2018-05-29,05:00,retail-2018-06-02.xls
2018-06-02,pure,e85,21.14,2018-05-29,05:00,retail-2018-06-02.xls
2018-06-02,pure,gh91,28.98,2018-05-29,05:00,retail-2018-06-02.xls
2018-06-02,pure,gh95,29.25,2018-05-29,05:00,retail-2018-06-02.xls
2018-06-02,pure,gl95,36.36,2018-05-29,05:00,retail-2018-06-02.xls
2018-06-02,pure,pds,,,,retail-2018-06-02.xls
2018-06-02,shell,ds,28.79,2018-06-02,05:00,retail-2018-06-02.xls
2018-06-02,shell,e20,26.74,2018-06-02,05:00,retail-2018-06-02.xls
2018-06-02,shell,e85,,,,retail-2018-06-02.xls
2018-06-02,shell,gh91,28.98,2018-06-02,05:00,retail-2018-06-02.xls
2018-06-02,shell,gh95,29.25,2018-06-02,05:00,retail-2018-06-02.xls
2018-06-02,shell,gl95,,,,retail-2018-06-02.xls
2018-06-02,shell,pds,32.66,2018-06-02,05:00,retail-2018-06-02.xls
2018-06-02,susco1,ds,28.79,2018-05-29,05:00,retail-2018-06-02.xls
2018-06-02,susco1,e20,26.74,2018-05-29,05:00,retail-2018-06-02.xls
2018-06-02,susco1,e85,21.14,2018-05-29,05:00,retail-2018-06-02.xls
2018-06-02,susco1,gh91,28.98,2018-05-29,05:00,retail-2018-06-02.xls
2018-06-02,susco1,gh95,29.25,2018-05-29,05:00,retail-2018-06-02.xls
2018-06-02,susco1,gl95,36.36,2018-05-29,05:00,retail-2018-06-02.xls
2018-06-02,susco1,pds,,,,retail-2018-06-02.xls
2018-06-02,susco2,ds,28.79,2018-05-29,05:00,retail-2018-06-02.xls
2018-06-02,susco2,e20,26.74,2018-05-29,05:00,retail-2018-06-02.xls
2018-06-02,susco2,e85,,,,retail-2018-06-02.xls
2018-06-02,susco2,gh91,28.98,2018-05-29,05:00,retail-2018-06-02.xls
2018-06-02,susco2,gh95,29.25,2018-05-29,05:00,retail-2018-06-02.xls
2018-06-02,susco2,gl95,36.36,2018-05-29,05:00,retail-2018-06-02.xls
2018-06-02,susco2,pds,,,,retail-2018-06-02.xls
2018-06-10,bcp,ds,28.79,2018-05-29,05:00,retail-2018-06-10.xls
2018-06-10,bcp,e20,26.74,2018-05-29,05:00,retail-2018-06-10.xls
2018-06-10,bcp,e85,21.14,2018-05-29,05:00,retail-2018-06-10.xls
2018-06-10,bcp,gh91,28.98,2018-05-29,05:00,retail-2018-06-10.xls
2018-06-10,bcp,gh95,29.25,2018-05-29,05:00,retail-2018-06-10.xls
2018-06-10,bcp,gl95,,,,retail-2018-06-10.xls
2018-06-10,bcp,pds,32.66,2018-05-29,05:00,retail-2018-06-10.xls
2018-06-10,caltex,ds,28.79,2018-05-29,05:00,retail-2018-06-10.xls
2018-06-10,caltex,e20,26.74,2018-05-29,05:00,retail-2018-06-10.xls
2018-06-10,caltex,e85,,,,retail-2018-06-10.xls
2018-06-10,caltex,gh91,28.98,2018-05-29,05:00,retail-2018-06-10.xls
2018-06-10,caltex,gh95,29.25,2018-05-29,05:00,retail-2018-06-10.xls
2018-06-10,caltex,gl95,36.81,2018-05-29,05:00,retail-2018-06-10.xls
2018-06-10,caltex,pds,32.66,2018-05-29,05:00,retail-2018-06-10.xls
2018-06-10,esso,ds,28.79,2018-05-29,05:00,retail-2018-06-10.xls
2018-06-10,esso,e20,26.74,2018-05-29,05:00,retail-2018-06-10.xls
2018-06-10,esso,e85,,,,retail-2018-06-10.xls
2018-06-10,esso,gh91,28.98,2018-05-29,05:00,retail-2018-06-10.xls
2018-06-10,esso,gh95,29.25,2018-05-29,05:00,retail-2018-06-10.xls
2018-06-10,esso,gl95,,,,retail-2018-06-10.xls
2018-06-10,esso,pds,32.66,2018-05-29,05:00,retail-2018-06-10.xls
2018-06-10,irpc,ds,28.79,2018-05-29,05:00,retail-2018-06-10.xls
2018-06-10,irpc,e20,,,,retail-2018-06-10.xls
2018-06-10,irpc,e85,,,,retail-2018-06-10.xls
2018-06-10,irpc,gh91,28.98,2018-05-29,05:00,retail-2018-06-10.xls
2018-06-10,irpc,gh95,29.25,2018-05-29,05:00,retail-2018-06-10.xls
2018-06-10,irpc,gl95,,,,retail-2018-06-10.xls
2018-06-10,irpc,pds,,,,retail-2018-06-10.xls
2018-06-10,pt,ds,28.79,2018-05-29,05:00,retail-2018-06-10.xls
2018-06-10,pt,e20,26.74,2018-05-29,05:00,retail-2018-06-10.xls
2018-06-10,pt,e85,,,,retail-2018-06-10.xls
2018-06-10,pt,gh91,28.98,2018-05-29,05:00,retail-2018-06-10.xls
2018-06-10,pt,gh95,29.25,2018-05-29,05:00,retail-2018-06-10.xls
2018-06-10,pt,gl95,36.86,2018-05-29,05:00,retail-2018-06-10.xls
2018-06-10,pt,pds,,,,retail-2018-06-10.xls
2018-06-10,ptt,ds,28.79,2018-05-29,05:00,retail-2018-06-10.xls
2018-06-10,ptt,e20,26.74,2018-05-29,05:00,retail-2018-06-10.xls
2018-06-10,ptt,e85,21.14,2018-05-29,05:00,retail-2018-06-10.xls
2018-06-10,ptt,gh91,28.98,2018-05-29,05:00,retail-2018-06-10.xls
2018-06-10,ptt,gh95,29.25,2018-05-29,05:00,retail-2018-06-10.xls
2018-06-10,ptt,gl95,36.36,2018-05-29,05:00,retail-2018-06-10.xls
2018-06-10,ptt,pds,31.79,2018-05-29,05:00,retail-2018-06-10.xls
2018-06-10,pure,ds,28.79,2018-05-29,05:00,retail-2018-06-10.xls
2018-06-10,pure,e20,26.74,2018-05-29,05:00,retail-2018-06-10.xls
2018-06-10,pure,e85,21.14,2018-05-29,05:00,retail-2018-06-10.xls
2018-06-10,pure,gh91,28.98,2018-05-29,05:00,retail-2018-06-10.xls
2018-06-10,pure,gh95,29.25,2018-05-29,05:00,retail-2018-06-10.xls
2018-06-10,pure,gl95,36.36,2018-05-29,05:00,retail-2018-06-10.xls
2018-06-10,pure,pds,,,,retail-2018-06-10.xls
2018-06-10,shell,ds,28.79,2018-06-10,05:00,retail-2018-06-10.xls
2018-06-10,shell,e20,27.14,2018-06-10,05:00,retail-2018-06-10.xls
2018-06-10,shell,e85,,,,retail-2018-06-10.xls
2018-06-10,shell,gh91,29.38,2018-06-10,05:00,retail-2018-06-10.xls
2018-06-10,shell,gh95,29.65,2018-06-10,05:00,retail-2018-06-10.xls
2018-06-10,shell,gl95,,,,retail-2018-06-10.xls
2018-06-10,shell,pds,32.66,2018-06-10,05:00,retail-2018-06-10.xls
2018-06-10,susco1,ds,28.79,2018-05-29,05:00,retail-2018-06-10.xls
2018-06-10,susco1,e20,26.74,2018-05-29,05:00,retail-2018-06-10.xls
2018-06-10,susco1,e85,21.14,2018-05-29,05:00,retail-2018-06-10.xls
2018-06-10,susco1,gh91,28.98,2018-05-29,05:00,retail-2018-06-10.xls
2018-06-10,susco1,gh95,29.25,2018-05-29,05:00,retail-2018-06-10.xls
2018-06-10,susco1,gl95,36.36,2018-05-29,05:00,retail-2018-06-10.xls
2018-06-10,susco1,pds,,,,retail-2018-06-10.xls
2018-06-10,susco2,ds,28.79,2018-05-29,05:00,retail-2018-06-10.xls
2018-06-10,susco2,e20,26.74,2018-05-29,05:00,retail-2018-06-10.xls
2018-06-10,susco2,e85,,,,retail-2018-06-10.xls
2018-06-10,susco2,gh91,28.98,2018-05-29,05:00,retail-2018-06-10.xls
2018-06-10,susco2,gh95,29.25,2018-05-29,05:00,retail-2018-06-10.xls
2018-06-10,susco2,gl95,36.36,2018-05-29,05:00,retail-2018-06-10.xls
2018-06-10,susco2,pds,,,,retail-2018-06-10.xls
2018-06-14,bcp,ds,28.79,2018-05-29,05:00,retail-2018-06-14.xls
2018-06-14,bcp,e20,26.74,2018-05-29,05:00,retail-2018-06-14.xls
2018-06-14,bcp,e85,21.14,2018-05-29,05:00,retail-2018-06-14.xls
2018-06-14,bcp,gh91,28.98,2018-05-29,05:00,retail-2018-06-14.xls
2018-06-14,bcp,gh95,29.25,2018-05-29,05:00,retail-2018-06-14.xls
2018-06-14,bcp,gl95,,,,retail-2018-06-14.xls
2018-06-14,bcp,pds,32.66,2018-05-29,05:00,retail-2018-06-14.xls
2018-06-14,caltex,ds,28.79,2018-05-29,05:00,retail-2018-06-14.xls
2018-06-14,caltex,e20,26.74,2018-05-29,05:00,retail-2018-06-14.xls
2018-06-14,caltex,e85,,,,retail-2018-06-14.xls
2018-06-14,caltex,gh91,28.98,2018-05-29,05:00,retail-2018-06-14.xls
2018-06-14,caltex,gh95,29.25,2018-05-29,05:00,retail-2018-06-14.xls
2018-06-14,caltex,gl95,36.81,2018-05-29,05:00,retail-2018-06-14.xls
2018-06-14,caltex,pds,32.66,2018-05-29,05:00,retail-2018-06-14.xls
2018-06-14,esso,ds,28.79,2018-05-29,05:00,retail-2018-06-14.xls
2018-06-14,esso,e20,26.74,2018-05-29,05:00,retail-2018-06-14.xls
2018-06-14,esso,e85,,,,retail-2018-06-14.xls
2018-06-14,esso,gh91,28.98,2018-05-29,05:00,retail-2018-06-14.xls
2018-06-14,esso,gh95,29.25,2018-05-29,05:00,retail-2018-06-14.xls
2018-06-14,esso,gl95,,,,retail-2018-06-14.xls
2018-06-14,esso,pds,32.66,2018-05-29,05:00,retail-2018-06-14.xls
2018-06-14,irpc,ds,28.79,2018-05-29,05:00,retail-2018-06-14.xls
2018-06-14,irpc,e20,,,,retail-2018-06-14.xls
2018-06-14,irpc,e85,,,,retail-2018-06-14.xls
2018-06-14,irpc,gh91,28.98,2018-05-29,05:00,retail-2018-06-14.xls
2018-06-14,irpc,gh95,29.25,2018-05-29,05:00,retail-2018-06-14.xls
2018-06-14,irpc,gl95,,,,retail-2018-06-14.xls
2018-06-14,irpc,pds,,,,retail-2018-06-14.xls
2018-06-14,pt,ds,28.79,2018-05-29,05:00,retail-2018-06-14.xls
2018-06-14,pt,e20,26.74,2018-05-29,05:00,retail-2018-06-14.xls
2018-06-14,pt,e85,,,,retail-2018-06-14.xls
2018-06-14,pt,gh91,28.98,2018-05-29,05:00,retail-2018-06-14.xls
2018-06-14,pt,gh95,29.25,2018-05-29,05:00,retail-2018-06-14.xls
2018-06-14,pt,gl95,36.86,2018-05-29,05:00,retail-2018-06-14.xls
2018-06-14,pt,pds,,,,retail-2018-06-14.xls
2018-06-14,ptt,ds,28.79,2018-05-29,05:00,retail-2018-06-14.xls
2018-06-14,ptt,e20,26.74,2018-05-29,05:00,retail-2018-06-14.xls
2018-06-14,ptt,e85,21.14,2018-05-29,05:00,retail-2018-06-14.xls
2018-06-14,ptt,gh91,28.98,2018-05-29,05:00,retail-2018-06-14.xls
2018-06-14,ptt,gh95,29.25,2018-05-29,05:00,retail-2018-06-14.xls
2018-06-14,ptt,gl95,36.36,2018-05-29,05:00,retail-2018-06-14.xls
2018-06-14,ptt,pds,31.79,2018-05-29,05:00,retail-2018-06-14.xls
2018-06-14,pure,ds,28.79,2018-05-29,05:00,retail-2018-06-14.xls
2018-06-14,pure,e20,26.74,2018-05-29,05:00,retail-2018-06-14.xls
2018-06-14,pure,e85,21.14,2018-05-29,05:00,retail-2018-06-14.xls
2018-06-14,pure,gh91,28.98,2018-05-29,05:00,retail-2018-06-14.xls
2018-06-14,pure,gh95,29.25,2018-05-29,05:00,retail-2018-06-14.xls
2018-06-14,pure,gl95,36.36,2018-05-29,05:00,retail-2018-06-14.xls
2018-06-14,pure,pds,,,,retail-2018-06-14.xls
2018-06-14,shell,ds,28.79,2018-06-14,05:00,retail-2018-06-14.xls
2018-06-14,shell,e20,26.74,2018-06-14,05:00,retail-2018-06-14.xls
2018-06-14,shell,e85,,,,retail-2018-06-14.xls
2018-06-14,shell,gh91,28.98,2018-06-14,05:00,retail-2018-06-14.xls
2018-06-14,shell,gh95,29.25,2018-06-14,05:00,retail-2018-06-14.xls
2018-06-14,shell,gl95,,,,retail-2018-06-14.xls
2018-06-14,shell,pds,32.66,2018-06-14,05:00,retail-2018-06-14.xls
2018-06-14,susco1,ds,28.79,2018-05-29,05:00,retail-2018-06-14.xls
2018-06-14,susco1,e20,26.74,2018-05-29,05:00,retail-2018-06-14.xls
2018-06-14,susco1,e85,21.14,2018-05-29,05:00,retail-2018-06-14.xls
2018-06-14,susco1,gh91,28.98,2018-05-29,05:00,retail-2018-06-14.xls
2018-06-14,susco1,gh95,29.25,2018-05-29,05:00,retail-2018-06-14.xls
2018-06-14,susco1,gl95,36.36,2018-05-29,05:00,retail-2018-06-14.xls
2018-06-14,susco1,pds,,,,retail-2018-06-14.xls
2018-06-14,susco2,ds,28.79,2018-05-29,05:00,retail-2018-06-14.xls
2018-06-14,susco2,e20,26.74,2018-05-29,05:00,retail-2018-06-14.xls
2018-06-14,susco2,e85,,,,retail-2018-06-14.xls
2018-06-14,susco2,gh91,28.98,2018-05-29,05:00,retail-2018-06-14.xls
2018-06-14,susco2,gh95,29.25,2018-05-29,05:00,retail-2018-06-14.xls
2018-06-14,susco2,gl95,36.36,2018-05-29,05:00,retail-2018-06-14.xls
2018-06-14,susco2,pds,,,,retail-2018-06-14.xls
2018-06-30,bcp,ds,28.79,2018-05-29,05:00,retail-2018-06-30.xls
2018-06-30,bcp,e20,26.74,2018-05-29,05:00,retail-2018-06-30.xls
2018-06-30,bcp,e85,21.14,2018-05-29,05:00,retail-2018-06-30.xls
2018-06-30,bcp,gh91,28.98,2018-05-29,05:00,retail-2018-06-30.xls
2018-06-30,bcp,gh95,29.25,2018-05-29,05:00,retail-2018-06-30.xls
2018-06-30,bcp,gl95,,,,retail-2018-06-30.xls
2018-06-30,bcp,pds,32.66,2018-05-29,05:00,retail-2018-06-30.xls
2018-06-30,caltex,ds,28.79,2018-05-29,05:00,retail-2018-06-30.xls
2018-06-30,caltex,e20,26.74,2018-05-29,05:00,retail-2018-06-30.xls
2018-06-30,caltex,e85,,,,retail-2018-06-30.xls
2018-06-30,caltex,gh91,28.98,2018-05-29,05:00,retail-2018-06-30.xls
2018-06-30,caltex,gh95,29.25,2018-05-29,05:00,retail-2018-06-30.xls
2018-06-30,caltex,gl95,36.81,2018-05-29,05:00,retail-2018-06-30.xls
2018-06-30,caltex,pds,32.66,2018-05-29,05:00,retail-2018-06-30.xls
2018-06-30,esso,ds,28.79,2018-05-29,05:00,retail-2018-06-30.xls
2018-06-30,esso,e20,26.74,2018-05-29,05:00,retail-2018-06-30.xls
2018-06-30,esso,e85,,,,retail-2018-06-30.xls
2018-06-30,esso,gh91,28.98,2018-05-29,05:00,retail-2018-06-30.xls
2018-06-30,esso,gh95,29.25,2018-05-29,05:00,retail-2018-06-30.xls
2018-06-30,esso,gl95,,,,retail-2018-06-30.xls
2018-06-30,esso,pds,32.66,2018-05-29,05:00,retail-2018-06-30.xls
2018-06-30,irpc,ds,28.79,2018-05-29,05:00,retail-2018-06-30.xls
2018-06-30,irpc,e20,,,,retail-2018-06-30.xls
2018-06-30,irpc,e85,,,,retail-2018-06-30.xls
2018-06-30,irpc,gh91,28.98,2018-05-29,05:00,retail-2018-06-30.xls
2018-06-30,irpc,gh95,29.25,2018-05-29,05:00,retail-2018-06-30.xls
2018-06-30,irpc,gl95,,,,retail-2018-06-30.xls
2018-06-30,irpc,pds,,,,retail-2018-06-30.xls
2018-06-30,pt,ds,28.79,2018-05-29,05:00,retail-2018-06-30.xls
2018-06-30,pt,e20,26.74,2018-05-29,05:00,retail-2018-06-30.xls
2018-06-30,pt,e85,,,,retail-2018-06-30.xls
2018-06-30,pt,gh91,28.98,2018-05-29,05:00,retail-2018-06-30.xls
2018-06-30,pt,gh95,29.25,2018-05-29,05:00,retail-2018-06-30.xls
2018-06-30,pt,gl95,36.86,2018-05-29,05:00,retail-2018-06-30.xls
2018-06-30,pt,pds,,,,retail-2018-06-30.xls
2018-06-30,ptt,ds,28.79,2018-05-29,05:00,retail-2018-06-30.xls
2018-06-30,ptt,e20,26.74,2018-05-29,05:00,retail-2018-06-30.xls
2018-06-30,ptt,e85,21.14,2018-05-29,05:00,retail-2018-06-30.xls
2018-06-30,ptt,gh91,28.98,2018-05-29,05:00,retail-2018-06-30.xls
2018-06-30,ptt,gh95,29.25,2018-05-29,05:00,retail-2018-06-30.xls
2018-06-30,ptt,gl95,36.36,2018-05-29,05:00,retail-2018-06-30.xls
2018-06-30,ptt,pds,31.79,2018-05-29,05:00,retail-2018-06-30.xls
2018-06-30,pure,ds,28.79,2018-05-29,05:00,retail-2018-06-30.xls
2018-06-30,pure,e20,26.74,2018-05-29,05:00,retail-2018-06-30.xls
2018-06-30,pure,e85,21.14,2018-05-29,05:00,retail-2018-06-30.xls
2018-06-30,pure,gh91,28.98,2018-05-29,05:00,retail-2018-06-30.xls
2018-06-30,pure,gh95,29.25,2018-05-29,05:00,retail-2018-06-30.xls
2018-06-30,pure,gl95,36.36,2018-05-29,05:00,retail-2018-06-30.xls
2018-06-30,pure,pds,,,,retail-2018-06-30.xls
2018-06-30,shell,ds,29.09,2018-06-30,05:00,retail-2018-06-30.xls
2018-06-30,shell,e20,27.34,2018-06-30,05:00,retail-2018-06-30.xls
2018-06-30,shell,e85,,,,retail-2018-06-30.xls
2018-06-30,shell,gh91,29.58,2018-06-30,05:00,retail-2018-06-30.xls
2018-06-30,shell,gh95,29.85,2018-06-30,05:00,retail-2018-06-30.xls
2018-06-30,shell,gl95,,,,retail-2018-06-30.xls
2018-06-30,shell,pds,32.96,2018-06-30,05:00,retail-2018-06-30.xls
2018-06-30,susco1,ds,28.79,2018-05-29,05:00,retail-2018-06-30.xls
2018-06-30,susco1,e20,26.74,2018-05-29,05:00,retail-2018-06-30.xls
2018-06-30,susco1,e85,21.14,2018-05-29,05:00,retail-2018-06-30.xls
2018-06-30,susco1,gh91,28.98,2018-05-29,05:00,retail-2018-06-30.xls
2018-06-30,susco1,gh95,29.25,2018-05-29,05:00,retail-2018-06-30.xls
2018-06-30,susco1,gl95,36.36,2018-05-29,05:00,retail-2018-06-30.xls
2018-06-30,susco1,pds,,,,retail-2018-06-30.xls
2018-06-30,susco2,ds,28.79,2018-05-29,05:00,retail-2018-06-30.xls
2018-06-30,susco2,e20,26.74,2018-05-29,05:00,retail-2018-06-30.xls
2018-06-30,susco2,e85,,,,retail-2018-06-30.xls
2018-06-30,susco2,gh91,28.98,2018-05-29,05:00,retail-2018-06-30.xls
2018-06-30,susco2,gh95,29.25,2018-05-29,05:00,retail-2018-06-30.xls
2018-06-30,susco2,gl95,36.36,2018-05-29,05:00,retail-2018-06-30.xls
2018-06-30,susco2,pds,,,,retail-2018-06-30.xls
2018-07-03,bcp,ds,28.79,2018-05-29,05:00,retail-2018-07-03.xls
2018-07-03,bcp,e20,26.74,2018-05-29,05:00,retail-2018-07-03.xls
2018-07-03,bcp,e85,21.14,2018-05-29,05:00,retail-2018-07-03.xls
2018-07-03,bcp,gh91,28.98,2018-05-29,05:00,retail-2018-07-03.xls
2018-07-03,bcp,gh95,29.25,2018-05-29,05:00,retail-2018-07-03.xls
2018-07-03,bcp,gl95,,,,retail-2018-07-03.xls
2018-07-03,bcp,pds,32.66,2018-05-29,05:00,retail-2018-07-03.xls
2018-07-03,caltex,ds,29.19,2018-07-03,05:00,retail-2018-07-03.xls
2018-07-03,caltex,e20,27.34,2018-07-03,05:00,retail-2018-07-03.xls
2018-07-03,caltex,e85,,,,retail-2018-07-03.xls
2018-07-03,caltex,gh91,29.58,2018-07-03,05:00,retail-2018-07-03.xls
2018-07-03,caltex,gh95,29.85,2018-07-03,05:00,retail-2018-07-03.xls
2018-07-03,caltex,gl95,37.41,2018-07-03,05:00,retail-2018-07-03.xls
2018-07-03,caltex,pds,33.06,2018-07-03,05:00,retail-2018-07-03.xls
2018-07-03,esso,ds,28.79,2018-05-29,05:00,retail-2018-07-03.xls
2018-07-03,esso,e20,26.74,2018-05-29,05:00,retail-2018-07-03.xls
2018-07-03,esso,e85,,,,retail-2018-07-03.xls
2018-07-03,esso,gh91,28.98,2018-05-29,05:00,retail-2018-07-03.xls
2018-07-03,esso,gh95,29.25,2018-05-29,05:00,retail-2018-07-03.xls
2018-07-03,esso,gl95,,,,retail-2018-07-03.xls
2018-07-03,esso,pds,32.66,2018-05-29,05:00,retail-2018-07-03.xls
2018-07-03,irpc,ds,28.79,2018-05-29,05:00,retail-2018-07-03.xls
2018-07-03,irpc,e20,,,,retail-2018-07-03.xls
2018-07-03,irpc,e85,,,,retail-2018-07-03.xls
2018-07-03,irpc,gh91,28.98,2018-05-29,05:00,retail-2018-07-03.xls
2018-07-03,irpc,gh95,29.25,2018-05-29,05:00,retail-2018-07-03.xls
2018-07-03,irpc,gl95,,,,retail-2018-07-03.xls
2018-07-03,irpc,pds,,,,retail-2018-07-03.xls
2018-07-03,pt,ds,28.79,2018-05-29,05:00,retail-2018-07-03.xls
2018-07-03,pt,e20,26.74,2018-05-29,05:00,retail-2018-07-03.xls
2018-07-03,pt,e85,,,,retail-2018-07-03.xls
2018-07-03,pt,gh91,28.98,2018-05-29,05:00,retail-2018-07-03.xls
2018-07-03,pt,gh95,29.25,2018-05-29,05:00,retail-2018-07-03.xls
2018-07-03,pt,gl95,36.86,2018-05-29,05:00,retail-2018-07-03.xls
2018-07-03,pt,pds,,,,retail-2018-07-03.xls
2018-07-03,ptt,ds,28.79,2018-05-29,05:00,retail-2018-07-03.xls
2018-07-03,ptt,e20,26.74,2018-05-29,05:00,retail-2018-07-03.xls
2018-07-03,ptt,e85,21.14,2018-05-29,05:00,retail-2018-07-03.xls
2018-07-03,ptt,gh91,28.98,2018-05-29,05:00,retail-2018-07-03.xls
2018-07-03,ptt,gh95,29.25,2018-05-29,05:00,retail-2018-07-03.xls
2018-07-03,ptt,gl95,36.36,2018-05-29,05:00,retail-2018-07-03.xls
2018-07-03,ptt,pds,31.79,2018-05-29,05:00,retail-2018-07-03.xls
2018-07-03,pure,ds,28.79,2018-05-29,05:00,retail-2018-07-03.xls
2018-07-03,pure,e20,26.74,2018-05-29,05:00,retail-2018-07-03.xls
2018-07-03,pure,e85,21.14,2018-05-29,05:00,retail-2018-07-03.xls
2018-07-03,pure,gh91,28.98,2018-05-29,05:00,retail-2018-07-03.xls
2018-07-03,pure,gh95,29.25,2018-05-29,05:00,retail-2018-07-03.xls
2018-07-03,pure,gl95,36.36,2018-05-29,05:00,retail-2018-07-03.xls
2018-07-03,pure,pds,,,,retail-2018-07-03.xls
2018-07-03,shell,ds,29.09,2018-06-30,05:00,retail-2018-07-03.xls
2018-07-03,shell,e20,27.34,2018-06-30,05:00,retail-2018-07-03.xls
2018-07-03,shell,e85,,,,retail-2018-07-03.xls
2018-07-03,shell,gh91,29.58,2018-06-30,05:00,retail-2018-07-03.xls
2018-07-03,shell,gh95,29.85,2018-06-30,05:00,retail-2018-07-03.xls
2018-07-03,shell,gl95,,,,retail-2018-07-03.xls
2018-07-03,shell,pds,32.96,2018-06-30,05:00,retail-2018-07-03.xls
2018-07-03,susco1,ds,28.79,2018-05-29,05:00,retail-2018-07-03.xls
2018-07-03,susco1,e20,26.74,2018-05-29,05:00,retail-2018-07-03.xls
2018-07-03,susco1,e85,21.14,2018-05-29,05:00,retail-2018-07-03.xls
2018-07-03,susco1,gh91,28.98,2018-05-29,05:00,retail-2018-07-03.xls
2018-07-03,susco1,gh95,29.25,2018-05-29,05:00,retail-2018-07-03.xls
2018-07-03,susco1,gl95,36.36,2018-05-29,05:00,retail-2018-07-03.xls
2018-07-03,susco1,pds,,,,retail-2018-07-03.xls
2018-07-03,susco2,ds,28.79,2018-05-29,05:00,retail-2018-07-03.xls
2018-07-03,susco2,e20,26.74,2018-05-29,05:00,retail-2018-07-03.xls
2018-07-03,susco2,e85,,,,retail-2018-07-03.xls
2018-07-03,susco2,gh91,28.98,2018-05-29,05:00,retail-2018-07-03.xls
2018-07-03,susco2,gh95,29.25,2018-05-29,05:00,retail-2018-07-03.xls
2018-07-03,susco2,gl95,36.36,2018-05-29,05:00,retail-2018-07-03.xls
2018-07-03,susco2,pds,,,,retail-2018-07-03.xls
2018-07-07,bcp,ds,29.19,2018-07-07,08:51,retail-2018-07-07.xls
2018-07-07,bcp,e20,26.74,2018-07-07,08:51,retail-2018-07-07.xls
2018-07-07,bcp,e85,21.14,2018-07-07,08:51,retail-2018-07-07.xls
2018-07-07,bcp,gh91,29.38,2018-07-07,08:51,retail-2018-07-07.xls
2018-07-07,bcp,gh95,29.65,2018-07-07,08:51,retail-2018-07-07.xls
2018-07-07,bcp,gl95,,,,retail-2018-07-07.xls
2018-07-07,bcp,pds,33.06,2018-07-07,08:51,retail-2018-07-07.xls
2018-07-07,caltex,ds,29.19,2018-07-07,05:00,retail-2018-07-07.xls
2018-07-07,caltex,e20,26.74,2018-07-07,05:00,retail-2018-07-07.xls
2018-07-07,caltex,e85,,,,retail-2018-07-07.xls
2018-07-07,caltex,gh91,29.38,2018-07-07,05:00,retail-2018-07-07.xls
2018-07-07,caltex,gh95,29.65,2018-07-07,05:00,retail-2018-07-07.xls
2018-07-07,caltex,gl95,37.21,2018-07-07,05:00,retail-2018-07-07.xls
2018-07-07,caltex,pds,33.06,2018-07-07,05:00,retail-2018-07-07.xls
2018-07-07,esso,ds,29.19,2018-07-07,05:00,retail-2018-07-07.xls
2018-07-07,esso,e20,26.74,2018-07-07,05:00,retail-2018-07-07.xls
2018-07-07,esso,e85,,,,retail-2018-07-07.xls
2018-07-07,esso,gh91,29.38,2018-07-07,05:00,retail-2018-07-07.xls
2018-07-07,esso,gh95,29.65,2018-07-07,05:00,retail-2018-07-07.xls
2018-07-07,esso,gl95,,,,retail-2018-07-07.xls
2018-07-07,esso,pds,33.06,2018-07-07,05:00,retail-2018-07-07.xls
2018-07-07,irpc,ds,29.19,2018-07-07,05:00,retail-2018-07-07.xls
2018-07-07,irpc,e20,,,,retail-2018-07-07.xls
2018-07-07,irpc,e85,,,,retail-2018-07-07.xls
2018-07-07,irpc,gh91,29.38,2018-07-07,05:00,retail-2018-07-07.xls
2018-07-07,irpc,gh95,29.65,2018-07-07,05:00,retail-2018-07-07.xls
2018-07-07,irpc,gl95,,,,retail-2018-07-07.xls
2018-07-07,irpc,pds,,,,retail-2018-07-07.xls
2018-07-07,pt,ds,29.19,2018-07-07,00:00,retail-2018-07-07.xls
2018-07-07,pt,e20,26.74,2018-07-07,00:00,retail-2018-07-07.xls
2018-07-07,pt,e85,,,,retail-2018-07-07.xls
2018-07-07,pt,gh91,29.38,2018-07-07,00:00,retail-2018-07-07.xls
2018-07-07,pt,gh95,29.65,2018-07-07,00:00,retail-2018-07-07.xls
2018-07-07,pt,gl95,37.26,2018-07-07,00:00,retail-2018-07-07.xls
2018-07-07,pt,pds,,,,retail-2018-07-07.xls
2018-07-07,ptt,ds,29.19,2018-07-07,05:00,retail-2018-07-07.xls
2018-07-07,ptt,e20,26.74,2018-07-07,05:00,retail-2018-07-07.xls
2018-07-07,ptt,e85,21.14,2018-07-07,05:00,retail-2018-07-07.xls
2018-07-07,ptt,gh91,29.38,2018-07-07,05:00,retail-2018-07-07.xls
2018-07-07,ptt,gh95,29.65,2018-07-07,05:00,retail-2018-07-07.xls
2018-07-07,ptt,gl95,36.76,2018-07-07,05:00,retail-2018-07-07.xls
2018-07-07,ptt,pds,32.19,2018-07-07,05:00,retail-2018-07-07.xls
2018-07-07,pure,ds,29.19,2018-07-07,05:00,retail-2018-07-07.xls
2018-07-07,pure,e20,26.74,2018-07-07,05:00,retail-2018-07-07.xls
2018-07-07,pure,e85,21.14,2018-07-07,05:00,retail-2018-07-07.xls
2018-07-07,pure,gh91,29.38,2018-07-07,05:00,retail-2018-07-07.xls
2018-07-07,pure,gh95,29.65,2018-07-07,05:00,retail-2018-07-07.xls
2018-07-07,pure,gl95,36.76,2018-07-07,05:00,retail-2018-07-07.xls
2018-07-07,pure,pds,,,,retail-2018-07-07.xls
2018-07-07,shell,ds,29.09,2018-06-30,05:00,retail-2018-07-07.xls
2018-07-07,shell,e20,27.34,2018-06-30,05:00,retail-2018-07-07.xls
2018-07-07,shell,e85,,,,retail-2018-07-07.xls
2018-07-07,shell,gh91,29.58,2018-06-30,05:00,retail-2018-07-07.xls
2018-07-07,shell,gh95,29.85,2018-06-30,05:00,retail-2018-07-07.xls
2018-07-07,shell,gl95,,,,retail-2018-07-07.xls
2018-07-07,shell,pds,32.96,2018-06-30,05:00,retail-2018-07-07.xls
2018-07-07,susco1,ds,29.19,2018-07-07,05:00,retail-2018-07-07.xls
2018-07-07,susco1,e20,26.74,2018-07-07,05:00,retail-2018-07-07.xls
2018-07-07,susco1,e85,21.14,2018-07-07,05:00,retail-2018-07-07.xls
2018-07-07,susco1,gh91,29.38,2018-07-07,05:00,retail-2018-07-07.xls
2018-07-07,susco1,gh95,29.65,2018-07-07,05:00,retail-2018-07-07.xls
2018-07-07,susco1,gl95,36.76,2018-07-07,05:00,retail-2018-07-07.xls
2018-07-07,susco1,pds,,,,retail-2018-07-07.xls
2018-07-07,susco2,ds,29.19,2018-07-07,05:00,retail-2018-07-07.xls
2018-07-07,susco2,e20,26.74,2018-07-07,05:00,retail-2018-07-07.xls
2018-07-07,susco2,e85,,,,retail-2018-07-07.xls
2018-07-07,susco2,gh91,29.38,2018-07-07,05:00,retail-2018-07-07.xls
2018-07-07,susco2,gh95,29.65,2018-07-07,05:00,retail-2018-07-07.xls
2018-07-07,susco2,gl95,36.76,2018-07-07,05:00,retail-2018-07-07.xls
2018-07-07,susco2,pds,,,,retail-2018-07-07.xls
2018-07-09,bcp,ds,29.19,2018-07-07,08:51,retail-2018-07-09.xls
2018-07-09,bcp,e20,26.74,2018-07-07,08:51,retail-2018-07-09.xls
2018-07-09,bcp,e85,21.14,2018-07-07,08:51,retail-2018-07-09.xls
2018-07-09,bcp,gh91,29.38,2018-07-07,08:51,retail-2018-07-09.xls
2018-07-09,bcp,gh95,29.65,2018-07-07,08:51,retail-2018-07-09.xls
2018-07-09,bcp,gl95,,,,retail-2018-07-09.xls
2018-07-09,bcp,pds,33.06,2018-07-07,08:51,retail-2018-07-09.xls
2018-07-09,caltex,ds,29.19,2018-07-07,05:00,retail-2018-07-09.xls
2018-07-09,caltex,e20,26.74,2018-07-07,05:00,retail-2018-07-09.xls
2018-07-09,caltex,e85,,,,retail-2018-07-09.xls
2018-07-09,caltex,gh91,29.38,2018-07-07,05:00,retail-2018-07-09.xls
2018-07-09,caltex,gh95,29.65,2018-07-07,05:00,retail-2018-07-09.xls
2018-07-09,caltex,gl95,37.21,2018-07-07,05:00,retail-2018-07-09.xls
2018-07-09,caltex,pds,33.06,2018-07-07,05:00,retail-2018-07-09.xls
2018-07-09,esso,ds,29.09,2018-07-09,05:00,retail-2018-07-09.xls
2018-07-09,esso,e20,26.74,2018-07-09,05:00,retail-2018-07-09.xls
2018-07-09,esso,e85,,,,retail-2018-07-09.xls
2018-07-09,esso,gh91,29.38,2018-07-09,05:00,retail-2018-07-09.xls
2018-07-09,esso,gh95,29.65,2018-07-09,05:00,retail-2018-07-09.xls
2018-07-09,esso,gl95,,,,retail-2018-07-09.xls
2018-07-09,esso,pds,32.96,2018-07-09,05:00,retail-2018-07-09.xls
2018-07-09,irpc,ds,29.19,2018-07-07,05:00,retail-2018-07-09.xls
2018-07-09,irpc,e20,,,,retail-2018-07-09.xls
2018-07-09,irpc,e85,,,,retail-2018-07-09.xls
2018-07-09,irpc,gh91,29.38,2018-07-07,05:00,retail-2018-07-09.xls
2018-07-09,irpc,gh95,29.65,2018-07-07,05:00,retail-2018-07-09.xls
2018-07-09,irpc,gl95,,,,retail-2018-07-09.xls
2018-07-09,irpc,pds,,,,retail-2018-07-09.xls
2018-07-09,pt,ds,29.19,2018-07-07,00:00,retail-2018-07-09.xls
2018-07-09,pt,e20,26.74,2018-07-07,00:00,retail-2018-07-09.xls
2018-07-09,pt,e85,,,,retail-2018-07-09.xls
2018-07-09,pt,gh91,29.38,2018-07-07,00:00,retail-2018-07-09.xls
2018-07-09,pt,gh95,29.65,2018-07-07,00:00,retail-2018-07-09.xls
2018-07-09,pt,gl95,37.26,2018-07-07,00:00,retail-2018-07-09.xls
2018-07-09,pt,pds,,,,retail-2018-07-09.xls
2018-07-09,ptt,ds,29.19,2018-07-07,05:00,retail-2018-07-09.xls
2018-07-09,ptt,e20,26.74,2018-07-07,05:00,retail-2018-07-09.xls
2018-07-09,ptt,e85,21.14,2018-07-07,05:00,retail-2018-07-09.xls
2018-07-09,ptt,gh91,29.38,2018-07-07,05:00,retail-2018-07-09.xls
2018-07-09,ptt,gh95,29.65,2018-07-07,05:00,retail-2018-07-09.xls
2018-07-09,ptt,gl95,36.76,2018-07-07,05:00,retail-2018-07-09.xls
2018-07-09,ptt,pds,32.19,2018-07-07,05:00,retail-2018-07-09.xls
2018-07-09,pure,ds,29.19,2018-07-07,05:00,retail-2018-07-09.xls
2018-07-09,pure,e20,26.74,2018-07-07,05:00,retail-2018-07-09.xls
2018-07-09,pure,e85,21.14,2018-07-07,05:00,retail-2018-07-09.xls
2018-07-09,pure,gh91,29.38,2018-07-07,05:00,retail-2018-07-09.xls
2018-07-09,pure,gh95,29.65,2018-07-07,05:00,retail-2018-07-09.xls
2018-07-09,pure,gl95,36.76,2018-07-07,05:00,retail-2018-07-09.xls
2018-07-09,pure,pds,,,,retail-2018-07-09.xls
2018-07-09,shell,ds,29.09,2018-06-30,05:00,retail-2018-07-09.xls
2018-07-09,shell,e20,27.34,2018-06-30,05:00,retail-2018-07-09.xls
2018-07-09,shell,e85,,,,retail-2018-07-09.xls
2018-07-09,shell,gh91,29.58,2018-06-30,05:00,retail-2018-07-09.xls
2018-07-09,shell,gh95,29.85,2018-06-30,05:00,retail-2018-07-09.xls
2018-07-09,shell,gl95,,,,retail-2018-07-09.xls
2018-07-09,shell,pds,32.96,2018-06-30,05:00,retail-2018-07-09.xls
2018-07-09,susco1,ds,29.19,2018-07-07,05:00,retail-2018-07-09.xls
2018-07-09,susco1,e20,26.74,2018-07-07,05:00,retail-2018-07-09.xls
2018-07-09,susco1,e85,21.14,2018-07-07,05:00,retail-2018-07-09.xls
2018-07-09,susco1,gh91,29.38,2018-07-07,05:00,retail-2018-07-09.xls
2018-07-09,susco1,gh95,29.65,2018-07-07,05:00,retail-2018-07-09.xls
2018-07-09,susco1,gl95,36.76,2018-07-07,05:00,retail-2018-07-09.xls
2018-07-09,susco1,pds,,,,retail-2018-07-09.xls
2018-07-09,susco2,ds,29.19,2018-07-07,05:00,retail-2018-07-09.xls
2018-07-09,susco2,e20,26.74,2018-07-07,05:00,retail-2018-07-09.xls
2018-07-09,susco2,e85,,,,retail-2018-07-09.xls
2018-07-09,susco2,gh91,29.38,2018-07-07,05:00,retail-2018-07-09.xls
2018-07-09,susco2,gh95,29.65,2018-07-07,05:00,retail-2018-07-09.xls
2018-07-09,susco2,gl95,36.76,2018-07-07,05:00,retail-2018-07-09.xls
2018-07-09,susco2,pds,,,,retail-2018-07-09.xls
2018-07-10,bcp,ds,29.09,2018-07-10,05:00,retail-2018-07-10.xls
2018-07-10,bcp,e20,26.74,2018-07-10,05:00,retail-2018-07-10.xls
2018-07-10,bcp,e85,21.14,2018-07-10,05:00,retail-2018-07-10.xls
2018-07-10,bcp,gh91,29.38,2018-07-10,05:00,retail-2018-07-10.xls
2018-07-10,bcp,gh95,29.65,2018-07-10,05:00,retail-2018-07-10.xls
2018-07-10,bcp,gl95,,,,retail-2018-07-10.xls
2018-07-10,bcp,pds,32.96,2018-07-10,05:00,retail-2018-07-10.xls
2018-07-10,caltex,ds,29.09,2018-07-10,05:00,retail-2018-07-10.xls
2018-07-10,caltex,e20,26.74,2018-07-10,05:00,retail-2018-07-10.xls
2018-07-10,caltex,e85,,,,retail-2018-07-10.xls
2018-07-10,caltex,gh91,29.38,2018-07-10,05:00,retail-2018-07-10.xls
2018-07-10,caltex,gh95,29.65,2018-07-10,05:00,retail-2018-07-10.xls
2018-07-10,caltex,gl95,37.21,2018-07-10,05:00,retail-2018-07-10.xls
2018-07-10,caltex,pds,32.96,2018-07-10,05:00,retail-2018-07-10.xls
2018-07-10,esso,ds,29.09,2018-07-09,05:00,retail-2018-07-10.xls
2018-07-10,esso,e20,26.74,2018-07-09,05:00,retail-2018-07-10.xls
2018-07-10,esso,e85,,,,retail-2018-07-10.xls
2018-07-10,esso,gh91,29.38,2018-07-09,05:00,retail-2018-07-10.xls
2018-07-10,esso,gh95,29.65,2018-07-09,05:00,retail-2018-07-10.xls
2018-07-10,esso,gl95,,,,retail-2018-07-10.xls
2018-07-10,esso,pds,32.96,2018-07-09,05:00,retail-2018-07-10.xls
2018-07-10,irpc,ds,29.09,2018-07-10,05:00,retail-2018-07-10.xls
2018-07-10,irpc,e20,,,,retail-2018-07-10.xls
2018-07-10,irpc,e85,,,,retail-2018-07-10.xls
2018-07-10,irpc,gh91,29.38,2018-07-10,05:00,retail-2018-07-10.xls
2018-07-10,irpc,gh95,29.65,2018-07-10,05:00,retail-2018-07-10.xls
2018-07-10,irpc,gl95,,,,retail-2018-07-10.xls
2018-07-10,irpc,pds,,,,retail-2018-07-10.xls
2018-07-10,pt,ds,29.09,2018-07-10,05:00,retail-2018-07-10.xls
2018-07-10,pt,e20,26.74,2018-07-10,05:00,retail-2018-07-10.xls
2018-07-10,pt,e85,,,,retail-2018-07-10.xls
2018-07-10,pt,gh91,29.38,2018-07-10,05:00,retail-2018-07-10.xls
2018-07-10,pt,gh95,29.65,2018-07-10,05:00,retail-2018-07-10.xls
2018-07-10,pt,gl95,37.26,2018-07-10,05:00,retail-2018-07-10.xls
2018-07-10,pt,pds,,,,retail-2018-07-10.xls
2018-07-10,ptt,ds,29.09,2018-07-10,05:00,retail-2018-07-10.xls
2018-07-10,ptt,e20,26.74,2018-07-10,05:00,retail-2018-07-10.xls
2018-07-10,ptt,e85,21.14,2018-07-10,05:00,retail-2018-07-10.xls
2018-07-10,ptt,gh91,29.38,2018-07-10,05:00,retail-2018-07-10.xls
2018-07-10,ptt,gh95,29.65,2018-07-10,05:00,retail-2018-07-10.xls
2018-07-10,ptt,gl95,36.76,2018-07-10,05:00,retail-2018-07-10.xls
2018-07-10,ptt,pds,32.09,2018-07-10,05:00,retail-2018-07-10.xls
2018-07-10,pure,ds,29.09,2018-07-10,05:00,retail-2018-07-10.xls
2018-07-10,pure,e20,26.74,2018-07-10,05:00,retail-2018-07-10.xls
2018-07-10,pure,e85,21.14,2018-07-10,05:00,retail-2018-07-10.xls
2018-07-10,pure,gh91,29.38,2018-07-10,05:00,retail-2018-07-10.xls
2018-07-10,pure,gh95,29.65,2018-07-10,05:00,retail-2018-07-10.xls
2018-07-10,pure,gl95,36.76,2018-07-10,05:00,retail-2018-07-10.xls
2018-07-10,pure,pds,,,,retail-2018-07-10.xls
2018-07-10,shell,ds,29.09,2018-06-30,05:00,retail-2018-07-10.xls
2018-07-10,shell,e20,27.34,2018-06-30,05:00,retail-2018-07-10.xls
2018-07-10,shell,e85,,,,retail-2018-07-10.xls
2018-07-10,shell,gh91,29.58,2018-06-30,05:00,retail-2018-07-10.xls
2018-07-10,shell,gh95,29.85,2018-06-30,05:00,retail-2018-07-10.xls
2018-07-10,shell,gl95,,,,retail-2018-07-10.xls
2018-07-10,shell,pds,32.96,2018-06-30,05:00,retail-2018-07-10.xls
2018-07-10,susco1,ds,29.09,2018-07-10,05:00,retail-2018-07-10.xls
2018-07-10,susco1,e20,26.74,2018-07-10,05:00,retail-2018-07-10.xls
2018-07-10,susco1,e85,21.14,2018-07-10,05:00,retail-2018-07-10.xls
2018-07-10,susco1,gh91,29.38,2018-07-10,05:00,retail-2018-07-10.xls
2018-07-10,susco1,gh95,29.65,2018-07-10,05:00,retail-2018-07-10.xls
2018-07-10,susco1,gl95,36.76,2018-07-10,05:00,retail-2018-07-10.xls
2018-07-10,susco1,pds,,,,retail-2018-07-10.xls
2018-07-10,susco2,ds,29.09,2018-07-10,05:00,retail-2018-07-10.xls
2018-07-10,susco2,e20,26.74,2018-07-10,05:00,retail-2018-07-10.xls
2018-07-10,susco2,e85,,,,retail-2018-07-10.xls
2018-07-10,susco2,gh91,29.38,2018-07-10,05:00,retail-2018-07-10.xls
2018-07-10,susco2,gh95,29.65,2018-07-10,05:00,retail-2018-07-10.xls
2018-07-10,susco2,gl95,36.76,2018-07-10,05:00,retail-2018-07-10.xls
2018-07-10,susco2,pds,,,,retail-2018-07-10.xls
