date,product_code,product_label,ex_refinery,refinery_discount,excise_tax,municipal_tax,oil_fund,conservation_fund,wholesale,vat_wholesale,wholesale_incl_vat,marketing_margin,vat_marketing_margin,retail,fx_thb_usd,source_file
2025-01-02,ds,H-DIESEL,20.9817,,5.99,0.599,1.53,0.05,29.1507,2.0405,31.1912,1.6344,0.1144,32.94,34.1461,pt-price-st-2025-1-2.xlsx
2025-01-02,e20,GASOHOL95 E20,19.0351,,5.2,0.52,2.61,0.05,27.4151,1.9191,29.3342,4.4914,0.3144,34.14,34.1461,pt-price-st-2025-1-2.xlsx
2025-01-02,e85,GASOHOL95 E85,22.0597,,0.975,0.0975,1.16,0.05,24.3422,1.704,26.0462,7.3307,0.5131,33.89,34.1461,pt-price-st-2025-1-2.xlsx
2025-01-02,fo1500,FO 1500 (2) 2%S,15.5702,,0.64,0.064,0.06,0.05,16.3842,1.1469,17.5311,,,,34.1461,pt-price-st-2025-1-2.xlsx
2025-01-02,fo600,FO 600 (1) 2%S,16.201,,0.64,0.064,0.06,0.05,17.015,1.1911,18.2061,,,,34.1461,pt-price-st-2025-1-2.xlsx
2025-01-02,gh91,GASOHOL91,18.495,,5.85,0.585,4.6,0.05,29.58,2.0706,31.6506,3.9527,0.2767,35.88,34.1461,pt-price-st-2025-1-2.xlsx
2025-01-02,gh95,GASOHOL95 E10,18.9168,,5.85,0.585,4.6,0.05,30.0018,2.1001,32.1019,3.8767,0.2714,36.25,34.1461,pt-price-st-2025-1-2.xlsx
2025-01-02,gl95,ULG95,18.6516,,6.5,0.65,10.68,0.05,36.5316,2.5572,39.0888,5.0946,0.3566,44.54,34.1461,pt-price-st-2025-1-2.xlsx
2025-01-02,lpg,LPG (BAHT/KILOGRAM),22.996,,2.17,0.217,-4.4651,0.0,20.9179,1.4643,22.3822,3.2566,0.228,25.8668,34.1461,pt-price-st-2025-1-2.xlsx
2025-01-03,ds,H-DIESEL,21.2403,,5.99,0.599,1.53,0.05,29.4093,2.0587,31.468,1.3757,0.0963,32.94,34.3667,pt-price-st-2025-1-3.xlsx
2025-01-03,e20,GASOHOL95 E20,19.2702,,5.2,0.52,2.61,0.05,27.6502,1.9355,29.5857,3.976,0.2783,33.84,34.3667,pt-price-st-2025-1-3.xlsx
2025-01-03,e85,GASOHOL95 E85,22.1323,,0.975,0.0975,1.16,0.05,24.4148,1.709,26.1238,6.9778,0.4884,33.59,34.3667,pt-price-st-2025-1-3.xlsx
2025-01-03,fo1500,FO 1500 (2) 2%S,15.6865,,0.64,0.064,0.06,0.05,16.5005,1.155,17.6555,,,,34.3667,pt-price-st-2025-1-3.xlsx
2025-01-03,fo600,FO 600 (1) 2%S,16.3426,,0.64,0.064,0.06,0.05,17.1566,1.201,18.3576,,,,34.3667,pt-price-st-2025-1-3.xlsx
2025-01-03,gh91,GASOHOL91,18.7591,,5.85,0.585,4.6,0.05,29.8441,2.0891,31.9332,3.4082,0.2386,35.58,34.3667,pt-price-st-2025-1-3.xlsx
2025-01-03,gh95,GASOHOL95 E10,19.1837,,5.85,0.585,4.6,0.05,30.2687,2.1188,32.3875,3.3294,0.2331,35.95,34.3667,pt-price-st-2025-1-3.xlsx
2025-01-03,gl95,ULG95,18.9065,,6.5,0.65,10.68,0.05,36.7865,2.5751,39.3616,4.5593,0.3191,44.24,34.3667,pt-price-st-2025-1-3.xlsx
2025-01-03,lpg,LPG (BAHT/KILOGRAM),22.996,,2.17,0.217,-4.4651,0.0,20.9179,1.4643,22.3822,3.2566,0.228,25.8668,34.3667,pt-price-st-2025-1-3.xlsx
2025-01-06,ds,H-DIESEL,21.5767,,5.99,0.599,0.91,0.05,29.1257,2.0388,31.1645,1.6593,0.1162,32.94,34.5899,pt-price-st-2025-1-6.xlsx
2025-01-06,e20,GASOHOL95 E20,19.5036,,5.2,0.52,2.61,0.05,27.8836,1.9519,29.8355,3.7425,0.262,33.84,34.5899,pt-price-st-2025-1-6.xlsx
2025-01-06,e85,GASOHOL95 E85,22.2043,,0.975,0.0975,1.16,0.05,24.4868,1.7141,26.2009,6.9057,0.4834,33.59,34.5899,pt-price-st-2025-1-6.xlsx
2025-01-06,fo1500,FO 1500 (2) 2%S,15.9283,,0.64,0.064,0.06,0.05,16.7423,1.172,17.9143,,,,34.5899,pt-price-st-2025-1-6.xlsx
2025-01-06,fo600,FO 600 (1) 2%S,16.5987,,0.64,0.064,0.06,0.05,17.4127,1.2189,18.6316,,,,34.5899,pt-price-st-2025-1-6.xlsx
2025-01-06,gh91,GASOHOL91,19.0213,,5.85,0.585,4.6,0.05,30.1063,2.1074,32.2137,3.1461,0.2202,35.58,34.5899,pt-price-st-2025-1-6.xlsx
2025-01-06,gh95,GASOHOL95 E10,19.4487,,5.85,0.585,4.6,0.05,30.5337,2.1374,32.6711,3.0644,0.2145,35.95,34.5899,pt-price-st-2025-1-6.xlsx
2025-01-06,gl95,ULG95,19.109,,6.5,0.65,10.68,0.05,36.989,2.5892,39.5782,4.3568,0.305,44.24,34.5899,pt-price-st-2025-1-6.xlsx
2025-01-06,lpg,LPG (BAHT/KILOGRAM),22.996,,2.17,0.217,-4.4651,0.0,20.9179,1.4643,22.3822,3.2566,0.228,25.8668,34.5899,pt-price-st-2025-1-6.xlsx
2025-01-07,ds,H-DIESEL,21.6373,,5.99,0.599,0.91,0.05,29.1863,2.043,31.2293,1.5988,0.1119,32.94,34.7345,pt-price-st-2025-1-7.xlsx
2025-01-07,e20,GASOHOL95 E20,19.5857,,5.2,0.52,2.61,0.05,27.9657,1.9576,29.9233,3.6605,0.2562,33.84,34.7345,pt-price-st-2025-1-7.xlsx
2025-01-07,e85,GASOHOL95 E85,22.2296,,0.975,0.0975,1.16,0.05,24.5122,1.7159,26.2281,6.8803,0.4816,33.59,34.7345,pt-price-st-2025-1-7.xlsx
2025-01-07,fo1500,FO 1500 (2) 2%S,15.9329,,0.64,0.064,0.06,0.05,16.7469,1.1723,17.9192,,,,34.7345,pt-price-st-2025-1-7.xlsx
2025-01-07,fo600,FO 600 (1) 2%S,16.6132,,0.64,0.064,0.06,0.05,17.4272,1.2199,18.6471,,,,34.7345,pt-price-st-2025-1-7.xlsx
2025-01-07,gh91,GASOHOL91,19.1135,,5.85,0.585,4.6,0.05,30.1985,2.1139,32.3124,3.0538,0.2138,35.58,34.7345,pt-price-st-2025-1-7.xlsx
2025-01-07,gh95,GASOHOL95 E10,19.5426,,5.85,0.585,4.6,0.05,30.6276,2.1439,32.7715,2.9706,0.2079,35.95,34.7345,pt-price-st-2025-1-7.xlsx
2025-01-07,gl95,ULG95,19.1917,,6.5,0.65,10.68,0.05,37.0717,2.595,39.6667,4.2741,0.2992,44.24,34.7345,pt-price-st-2025-1-7.xlsx
2025-01-07,lpg,LPG (BAHT/KILOGRAM),23.1331,,2.17,0.217,-4.6022,0.0,20.9179,1.4643,22.3822,3.2566,0.228,25.8668,34.7345,pt-price-st-2025-1-7.xlsx
2025-01-08,ds,H-DIESEL,21.5405,,5.99,0.599,0.91,0.05,29.0895,2.0363,31.1258,1.6955,0.1187,32.94,34.7342,pt-price-st-2025-1-8.xlsx
2025-01-08,e20,GASOHOL95 E20,19.4958,,5.2,0.52,2.61,0.05,27.8758,1.9513,29.8271,3.7504,0.2625,33.84,34.7342,pt-price-st-2025-1-8.xlsx
2025-01-08,e85,GASOHOL95 E85,22.2019,,0.975,0.0975,1.16,0.05,24.4844,1.7139,26.1983,6.9081,0.4836,33.59,34.7342,pt-price-st-2025-1-8.xlsx
2025-01-08,fo1500,FO 1500 (2) 2%S,15.6856,,0.64,0.064,0.06,0.05,16.4996,1.155,17.6546,,,,34.7342,pt-price-st-2025-1-8.xlsx
2025-01-08,fo600,FO 600 (1) 2%S,16.3897,,0.64,0.064,0.06,0.05,17.2037,1.2043,18.408,,,,34.7342,pt-price-st-2025-1-8.xlsx
2025-01-08,gh91,GASOHOL91,19.0126,,5.85,0.585,4.6,0.05,30.0976,2.1068,32.2044,3.1548,0.2208,35.58,34.7342,pt-price-st-2025-1-8.xlsx
2025-01-08,gh95,GASOHOL95 E10,19.4417,,5.85,0.585,4.6,0.05,30.5267,2.1369,32.6636,3.0714,0.215,35.95,34.7342,pt-price-st-2025-1-8.xlsx
2025-01-08,gl95,ULG95,19.1465,,6.5,0.65,10.68,0.05,37.0265,2.5919,39.6184,4.3193,0.3023,44.24,34.7342,pt-price-st-2025-1-8.xlsx
2025-01-08,lpg,LPG (BAHT/KILOGRAM),23.1331,,2.17,0.217,-4.6022,0.0,20.9179,1.4643,22.3822,3.2566,0.228,25.8668,34.7342,pt-price-st-2025-1-8.xlsx
2025-01-09,ds,H-DIESEL,21.6909,,5.99,0.599,0.91,0.05,29.2399,2.0468,31.2867,1.5451,0.1082,32.94,34.7537,pt-price-st-2025-1-9.xlsx
2025-01-09,e20,GASOHOL95 E20,19.4544,,5.2,0.52,2.61,0.05,27.8344,1.9484,29.7828,3.7918,0.2654,33.84,34.7537,pt-price-st-2025-1-9.xlsx
2025-01-09,e85,GASOHOL95 E85,22.1892,,0.975,0.0975,1.16,0.05,24.4717,1.713,26.1847,6.9208,0.4845,33.59,34.7537,pt-price-st-2025-1-9.xlsx
2025-01-09,fo1500,FO 1500 (2) 2%S,15.7889,,0.64,0.064,0.06,0.05,16.6029,1.1622,17.7651,,,,34.7537,pt-price-st-2025-1-9.xlsx
2025-01-09,fo600,FO 600 (1) 2%S,16.5021,,0.64,0.064,0.06,0.05,17.3161,1.2121,18.5282,,,,34.7537,pt-price-st-2025-1-9.xlsx
2025-01-09,gh91,GASOHOL91,18.9661,,5.85,0.585,4.6,0.05,30.0511,2.1036,32.1547,3.2012,0.2241,35.58,34.7537,pt-price-st-2025-1-9.xlsx
2025-01-09,gh95,GASOHOL95 E10,19.3954,,5.85,0.585,4.6,0.05,30.4804,2.1336,32.614,3.1178,0.2182,35.95,34.7537,pt-price-st-2025-1-9.xlsx
2025-01-09,gl95,ULG95,19.1466,,6.5,0.65,10.68,0.05,37.0266,2.5919,39.6185,4.3192,0.3023,44.24,34.7537,pt-price-st-2025-1-9.xlsx
2025-01-09,lpg,LPG (BAHT/KILOGRAM),23.1331,,2.17,0.217,-4.6022,0.0,20.9179,1.4643,22.3822,3.2566,0.228,25.8668,34.7537,pt-price-st-2025-1-9.xlsx
2025-01-10,ds,H-DIESEL,21.6467,,5.99,0.599,0.51,0.05,28.7957,2.0157,30.8114,1.9893,0.1393,32.94,34.8274,pt-price-st-2025-1-10.xlsx
2025-01-10,e20,GASOHOL95 E20,19.0635,,5.2,0.52,2.61,0.05,27.4435,1.921,29.3645,4.1827,0.2928,33.84,34.8274,pt-price-st-2025-1-10.xlsx
2025-01-10,e85,GASOHOL95 E85,20.8932,,0.975,0.0975,1.16,0.05,23.1757,1.6223,24.798,8.2168,0.5752,33.59,34.8274,pt-price-st-2025-1-10.xlsx
2025-01-10,fo1500,FO 1500 (2) 2%S,15.93,,0.64,0.064,0.06,0.05,16.744,1.1721,17.9161,,,,34.8274,pt-price-st-2025-1-10.xlsx
2025-01-10,fo600,FO 600 (1) 2%S,16.6126,,0.64,0.064,0.06,0.05,17.4266,1.2199,18.6465,,,,34.8274,pt-price-st-2025-1-10.xlsx
2025-01-10,gh91,GASOHOL91,18.7368,,5.85,0.585,4.6,0.05,29.8218,2.0875,31.9093,3.4306,0.2401,35.58,34.8274,pt-price-st-2025-1-10.xlsx
2025-01-10,gh95,GASOHOL95 E10,19.167,,5.85,0.585,4.6,0.05,30.252,2.1176,32.3696,3.3462,0.2342,35.95,34.8274,pt-price-st-2025-1-10.xlsx
2025-01-10,gl95,ULG95,18.95,,6.5,0.65,10.68,0.05,36.83,2.5781,39.4081,4.5158,0.3161,44.24,34.8274,pt-price-st-2025-1-10.xlsx
2025-01-10,lpg,LPG (BAHT/KILOGRAM),23.1331,,2.17,0.217,-4.6022,0.0,20.9179,1.4643,22.3822,3.2566,0.228,25.8668,34.8274,pt-price-st-2025-1-10.xlsx
2025-01-13,ds,H-DIESEL,21.7598,,5.99,0.599,0.51,0.05,28.9088,2.0236,30.9324,1.8763,0.1313,32.94,34.7521,pt-price-st-2025-1-13.xlsx
2025-01-13,e20,GASOHOL95 E20,19.0887,,5.2,0.52,2.61,0.05,27.4687,1.9228,29.3915,3.7836,0.2649,33.44,34.7521,pt-price-st-2025-1-13.xlsx
2025-01-13,e85,GASOHOL95 E85,20.9009,,0.975,0.0975,1.16,0.05,23.1835,1.6228,24.8063,7.7418,0.5419,33.09,34.7521,pt-price-st-2025-1-13.xlsx
2025-01-13,fo1500,FO 1500 (2) 2%S,16.0261,,0.64,0.064,0.06,0.05,16.8401,1.1788,18.0189,,,,34.7521,pt-price-st-2025-1-13.xlsx
2025-01-13,fo600,FO 600 (1) 2%S,16.7127,,0.64,0.064,0.06,0.05,17.5267,1.2269,18.7536,,,,34.7521,pt-price-st-2025-1-13.xlsx
2025-01-13,gh91,GASOHOL91,18.7651,,5.85,0.585,4.6,0.05,29.8501,2.0895,31.9396,3.1219,0.2185,35.28,34.7521,pt-price-st-2025-1-13.xlsx
2025-01-13,gh95,GASOHOL95 E10,19.1943,,5.85,0.585,4.6,0.05,30.2793,2.1196,32.3989,3.0384,0.2127,35.65,34.7521,pt-price-st-2025-1-13.xlsx
2025-01-13,gl95,ULG95,19.0249,,6.5,0.65,10.68,0.05,36.9049,2.5833,39.4882,4.1606,0.2912,43.94,34.7521,pt-price-st-2025-1-13.xlsx
2025-01-13,lpg,LPG (BAHT/KILOGRAM),23.1331,,2.17,0.217,-4.6022,0.0,20.9179,1.4643,22.3822,3.2566,0.228,25.8668,34.7521,pt-price-st-2025-1-13.xlsx
2025-01-14,ds,H-DIESEL,22.6664,,5.99,0.599,0.51,0.05,29.8154,2.0871,31.9025,0.9696,0.0679,32.94,34.9231,pt-price-st-2025-1-14.xlsx
2025-01-14,e20,GASOHOL95 E20,19.5789,,5.2,0.52,2.61,0.05,27.9589,1.9571,29.916,3.2935,0.2305,33.44,34.9231,pt-price-st-2025-1-14.xlsx
2025-01-14,e85,GASOHOL95 E85,21.0523,,0.975,0.0975,1.16,0.05,23.3348,1.6334,24.9682,7.5905,0.5313,33.09,34.9231,pt-price-st-2025-1-14.xlsx
2025-01-14,fo1500,FO 1500 (2) 2%S,16.8216,,0.64,0.064,0.06,0.05,17.6356,1.2345,18.8701,,,,34.9231,pt-price-st-2025-1-14.xlsx
2025-01-14,fo600,FO 600 (1) 2%S,17.534,,0.64,0.064,0.06,0.05,18.348,1.2844,19.6324,,,,34.9231,pt-price-st-2025-1-14.xlsx
2025-01-14,gh91,GASOHOL91,19.3158,,5.85,0.585,4.6,0.05,30.4008,2.1281,32.5289,2.5711,0.18,35.28,34.9231,pt-price-st-2025-1-14.xlsx
2025-01-14,gh95,GASOHOL95 E10,19.7472,,5.85,0.585,4.6,0.05,30.8322,2.1583,32.9905,2.4855,0.174,35.65,34.9231,pt-price-st-2025-1-14.xlsx
2025-01-14,gl95,ULG95,19.7013,,6.5,0.65,10.68,0.05,37.5813,2.6307,40.212,3.4841,0.2439,43.94,34.9231,pt-price-st-2025-1-14.xlsx
2025-01-14,lpg,LPG (BAHT/KILOGRAM),23.1331,,2.17,0.217,-4.6022,0.0,20.9179,1.4643,22.3822,3.2566,0.228,25.8668,34.9231,pt-price-st-2025-1-14.xlsx
2025-01-15,ds,H-DIESEL,22.6437,,5.99,0.599,-0.5,0.05,28.7827,2.0148,30.7975,2.0023,0.1402,32.94,34.8622,pt-price-st-2025-1-15.xlsx
2025-01-15,e20,GASOHOL95 E20,19.6362,,5.2,0.52,2.61,0.05,28.0162,1.9611,29.9773,3.7035,0.2592,33.94,34.8622,pt-price-st-2025-1-15.xlsx
2025-01-15,e85,GASOHOL95 E85,21.0699,,0.975,0.0975,1.16,0.05,23.3524,1.6347,24.9871,7.5728,0.5301,33.09,34.8622,pt-price-st-2025-1-15.xlsx
2025-01-15,fo1500,FO 1500 (2) 2%S,16.8834,,0.64,0.064,0.06,0.05,17.6974,1.2388,18.9362,,,,34.8622,pt-price-st-2025-1-15.xlsx
2025-01-15,fo600,FO 600 (1) 2%S,17.5822,,0.64,0.064,0.06,0.05,18.3962,1.2877,19.6839,,,,34.8622,pt-price-st-2025-1-15.xlsx
2025-01-15,gh91,GASOHOL91,19.3801,,5.85,0.585,4.6,0.05,30.4651,2.1326,32.5977,2.9741,0.2082,35.78,34.8622,pt-price-st-2025-1-15.xlsx
2025-01-15,gh95,GASOHOL95 E10,19.8107,,5.85,0.585,4.6,0.05,30.8957,2.1627,33.0584,2.8893,0.2023,36.15,34.8622,pt-price-st-2025-1-15.xlsx
2025-01-15,gl95,ULG95,19.8054,,6.5,0.65,10.68,0.05,37.6854,2.638,40.3234,3.8473,0.2693,44.44,34.8622,pt-price-st-2025-1-15.xlsx
2025-01-15,lpg,LPG (BAHT/KILOGRAM),23.1331,,2.17,0.217,-4.6022,0.0,20.9179,1.4643,22.3822,3.2566,0.228,25.8668,34.8622,pt-price-st-2025-1-15.xlsx
2025-01-16,ds,H-DIESEL,22.6273,,5.99,0.599,-0.5,0.05,28.7663,2.0136,30.7799,2.0188,0.1413,32.94,34.9052,pt-price-st-2025-1-16.xlsx
2025-01-16,e20,GASOHOL95 E20,19.5762,,5.2,0.52,2.61,0.05,27.9562,1.9569,29.9131,3.7635,0.2634,33.94,34.9052,pt-price-st-2025-1-16.xlsx
2025-01-16,e85,GASOHOL95 E85,21.0514,,0.975,0.0975,1.16,0.05,23.3339,1.6334,24.9673,7.5913,0.5314,33.09,34.9052,pt-price-st-2025-1-16.xlsx
2025-01-16,fo1500,FO 1500 (2) 2%S,16.7673,,0.64,0.064,0.06,0.05,17.5813,1.2307,18.812,,,,34.9052,pt-price-st-2025-1-16.xlsx
2025-01-16,fo600,FO 600 (1) 2%S,17.4826,,0.64,0.064,0.06,0.05,18.2966,1.2808,19.5774,,,,34.9052,pt-price-st-2025-1-16.xlsx
2025-01-16,gh91,GASOHOL91,19.3128,,5.85,0.585,4.6,0.05,30.3978,2.1278,32.5256,3.0415,0.2129,35.78,34.9052,pt-price-st-2025-1-16.xlsx
2025-01-16,gh95,GASOHOL95 E10,19.7439,,5.85,0.585,4.6,0.05,30.8289,2.158,32.9869,2.9562,0.2069,36.15,34.9052,pt-price-st-2025-1-16.xlsx
2025-01-16,gl95,ULG95,19.7343,,6.5,0.65,10.68,0.05,37.6143,2.633,40.2473,3.9184,0.2743,44.44,34.9052,pt-price-st-2025-1-16.xlsx
2025-01-16,lpg,LPG (BAHT/KILOGRAM),23.1331,,2.17,0.217,-4.6022,0.0,20.9179,1.4643,22.3822,3.2566,0.228,25.8668,34.9052,pt-price-st-2025-1-16.xlsx
2025-01-17,ds,H-DIESEL,22.8447,,5.99,0.599,-0.5,0.05,28.9837,2.0289,31.0126,1.8013,0.1261,32.94,34.7154,pt-price-st-2025-1-17.xlsx
2025-01-17,e20,GASOHOL95 E20,19.5396,,5.2,0.52,2.61,0.05,27.9196,1.9544,29.874,3.8,0.266,33.94,34.7154,pt-price-st-2025-1-17.xlsx
2025-01-17,e85,GASOHOL95 E85,21.0401,,0.975,0.0975,1.16,0.05,23.3226,1.6326,24.9552,7.6026,0.5322,33.09,34.7154,pt-price-st-2025-1-17.xlsx
2025-01-17,fo1500,FO 1500 (2) 2%S,17.0529,,0.64,0.064,0.06,0.05,17.8669,1.2507,19.1176,,,,34.7154,pt-price-st-2025-1-17.xlsx
2025-01-17,fo600,FO 600 (1) 2%S,17.7586,,0.64,0.064,0.06,0.05,18.5726,1.3001,19.8727,,,,34.7154,pt-price-st-2025-1-17.xlsx
2025-01-17,gh91,GASOHOL91,19.2717,,5.85,0.585,4.6,0.05,30.3567,2.125,32.4817,3.0825,0.2158,35.78,34.7154,pt-price-st-2025-1-17.xlsx
2025-01-17,gh95,GASOHOL95 E10,19.7005,,5.85,0.585,4.6,0.05,30.7855,2.155,32.9405,2.9995,0.21,36.15,34.7154,pt-price-st-2025-1-17.xlsx
2025-01-17,gl95,ULG95,19.7199,,6.5,0.65,10.68,0.05,37.5999,2.632,40.2319,3.9328,0.2753,44.44,34.7154,pt-price-st-2025-1-17.xlsx
2025-01-17,lpg,LPG (BAHT/KILOGRAM),23.1331,,2.17,0.217,-4.6022,0.0,20.9179,1.4643,22.3822,3.2566,0.228,25.8668,34.7154,pt-price-st-2025-1-17.xlsx
2025-01-20,ds,H-DIESEL,23.0426,,5.99,0.599,-0.5,0.05,29.1816,2.0427,31.2243,1.6035,0.1122,32.94,34.6434,pt-price-st-2025-1-20.xlsx
2025-01-20,e20,GASOHOL95 E20,19.4003,,5.2,0.52,2.61,0.05,27.7803,1.9446,29.7249,3.9393,0.2758,33.94,34.6434,pt-price-st-2025-1-20.xlsx
2025-01-20,e85,GASOHOL95 E85,20.9971,,0.975,0.0975,1.16,0.05,23.2796,1.6296,24.9092,7.6456,0.5352,33.09,34.6434,pt-price-st-2025-1-20.xlsx
2025-01-20,fo1500,FO 1500 (2) 2%S,17.2274,,0.64,0.064,0.06,0.05,18.0414,1.2629,19.3043,,,,34.6434,pt-price-st-2025-1-20.xlsx
2025-01-20,fo600,FO 600 (1) 2%S,17.9337,,0.64,0.064,0.06,0.05,18.7477,1.3123,20.06,,,,34.6434,pt-price-st-2025-1-20.xlsx
2025-01-20,gh91,GASOHOL91,19.1151,,5.85,0.585,4.6,0.05,30.2001,2.114,32.3141,3.2392,0.2267,35.78,34.6434,pt-price-st-2025-1-20.xlsx
2025-01-20,gh95,GASOHOL95 E10,19.5431,,5.85,0.585,4.6,0.05,30.6281,2.144,32.7721,3.1569,0.221,36.15,34.6434,pt-price-st-2025-1-20.xlsx
2025-01-20,gl95,ULG95,19.5663,,6.5,0.65,10.68,0.05,37.4463,2.6212,40.0675,4.0864,0.2861,44.44,34.6434,pt-price-st-2025-1-20.xlsx
2025-01-20,lpg,LPG (BAHT/KILOGRAM),23.1331,,2.17,0.217,-4.6022,0.0,20.9179,1.4643,22.3822,3.2566,0.228,25.8668,34.6434,pt-price-st-2025-1-20.xlsx
2025-01-21,ds,H-DIESEL,22.9777,,5.99,0.599,-0.5,0.05,29.1167,2.0382,31.1549,1.6683,0.1168,32.94,34.5615,pt-price-st-2025-1-21.xlsx
2025-01-21,e20,GASOHOL95 E20,19.1753,,5.2,0.52,2.61,0.05,27.5553,1.9289,29.4842,4.1643,0.2915,33.94,34.5615,pt-price-st-2025-1-21.xlsx
2025-01-21,e85,GASOHOL95 E85,20.9277,,0.975,0.0975,1.16,0.05,23.2102,1.6247,24.8349,7.715,0.5401,33.09,34.5615,pt-price-st-2025-1-21.xlsx
2025-01-21,fo1500,FO 1500 (2) 2%S,17.2297,,0.64,0.064,0.06,0.05,18.0437,1.2631,19.3068,,,,34.5615,pt-price-st-2025-1-21.xlsx
2025-01-21,fo600,FO 600 (1) 2%S,17.9239,,0.64,0.064,0.06,0.05,18.7379,1.3117,20.0496,,,,34.5615,pt-price-st-2025-1-21.xlsx
2025-01-21,gh91,GASOHOL91,18.8624,,5.85,0.585,4.6,0.05,29.9474,2.0963,32.0437,3.4919,0.2444,35.78,34.5615,pt-price-st-2025-1-21.xlsx
2025-01-21,gh95,GASOHOL95 E10,19.2893,,5.85,0.585,4.6,0.05,30.3743,2.1262,32.5005,3.4107,0.2388,36.15,34.5615,pt-price-st-2025-1-21.xlsx
2025-01-21,gl95,ULG95,19.3224,,6.5,0.65,10.68,0.05,37.2024,2.6042,39.8066,4.3303,0.3031,44.44,34.5615,pt-price-st-2025-1-21.xlsx
2025-01-21,lpg,LPG (BAHT/KILOGRAM),23.5559,,2.17,0.217,-5.025,0.0,20.9179,1.4643,22.3822,3.2566,0.228,25.8668,34.5615,pt-price-st-2025-1-21.xlsx
2025-01-22,ds,H-DIESEL,22.512,,5.99,0.599,-0.5,0.05,28.651,2.0056,30.6566,2.134,0.1494,32.94,34.2975,pt-price-st-2025-1-22.xlsx
2025-01-22,e20,GASOHOL95 E20,18.874,,5.2,0.52,2.61,0.05,27.254,1.9078,29.1618,4.4656,0.3126,33.94,34.2975,pt-price-st-2025-1-22.xlsx
2025-01-22,e85,GASOHOL95 E85,20.8347,,0.975,0.0975,1.16,0.05,23.1172,1.6182,24.7354,7.808,0.5466,33.09,34.2975,pt-price-st-2025-1-22.xlsx
2025-01-22,fo1500,FO 1500 (2) 2%S,17.0867,,0.64,0.064,0.06,0.05,17.9007,1.253,19.1537,,,,34.2975,pt-price-st-2025-1-22.xlsx
2025-01-22,fo600,FO 600 (1) 2%S,17.724,,0.64,0.064,0.06,0.05,18.538,1.2977,19.8357,,,,34.2975,pt-price-st-2025-1-22.xlsx
2025-01-22,gh91,GASOHOL91,18.5239,,5.85,0.585,4.6,0.05,29.6089,2.0726,31.6815,3.8304,0.2681,35.78,34.2975,pt-price-st-2025-1-22.xlsx
2025-01-22,gh95,GASOHOL95 E10,18.9476,,5.85,0.585,4.6,0.05,30.0326,2.1023,32.1349,3.7524,0.2627,36.15,34.2975,pt-price-st-2025-1-22.xlsx
2025-01-22,gl95,ULG95,18.9624,,6.5,0.65,10.68,0.05,36.8424,2.579,39.4214,4.6903,0.3283,44.44,34.2975,pt-price-st-2025-1-22.xlsx
2025-01-22,lpg,LPG (BAHT/KILOGRAM),23.5559,,2.17,0.217,-5.025,0.0,20.9179,1.4643,22.3822,3.2566,0.228,25.8668,34.2975,pt-price-st-2025-1-22.xlsx
2025-01-23,ds,H-DIESEL,22.1472,,5.99,0.599,-0.5,0.05,28.2862,1.98,30.2662,2.4989,0.1749,32.94,34.1071,pt-price-st-2025-1-23.xlsx
2025-01-23,e20,GASOHOL95 E20,18.7098,,5.2,0.52,2.61,0.05,27.0898,1.8963,28.9861,4.256,0.2979,33.54,34.1071,pt-price-st-2025-1-23.xlsx
2025-01-23,e85,GASOHOL95 E85,20.784,,0.975,0.0975,1.16,0.05,23.0665,1.6147,24.6812,7.3914,0.5174,32.59,34.1071,pt-price-st-2025-1-23.xlsx
2025-01-23,fo1500,FO 1500 (2) 2%S,16.8531,,0.64,0.064,0.06,0.05,17.6671,1.2367,18.9038,,,,34.1071,pt-price-st-2025-1-23.xlsx
2025-01-23,fo600,FO 600 (1) 2%S,17.4659,,0.64,0.064,0.06,0.05,18.2799,1.2796,19.5595,,,,34.1071,pt-price-st-2025-1-23.xlsx
2025-01-23,gh91,GASOHOL91,18.3395,,5.85,0.585,4.6,0.05,29.4245,2.0597,31.4842,3.6409,0.2549,35.38,34.1071,pt-price-st-2025-1-23.xlsx
2025-01-23,gh95,GASOHOL95 E10,18.7608,,5.85,0.585,4.6,0.05,29.8458,2.0892,31.935,3.5654,0.2496,35.75,34.1071,pt-price-st-2025-1-23.xlsx
2025-01-23,gl95,ULG95,18.7694,,6.5,0.65,10.68,0.05,36.6494,2.5655,39.2149,4.5094,0.3157,44.04,34.1071,pt-price-st-2025-1-23.xlsx
2025-01-23,lpg,LPG (BAHT/KILOGRAM),23.5559,,2.17,0.217,-5.025,0.0,20.9179,1.4643,22.3822,3.2566,0.228,25.8668,34.1071,pt-price-st-2025-1-23.xlsx
2025-01-25,ds,H-DIESEL,21.912,,5.99,0.599,0.1,0.05,28.651,2.0056,30.6566,2.134,0.1494,32.94,34.0863,pt-price-st-2025-1-25.xlsx
2025-01-25,e20,GASOHOL95 E20,18.7639,,5.2,0.52,2.61,0.05,27.1439,1.9001,29.044,4.2019,0.2941,33.54,34.0863,pt-price-st-2025-1-25.xlsx
2025-01-25,e85,GASOHOL95 E85,20.8007,,0.975,0.0975,1.16,0.05,23.0832,1.6158,24.699,7.3748,0.5162,32.59,34.0863,pt-price-st-2025-1-25.xlsx
2025-01-25,fo1500,FO 1500 (2) 2%S,16.8061,,0.64,0.064,0.06,0.05,17.6201,1.2334,18.8535,,,,34.0863,pt-price-st-2025-1-25.xlsx
2025-01-25,fo600,FO 600 (1) 2%S,17.3859,,0.64,0.064,0.06,0.05,18.1999,1.274,19.4739,,,,34.0863,pt-price-st-2025-1-25.xlsx
2025-01-25,gh91,GASOHOL91,18.4002,,5.85,0.585,4.6,0.05,29.4852,2.064,31.5492,3.5802,0.2506,35.38,34.0863,pt-price-st-2025-1-25.xlsx
2025-01-25,gh95,GASOHOL95 E10,18.8213,,5.85,0.585,4.6,0.05,29.9063,2.0934,31.9997,3.505,0.2453,35.75,34.0863,pt-price-st-2025-1-25.xlsx
2025-01-25,gl95,ULG95,18.8316,,6.5,0.65,10.68,0.05,36.7116,2.5698,39.2814,4.4473,0.3113,44.04,34.0863,pt-price-st-2025-1-25.xlsx
2025-01-25,lpg,LPG (BAHT/KILOGRAM),23.5559,,2.17,0.217,-5.025,0.0,20.9179,1.4643,22.3822,3.2566,0.228,25.8668,34.0863,pt-price-st-2025-1-25.xlsx
2025-01-27,ds,H-DIESEL,21.7996,,5.99,0.599,0.1,0.05,28.5386,1.9977,30.5363,2.2464,0.1573,32.94,34.0252,pt-price-st-2025-1-27.xlsx
2025-01-27,e20,GASOHOL95 E20,18.774,,5.2,0.52,2.61,0.05,27.154,1.9008,29.0548,4.1918,0.2934,33.54,34.0252,pt-price-st-2025-1-27.xlsx
2025-01-27,e85,GASOHOL95 E85,20.8038,,0.975,0.0975,1.16,0.05,23.0863,1.616,24.7023,7.3717,0.516,32.59,34.0252,pt-price-st-2025-1-27.xlsx
2025-01-27,fo1500,FO 1500 (2) 2%S,16.8028,,0.64,0.064,0.06,0.05,17.6168,1.2332,18.85,,,,34.0252,pt-price-st-2025-1-27.xlsx
2025-01-27,fo600,FO 600 (1) 2%S,17.3498,,0.64,0.064,0.06,0.05,18.1638,1.2715,19.4353,,,,34.0252,pt-price-st-2025-1-27.xlsx
2025-01-27,gh91,GASOHOL91,18.4115,,5.85,0.585,4.6,0.05,29.4965,2.0648,31.5613,3.5689,0.2498,35.38,34.0252,pt-price-st-2025-1-27.xlsx
2025-01-27,gh95,GASOHOL95 E10,18.8319,,5.85,0.585,4.6,0.05,29.9169,2.0942,32.0111,3.4943,0.2446,35.75,34.0252,pt-price-st-2025-1-27.xlsx
2025-01-27,gl95,ULG95,18.837,,6.5,0.65,10.68,0.05,36.717,2.5702,39.2872,4.4419,0.3109,44.04,34.0252,pt-price-st-2025-1-27.xlsx
2025-01-27,lpg,LPG (BAHT/KILOGRAM),23.5559,,2.17,0.217,-5.025,0.0,20.9179,1.4643,22.3822,3.2566,0.228,25.8668,34.0252,pt-price-st-2025-1-27.xlsx
2025-01-28,ds,H-DIESEL,21.4453,,5.99,0.599,0.1,0.05,28.1843,1.9729,30.1572,2.6007,0.1821,32.94,33.8757,pt-price-st-2025-1-28.xlsx
2025-01-28,e20,GASOHOL95 E20,18.8428,,5.2,0.52,2.61,0.05,27.2228,1.9056,29.1284,4.123,0.2886,33.54,33.8757,pt-price-st-2025-1-28.xlsx
2025-01-28,e85,GASOHOL95 E85,20.8251,,0.975,0.0975,1.16,0.05,23.1076,1.6175,24.7251,7.3504,0.5145,32.59,33.8757,pt-price-st-2025-1-28.xlsx
2025-01-28,fo1500,FO 1500 (2) 2%S,16.6249,,0.64,0.064,0.06,0.05,17.4389,1.2207,18.6596,,,,33.8757,pt-price-st-2025-1-28.xlsx
2025-01-28,fo600,FO 600 (1) 2%S,17.141,,0.64,0.064,0.06,0.05,17.955,1.2569,19.2119,,,,33.8757,pt-price-st-2025-1-28.xlsx
2025-01-28,gh91,GASOHOL91,18.4889,,5.85,0.585,4.6,0.05,29.5739,2.0702,31.6441,3.4915,0.2444,35.38,33.8757,pt-price-st-2025-1-28.xlsx
2025-01-28,gh95,GASOHOL95 E10,18.9073,,5.85,0.585,4.6,0.05,29.9923,2.0995,32.0918,3.4189,0.2393,35.75,33.8757,pt-price-st-2025-1-28.xlsx
2025-01-28,gl95,ULG95,18.9188,,6.5,0.65,10.68,0.05,36.7988,2.5759,39.3747,4.3601,0.3052,44.04,33.8757,pt-price-st-2025-1-28.xlsx
2025-01-28,lpg,LPG (BAHT/KILOGRAM),23.5559,,2.17,0.217,-5.025,0.0,20.9179,1.4643,22.3822,3.2566,0.228,25.8668,33.8757,pt-price-st-2025-1-28.xlsx
2025-01-29,ds,H-DIESEL,21.3787,,5.99,0.599,0.71,0.05,28.7277,2.0109,30.7386,2.0574,0.144,32.94,34.0311,pt-price-st-2025-1-29.xlsx
2025-01-29,e20,GASOHOL95 E20,18.9579,,5.2,0.52,2.61,0.05,27.3379,1.9137,29.2516,4.0079,0.2805,33.54,34.0311,pt-price-st-2025-1-29.xlsx
2025-01-29,e85,GASOHOL95 E85,20.8606,,0.975,0.0975,1.16,0.05,23.1431,1.62,24.7631,7.3149,0.512,32.59,34.0311,pt-price-st-2025-1-29.xlsx
2025-01-29,fo1500,FO 1500 (2) 2%S,16.6129,,0.64,0.064,0.06,0.05,17.4269,1.2199,18.6468,,,,34.0311,pt-price-st-2025-1-29.xlsx
2025-01-29,fo600,FO 600 (1) 2%S,17.1197,,0.64,0.064,0.06,0.05,17.9337,1.2554,19.1891,,,,34.0311,pt-price-st-2025-1-29.xlsx
2025-01-29,gh91,GASOHOL91,18.6182,,5.85,0.585,4.6,0.05,29.7032,2.0792,31.7824,3.3622,0.2354,35.38,34.0311,pt-price-st-2025-1-29.xlsx
2025-01-29,gh95,GASOHOL95 E10,19.0386,,5.85,0.585,4.6,0.05,30.1236,2.1087,32.2323,3.2876,0.2301,35.75,34.0311,pt-price-st-2025-1-29.xlsx
2025-01-29,gl95,ULG95,19.0224,,6.5,0.65,10.68,0.05,36.9024,2.5832,39.4856,4.2564,0.298,44.04,34.0311,pt-price-st-2025-1-29.xlsx
2025-01-29,lpg,LPG (BAHT/KILOGRAM),23.5559,,2.17,0.217,-5.025,0.0,20.9179,1.4643,22.3822,3.2566,0.228,25.8668,34.0311,pt-price-st-2025-1-29.xlsx
2025-01-30,ds,H-DIESEL,21.3278,,5.99,0.599,0.71,0.05,28.6768,2.0074,30.6842,2.1082,0.1476,32.94,33.9397,pt-price-st-2025-1-30.xlsx
2025-01-30,e20,GASOHOL95 E20,18.9181,,5.2,0.52,2.61,0.05,27.2981,1.9109,29.209,4.0477,0.2833,33.54,33.9397,pt-price-st-2025-1-30.xlsx
2025-01-30,e85,GASOHOL95 E85,20.8483,,0.975,0.0975,1.16,0.05,23.1308,1.6192,24.75,7.3271,0.5129,32.59,33.9397,pt-price-st-2025-1-30.xlsx
2025-01-30,fo1500,FO 1500 (2) 2%S,16.5683,,0.64,0.064,0.06,0.05,17.3823,1.2168,18.5991,,,,33.9397,pt-price-st-2025-1-30.xlsx
2025-01-30,fo600,FO 600 (1) 2%S,17.0737,,0.64,0.064,0.06,0.05,17.8877,1.2521,19.1398,,,,33.9397,pt-price-st-2025-1-30.xlsx
2025-01-30,gh91,GASOHOL91,18.5734,,5.85,0.585,4.6,0.05,29.6584,2.0761,31.7345,3.407,0.2385,35.38,33.9397,pt-price-st-2025-1-30.xlsx
2025-01-30,gh95,GASOHOL95 E10,18.9927,,5.85,0.585,4.6,0.05,30.0777,2.1054,32.1831,3.3336,0.2333,35.75,33.9397,pt-price-st-2025-1-30.xlsx
2025-01-30,gl95,ULG95,18.9713,,6.5,0.65,10.68,0.05,36.8513,2.5796,39.4309,4.3076,0.3015,44.04,33.9397,pt-price-st-2025-1-30.xlsx
2025-01-30,lpg,LPG (BAHT/KILOGRAM),23.5559,,2.17,0.217,-5.025,0.0,20.9179,1.4643,22.3822,3.2566,0.228,25.8668,33.9397,pt-price-st-2025-1-30.xlsx
2025-01-31,ds,H-DIESEL,21.3245,,5.99,0.599,0.71,0.05,28.6735,2.0071,30.6806,2.1116,0.1478,32.94,33.9338,pt-price-st-2025-1-31.xlsx
2025-01-31,e20,GASOHOL95 E20,18.9155,,5.2,0.52,2.61,0.05,27.2955,1.9107,29.2062,4.0503,0.2835,33.54,33.9338,pt-price-st-2025-1-31.xlsx
2025-01-31,e85,GASOHOL95 E85,20.8475,,0.975,0.0975,1.16,0.05,23.13,1.6191,24.7491,7.3279,0.513,32.59,33.9338,pt-price-st-2025-1-31.xlsx
2025-01-31,fo1500,FO 1500 (2) 2%S,16.5654,,0.64,0.064,0.06,0.05,17.3794,1.2166,18.596,,,,33.9338,pt-price-st-2025-1-31.xlsx
2025-01-31,fo600,FO 600 (1) 2%S,17.0707,,0.64,0.064,0.06,0.05,17.8847,1.2519,19.1366,,,,33.9338,pt-price-st-2025-1-31.xlsx
2025-01-31,gh91,GASOHOL91,18.5705,,5.85,0.585,4.6,0.05,29.6555,2.0759,31.7314,3.4099,0.2387,35.38,33.9338,pt-price-st-2025-1-31.xlsx
2025-01-31,gh95,GASOHOL95 E10,18.9897,,5.85,0.585,4.6,0.05,30.0747,2.1052,32.1799,3.3365,0.2336,35.75,33.9338,pt-price-st-2025-1-31.xlsx
2025-01-31,gl95,ULG95,18.968,,6.5,0.65,10.68,0.05,36.848,2.5794,39.4274,4.3108,0.3018,44.04,33.9338,pt-price-st-2025-1-31.xlsx
2025-01-31,lpg,LPG (BAHT/KILOGRAM),23.5559,,2.17,0.217,-5.025,0.0,20.9179,1.4643,22.3822,3.2566,0.228,25.8668,33.9338,pt-price-st-2025-1-31.xlsx
2025-02-03,ds,H-DIESEL,21.2998,,5.99,0.599,0.71,0.05,28.6488,2.0054,30.6542,2.1363,0.1495,32.94,33.8042,pt-price-st-2025-2-3.xlsx
2025-02-03,e20,GASOHOL95 E20,18.8461,,5.2,0.52,2.61,0.05,27.2261,1.9058,29.1319,4.1197,0.2884,33.54,33.8042,pt-price-st-2025-2-3.xlsx
2025-02-03,e85,GASOHOL95 E85,20.8261,,0.975,0.0975,1.16,0.05,23.1086,1.6176,24.7262,7.3493,0.5145,32.59,33.8042,pt-price-st-2025-2-3.xlsx
2025-02-03,fo1500,FO 1500 (2) 2%S,16.5379,,0.64,0.064,0.06,0.05,17.3519,1.2146,18.5665,,,,33.8042,pt-price-st-2025-2-3.xlsx
2025-02-03,fo600,FO 600 (1) 2%S,17.0297,,0.64,0.064,0.06,0.05,17.8437,1.2491,19.0928,,,,33.8042,pt-price-st-2025-2-3.xlsx
2025-02-03,gh91,GASOHOL91,18.4925,,5.85,0.585,4.6,0.05,29.5775,2.0704,31.6479,3.4879,0.2442,35.38,33.8042,pt-price-st-2025-2-3.xlsx
2025-02-03,gh95,GASOHOL95 E10,18.9101,,5.85,0.585,4.6,0.05,29.9951,2.0997,32.0948,3.4161,0.2391,35.75,33.8042,pt-price-st-2025-2-3.xlsx
2025-02-03,gl95,ULG95,18.8684,,6.5,0.65,10.68,0.05,36.7484,2.5724,39.3208,4.4105,0.3087,44.04,33.8042,pt-price-st-2025-2-3.xlsx
2025-02-03,lpg,LPG (BAHT/KILOGRAM),23.5559,,2.17,0.217,-5.025,0.0,20.9179,1.4643,22.3822,3.2566,0.228,25.8668,33.8042,pt-price-st-2025-2-3.xlsx
2025-02-04,ds,H-DIESEL,21.6019,,5.99,0.599,0.71,0.05,28.9509,2.0266,30.9775,1.8341,0.1284,32.94,34.2235,pt-price-st-2025-2-4.xlsx
2025-02-04,e20,GASOHOL95 E20,19.2014,,5.2,0.52,2.61,0.05,27.5814,1.9307,29.5121,3.7644,0.2635,33.54,34.2235,pt-price-st-2025-2-4.xlsx
2025-02-04,e85,GASOHOL95 E85,20.9357,,0.975,0.0975,1.16,0.05,23.2183,1.6253,24.8436,7.2396,0.5068,32.59,34.2235,pt-price-st-2025-2-4.xlsx
2025-02-04,fo1500,FO 1500 (2) 2%S,16.6997,,0.64,0.064,0.06,0.05,17.5137,1.226,18.7397,,,,34.2235,pt-price-st-2025-2-4.xlsx
2025-02-04,fo600,FO 600 (1) 2%S,17.2162,,0.64,0.064,0.06,0.05,18.0302,1.2621,19.2923,,,,34.2235,pt-price-st-2025-2-4.xlsx
2025-02-04,gh91,GASOHOL91,18.8917,,5.85,0.585,4.6,0.05,29.9767,2.0984,32.0751,3.0887,0.2162,35.38,34.2235,pt-price-st-2025-2-4.xlsx
2025-02-04,gh95,GASOHOL95 E10,19.3145,,5.85,0.585,4.6,0.05,30.3995,2.128,32.5275,3.0117,0.2108,35.75,34.2235,pt-price-st-2025-2-4.xlsx
2025-02-04,gl95,ULG95,19.2151,,6.5,0.65,10.68,0.05,37.0951,2.5967,39.6918,4.0637,0.2845,44.04,34.2235,pt-price-st-2025-2-4.xlsx
2025-02-04,lpg,LPG (BAHT/KILOGRAM),22.8142,,2.17,0.217,-4.2833,0.0,20.9179,1.4643,22.3822,3.2566,0.228,25.8668,34.2235,pt-price-st-2025-2-4.xlsx
2025-02-05,ds,H-DIESEL,21.2615,,5.99,0.599,0.71,0.05,28.6105,2.0027,30.6132,2.1746,0.1522,32.94,34.0441,pt-price-st-2025-2-5.xlsx
2025-02-05,e20,GASOHOL95 E20,18.845,,5.2,0.52,2.61,0.05,27.225,1.9058,29.1308,4.1207,0.2885,33.54,34.0441,pt-price-st-2025-2-5.xlsx
2025-02-05,e85,GASOHOL95 E85,20.8257,,0.975,0.0975,1.16,0.05,23.1083,1.6176,24.7259,7.3496,0.5145,32.59,34.0441,pt-price-st-2025-2-5.xlsx
2025-02-05,fo1500,FO 1500 (2) 2%S,16.3233,,0.64,0.064,0.06,0.05,17.1373,1.1996,18.3369,,,,34.0441,pt-price-st-2025-2-5.xlsx
2025-02-05,fo600,FO 600 (1) 2%S,16.8436,,0.64,0.064,0.06,0.05,17.6576,1.236,18.8936,,,,34.0441,pt-price-st-2025-2-5.xlsx
2025-02-05,gh91,GASOHOL91,18.4913,,5.85,0.585,4.6,0.05,29.5763,2.0703,31.6466,3.4892,0.2442,35.38,34.0441,pt-price-st-2025-2-5.xlsx
2025-02-05,gh95,GASOHOL95 E10,18.9119,,5.85,0.585,4.6,0.05,29.9969,2.0998,32.0967,3.4143,0.239,35.75,34.0441,pt-price-st-2025-2-5.xlsx
2025-02-05,gl95,ULG95,18.7529,,6.5,0.65,10.68,0.05,36.6329,2.5643,39.1972,4.526,0.3168,44.04,34.0441,pt-price-st-2025-2-5.xlsx
2025-02-05,lpg,LPG (BAHT/KILOGRAM),22.8142,,2.17,0.217,-4.2833,0.0,20.9179,1.4643,22.3822,3.2566,0.228,25.8668,34.0441,pt-price-st-2025-2-5.xlsx
2025-02-06,ds,H-DIESEL,21.1037,,5.99,0.599,0.71,0.05,28.4527,1.9917,30.4444,2.3323,0.1633,32.94,33.8337,pt-price-st-2025-2-6.xlsx
2025-02-06,e20,GASOHOL95 E20,18.6476,,5.2,0.52,2.61,0.05,27.0276,1.8919,28.9195,3.9444,0.2761,33.14,33.8337,pt-price-st-2025-2-6.xlsx
2025-02-06,e85,GASOHOL95 E85,20.7648,,0.975,0.0975,1.16,0.05,23.0473,1.6133,24.6606,6.9434,0.486,32.09,33.8337,pt-price-st-2025-2-6.xlsx
2025-02-06,fo1500,FO 1500 (2) 2%S,16.3797,,0.64,0.064,0.06,0.05,17.1937,1.2036,18.3973,,,,33.8337,pt-price-st-2025-2-6.xlsx
2025-02-06,fo600,FO 600 (1) 2%S,16.8647,,0.64,0.064,0.06,0.05,17.6787,1.2375,18.9162,,,,33.8337,pt-price-st-2025-2-6.xlsx
2025-02-06,gh91,GASOHOL91,18.2695,,5.85,0.585,4.6,0.05,29.3545,2.0548,31.4093,3.3371,0.2336,34.98,33.8337,pt-price-st-2025-2-6.xlsx
2025-02-06,gh95,GASOHOL95 E10,18.6874,,5.85,0.585,4.6,0.05,29.7724,2.0841,31.8565,3.265,0.2285,35.35,33.8337,pt-price-st-2025-2-6.xlsx
2025-02-06,gl95,ULG95,18.5834,,6.5,0.65,10.68,0.05,36.4634,2.5524,39.0158,4.3217,0.3025,43.64,33.8337,pt-price-st-2025-2-6.xlsx
2025-02-06,lpg,LPG (BAHT/KILOGRAM),22.8142,,2.17,0.217,-4.2833,0.0,20.9179,1.4643,22.3822,3.2566,0.228,25.8668,33.8337,pt-price-st-2025-2-6.xlsx
2025-02-07,ds,H-DIESEL,20.9456,,5.99,0.599,1.05,0.05,28.6346,2.0044,30.639,2.1505,0.1505,32.94,33.8171,pt-price-st-2025-2-7.xlsx
2025-02-07,e20,GASOHOL95 E20,18.5706,,5.2,0.52,2.61,0.05,26.9506,1.8865,28.8371,4.0214,0.2815,33.14,33.8171,pt-price-st-2025-2-7.xlsx
2025-02-07,e85,GASOHOL95 E85,20.741,,0.975,0.0975,1.16,0.05,23.0236,1.6117,24.6353,6.967,0.4877,32.09,33.8171,pt-price-st-2025-2-7.xlsx
2025-02-07,fo1500,FO 1500 (2) 2%S,16.4011,,0.64,0.064,0.06,0.05,17.2151,1.2051,18.4202,,,,33.8171,pt-price-st-2025-2-7.xlsx
2025-02-07,fo600,FO 600 (1) 2%S,16.8559,,0.64,0.064,0.06,0.05,17.6699,1.2369,18.9068,,,,33.8171,pt-price-st-2025-2-7.xlsx
2025-02-07,gh91,GASOHOL91,18.183,,5.85,0.585,4.6,0.05,29.268,2.0488,31.3168,3.4236,0.2396,34.98,33.8171,pt-price-st-2025-2-7.xlsx
2025-02-07,gh95,GASOHOL95 E10,18.6007,,5.85,0.585,4.6,0.05,29.6857,2.078,31.7637,3.3517,0.2346,35.35,33.8171,pt-price-st-2025-2-7.xlsx
2025-02-07,gl95,ULG95,18.4838,,6.5,0.65,10.68,0.05,36.3638,2.5455,38.9093,4.4212,0.3095,43.64,33.8171,pt-price-st-2025-2-7.xlsx
2025-02-07,lpg,LPG (BAHT/KILOGRAM),22.8142,,2.17,0.217,-4.2833,0.0,20.9179,1.4643,22.3822,3.2566,0.228,25.8668,33.8171,pt-price-st-2025-2-7.xlsx
2025-02-10,ds,H-DIESEL,21.0406,,5.99,0.599,1.05,0.05,28.7296,2.0111,30.7407,2.0554,0.1439,32.94,33.897,pt-price-st-2025-2-10.xlsx
2025-02-10,e20,GASOHOL95 E20,18.615,,5.2,0.52,2.61,0.05,26.995,1.8897,28.8847,3.9769,0.2784,33.14,33.897,pt-price-st-2025-2-10.xlsx
2025-02-10,e85,GASOHOL95 E85,20.7547,,0.975,0.0975,1.16,0.05,23.0373,1.6126,24.6499,6.9534,0.4867,32.09,33.897,pt-price-st-2025-2-10.xlsx
2025-02-10,fo1500,FO 1500 (2) 2%S,16.5735,,0.64,0.064,0.06,0.05,17.3875,1.2171,18.6046,,,,33.897,pt-price-st-2025-2-10.xlsx
2025-02-10,fo600,FO 600 (1) 2%S,17.0101,,0.64,0.064,0.06,0.05,17.8241,1.2477,19.0718,,,,33.897,pt-price-st-2025-2-10.xlsx
2025-02-10,gh91,GASOHOL91,18.2329,,5.85,0.585,4.6,0.05,29.3179,2.0523,31.3702,3.3736,0.2362,34.98,33.897,pt-price-st-2025-2-10.xlsx
2025-02-10,gh95,GASOHOL95 E10,18.6516,,5.85,0.585,4.6,0.05,29.7366,2.0816,31.8182,3.3007,0.2311,35.35,33.897,pt-price-st-2025-2-10.xlsx
2025-02-10,gl95,ULG95,18.5464,,6.5,0.65,10.68,0.05,36.4264,2.5498,38.9762,4.3587,0.3051,43.64,33.897,pt-price-st-2025-2-10.xlsx
2025-02-10,lpg,LPG (BAHT/KILOGRAM),22.8142,,2.17,0.217,-4.2833,0.0,20.9179,1.4643,22.3822,3.2566,0.228,25.8668,33.897,pt-price-st-2025-2-10.xlsx
2025-02-11,ds,H-DIESEL,21.2151,,5.99,0.599,1.05,0.05,28.9041,2.0233,30.9274,1.8809,0.1317,32.94,34.0367,pt-price-st-2025-2-11.xlsx
2025-02-11,e20,GASOHOL95 E20,18.8397,,5.2,0.52,2.61,0.05,27.2197,1.9054,29.1251,3.7522,0.2627,33.14,34.0367,pt-price-st-2025-2-11.xlsx
2025-02-11,e85,GASOHOL95 E85,20.8241,,0.975,0.0975,1.16,0.05,23.1066,1.6175,24.7241,6.884,0.4819,32.09,34.0367,pt-price-st-2025-2-11.xlsx
2025-02-11,fo1500,FO 1500 (2) 2%S,16.8247,,0.64,0.064,0.06,0.05,17.6387,1.2347,18.8734,,,,34.0367,pt-price-st-2025-2-11.xlsx
2025-02-11,fo600,FO 600 (1) 2%S,17.2508,,0.64,0.064,0.06,0.05,18.0648,1.2645,19.3293,,,,34.0367,pt-price-st-2025-2-11.xlsx
2025-02-11,gh91,GASOHOL91,18.4853,,5.85,0.585,4.6,0.05,29.5703,2.0699,31.6402,3.1213,0.2185,34.98,34.0367,pt-price-st-2025-2-11.xlsx
2025-02-11,gh95,GASOHOL95 E10,18.9058,,5.85,0.585,4.6,0.05,29.9908,2.0994,32.0902,3.0465,0.2133,35.35,34.0367,pt-price-st-2025-2-11.xlsx
2025-02-11,gl95,ULG95,18.812,,6.5,0.65,10.68,0.05,36.692,2.5684,39.2604,4.0931,0.2865,43.64,34.0367,pt-price-st-2025-2-11.xlsx
2025-02-11,lpg,LPG (BAHT/KILOGRAM),22.8142,,2.17,0.217,-4.2833,0.0,20.9179,1.4643,22.3822,3.2566,0.228,25.8668,34.0367,pt-price-st-2025-2-11.xlsx
2025-02-13,ds,H-DIESEL,21.6978,,5.99,0.599,1.05,0.05,29.3868,2.0571,31.4439,1.3982,0.0979,32.94,34.1978,pt-price-st-2025-2-13.xlsx
2025-02-13,e20,GASOHOL95 E20,19.1942,,5.2,0.52,2.61,0.05,27.5742,1.9302,29.5044,3.3978,0.2378,33.14,34.1978,pt-price-st-2025-2-13.xlsx
2025-02-13,e85,GASOHOL95 E85,20.9335,,0.975,0.0975,1.16,0.05,23.216,1.6251,24.8411,6.7747,0.4742,32.09,34.1978,pt-price-st-2025-2-13.xlsx
2025-02-13,fo1500,FO 1500 (2) 2%S,17.1747,,0.64,0.064,0.06,0.05,17.9887,1.2592,19.2479,,,,34.1978,pt-price-st-2025-2-13.xlsx
2025-02-13,fo600,FO 600 (1) 2%S,17.6259,,0.64,0.064,0.06,0.05,18.4399,1.2908,19.7307,,,,34.1978,pt-price-st-2025-2-13.xlsx
2025-02-13,gh91,GASOHOL91,18.8836,,5.85,0.585,4.6,0.05,29.9686,2.0978,32.0664,2.723,0.1906,34.98,34.1978,pt-price-st-2025-2-13.xlsx
2025-02-13,gh95,GASOHOL95 E10,19.3061,,5.85,0.585,4.6,0.05,30.3911,2.1274,32.5185,2.6463,0.1852,35.35,34.1978,pt-price-st-2025-2-13.xlsx
2025-02-13,gl95,ULG95,19.2085,,6.5,0.65,10.68,0.05,37.0885,2.5962,39.6847,3.6965,0.2588,43.64,34.1978,pt-price-st-2025-2-13.xlsx
2025-02-13,lpg,LPG (BAHT/KILOGRAM),22.8142,,2.17,0.217,-4.2833,0.0,20.9179,1.4643,22.3822,3.2566,0.228,25.8668,34.1978,pt-price-st-2025-2-13.xlsx
2025-02-14,ds,H-DIESEL,21.4429,,5.99,0.599,0.55,0.05,28.6319,2.0042,30.6361,2.1532,0.1507,32.94,34.1241,pt-price-st-2025-2-14.xlsx
2025-02-14,e20,GASOHOL95 E20,19.0429,,5.2,0.52,2.61,0.05,27.4229,1.9196,29.3425,3.5491,0.2484,33.14,34.1241,pt-price-st-2025-2-14.xlsx
2025-02-14,e85,GASOHOL95 E85,20.8868,,0.975,0.0975,1.16,0.05,23.1693,1.6219,24.7912,6.8213,0.4775,32.09,34.1241,pt-price-st-2025-2-14.xlsx
2025-02-14,fo1500,FO 1500 (2) 2%S,16.7907,,0.64,0.064,0.06,0.05,17.6047,1.2323,18.837,,,,34.1241,pt-price-st-2025-2-14.xlsx
2025-02-14,fo600,FO 600 (1) 2%S,17.2603,,0.64,0.064,0.06,0.05,18.0743,1.2652,19.3395,,,,34.1241,pt-price-st-2025-2-14.xlsx
2025-02-14,gh91,GASOHOL91,18.7136,,5.85,0.585,4.6,0.05,29.7986,2.0859,31.8845,2.893,0.2025,34.98,34.1241,pt-price-st-2025-2-14.xlsx
2025-02-14,gh95,GASOHOL95 E10,19.1352,,5.85,0.585,4.6,0.05,30.2202,2.1154,32.3356,2.8172,0.1972,35.35,34.1241,pt-price-st-2025-2-14.xlsx
2025-02-14,gl95,ULG95,18.9515,,6.5,0.65,10.68,0.05,36.8315,2.5782,39.4097,3.9536,0.2767,43.64,34.1241,pt-price-st-2025-2-14.xlsx
2025-02-14,lpg,LPG (BAHT/KILOGRAM),22.8142,,2.17,0.217,-4.2833,0.0,20.9179,1.4643,22.3822,3.2566,0.228,25.8668,34.1241,pt-price-st-2025-2-14.xlsx
2025-02-17,ds,H-DIESEL,21.2292,,5.99,0.599,0.55,0.05,28.4182,1.9893,30.4075,2.3668,0.1657,32.94,33.8426,pt-price-st-2025-2-17.xlsx
2025-02-17,e20,GASOHOL95 E20,18.9785,,5.2,0.52,2.61,0.05,27.3585,1.9151,29.2736,3.6135,0.2529,33.14,33.8426,pt-price-st-2025-2-17.xlsx
2025-02-17,e85,GASOHOL95 E85,20.8669,,0.975,0.0975,1.16,0.05,23.1495,1.6205,24.77,6.8411,0.4789,32.09,33.8426,pt-price-st-2025-2-17.xlsx
2025-02-17,fo1500,FO 1500 (2) 2%S,16.5525,,0.64,0.064,0.06,0.05,17.3665,1.2157,18.5822,,,,33.8426,pt-price-st-2025-2-17.xlsx
2025-02-17,fo600,FO 600 (1) 2%S,17.0225,,0.64,0.064,0.06,0.05,17.8365,1.2486,19.0851,,,,33.8426,pt-price-st-2025-2-17.xlsx
2025-02-17,gh91,GASOHOL91,18.6413,,5.85,0.585,4.6,0.05,29.7263,2.0808,31.8071,2.9653,0.2076,34.98,33.8426,pt-price-st-2025-2-17.xlsx
2025-02-17,gh95,GASOHOL95 E10,19.0594,,5.85,0.585,4.6,0.05,30.1444,2.1101,32.2545,2.893,0.2025,35.35,33.8426,pt-price-st-2025-2-17.xlsx
2025-02-17,gl95,ULG95,18.8077,,6.5,0.65,10.68,0.05,36.6877,2.5681,39.2558,4.0974,0.2868,43.64,33.8426,pt-price-st-2025-2-17.xlsx
2025-02-17,lpg,LPG (BAHT/KILOGRAM),22.8142,,2.17,0.217,-4.2833,0.0,20.9179,1.4643,22.3822,3.2566,0.228,25.8668,33.8426,pt-price-st-2025-2-17.xlsx
2025-02-18,ds,H-DIESEL,21.2086,,5.99,0.599,1.02,0.05,28.8676,2.0207,30.8883,1.9175,0.1342,32.94,33.8752,pt-price-st-2025-2-18.xlsx
2025-02-18,e20,GASOHOL95 E20,19.108,,5.2,0.52,2.61,0.05,27.488,1.9242,29.4122,3.4839,0.2439,33.14,33.8752,pt-price-st-2025-2-18.xlsx
2025-02-18,e85,GASOHOL95 E85,20.9069,,0.975,0.0975,1.16,0.05,23.1894,1.6233,24.8127,6.8012,0.4761,32.09,33.8752,pt-price-st-2025-2-18.xlsx
2025-02-18,fo1500,FO 1500 (2) 2%S,16.4335,,0.64,0.064,0.06,0.05,17.2475,1.2073,18.4548,,,,33.8752,pt-price-st-2025-2-18.xlsx
2025-02-18,fo600,FO 600 (1) 2%S,16.9194,,0.64,0.064,0.06,0.05,17.7334,1.2413,18.9747,,,,33.8752,pt-price-st-2025-2-18.xlsx
2025-02-18,gh91,GASOHOL91,18.7867,,5.85,0.585,4.6,0.05,29.8717,2.091,31.9627,2.8199,0.1974,34.98,33.8752,pt-price-st-2025-2-18.xlsx
2025-02-18,gh95,GASOHOL95 E10,19.2051,,5.85,0.585,4.6,0.05,30.2901,2.1203,32.4104,2.7473,0.1923,35.35,33.8752,pt-price-st-2025-2-18.xlsx
2025-02-18,gl95,ULG95,18.9918,,6.5,0.65,10.68,0.05,36.8718,2.581,39.4528,3.9133,0.2739,43.64,33.8752,pt-price-st-2025-2-18.xlsx
2025-02-18,lpg,LPG (BAHT/KILOGRAM),21.9761,,2.17,0.217,-3.4452,0.0,20.9179,1.4643,22.3822,3.2566,0.228,25.8668,33.8752,pt-price-st-2025-2-18.xlsx
2025-02-19,ds,H-DIESEL,21.228,,5.99,0.599,1.02,0.05,28.887,2.0221,30.9091,1.898,0.1329,32.94,33.9141,pt-price-st-2025-2-19.xlsx
2025-02-19,e20,GASOHOL95 E20,19.1511,,5.2,0.52,2.61,0.05,27.5311,1.9272,29.4583,3.4408,0.2409,33.14,33.9141,pt-price-st-2025-2-19.xlsx
2025-02-19,e85,GASOHOL95 E85,20.9202,,0.975,0.0975,1.16,0.05,23.2027,1.6242,24.8269,6.7879,0.4752,32.09,33.9141,pt-price-st-2025-2-19.xlsx
2025-02-19,fo1500,FO 1500 (2) 2%S,16.4517,,0.64,0.064,0.06,0.05,17.2657,1.2086,18.4743,,,,33.9141,pt-price-st-2025-2-19.xlsx
2025-02-19,fo600,FO 600 (1) 2%S,16.9377,,0.64,0.064,0.06,0.05,17.7517,1.2426,18.9943,,,,33.9141,pt-price-st-2025-2-19.xlsx
2025-02-19,gh91,GASOHOL91,18.8352,,5.85,0.585,4.6,0.05,29.9202,2.0944,32.0146,2.7714,0.194,34.98,33.9141,pt-price-st-2025-2-19.xlsx
2025-02-19,gh95,GASOHOL95 E10,19.2542,,5.85,0.585,4.6,0.05,30.3392,2.1237,32.4629,2.6982,0.1889,35.35,33.9141,pt-price-st-2025-2-19.xlsx
2025-02-19,gl95,ULG95,19.1078,,6.5,0.65,10.68,0.05,36.9878,2.5891,39.5769,3.7973,0.2658,43.64,33.9141,pt-price-st-2025-2-19.xlsx
2025-02-19,lpg,LPG (BAHT/KILOGRAM),21.9761,,2.17,0.217,-3.4452,0.0,20.9179,1.4643,22.3822,3.2566,0.228,25.8668,33.9141,pt-price-st-2025-2-19.xlsx
2025-02-20,ds,H-DIESEL,21.2796,,5.99,0.599,1.02,0.05,28.9386,2.0257,30.9643,1.8464,0.1293,32.94,33.8376,pt-price-st-2025-2-20.xlsx
2025-02-20,e20,GASOHOL95 E20,19.1336,,5.2,0.52,2.61,0.05,27.5136,1.926,29.4396,3.7387,0.2617,33.44,33.8376,pt-price-st-2025-2-20.xlsx
2025-02-20,e85,GASOHOL95 E85,20.9148,,0.975,0.0975,1.16,0.05,23.1973,1.6238,24.8211,6.7934,0.4755,32.09,33.8376,pt-price-st-2025-2-20.xlsx
2025-02-20,fo1500,FO 1500 (2) 2%S,16.555,,0.64,0.064,0.06,0.05,17.369,1.2158,18.5848,,,,33.8376,pt-price-st-2025-2-20.xlsx
2025-02-20,fo600,FO 600 (1) 2%S,17.0331,,0.64,0.064,0.06,0.05,17.8471,1.2493,19.0964,,,,33.8376,pt-price-st-2025-2-20.xlsx
2025-02-20,gh91,GASOHOL91,18.8155,,5.85,0.585,4.6,0.05,29.9005,2.093,31.9935,3.0715,0.215,35.28,33.8376,pt-price-st-2025-2-20.xlsx
2025-02-20,gh95,GASOHOL95 E10,19.2335,,5.85,0.585,4.6,0.05,30.3185,2.1223,32.4408,2.9993,0.2099,35.65,33.8376,pt-price-st-2025-2-20.xlsx
2025-02-20,gl95,ULG95,19.1475,,6.5,0.65,10.68,0.05,37.0275,2.5919,39.6194,4.0379,0.2827,43.94,33.8376,pt-price-st-2025-2-20.xlsx
2025-02-20,lpg,LPG (BAHT/KILOGRAM),21.9761,,2.17,0.217,-3.4452,0.0,20.9179,1.4643,22.3822,3.2566,0.228,25.8668,33.8376,pt-price-st-2025-2-20.xlsx
2025-02-21,ds,H-DIESEL,21.3799,,5.99,0.599,1.02,0.05,29.0389,2.0327,31.0716,1.7462,0.1222,32.94,33.8391,pt-price-st-2025-2-21.xlsx
2025-02-21,e20,GASOHOL95 E20,19.0722,,5.2,0.52,2.61,0.05,27.4522,1.9217,29.3739,3.8001,0.266,33.44,33.8391,pt-price-st-2025-2-21.xlsx
2025-02-21,e85,GASOHOL95 E85,20.8959,,0.975,0.0975,1.16,0.05,23.1784,1.6225,24.8009,6.8122,0.4769,32.09,33.8391,pt-price-st-2025-2-21.xlsx
2025-02-21,fo1500,FO 1500 (2) 2%S,16.6975,,0.64,0.064,0.06,0.05,17.5115,1.2258,18.7373,,,,33.8391,pt-price-st-2025-2-21.xlsx
2025-02-21,fo600,FO 600 (1) 2%S,17.1696,,0.64,0.064,0.06,0.05,17.9836,1.2589,19.2425,,,,33.8391,pt-price-st-2025-2-21.xlsx
2025-02-21,gh91,GASOHOL91,18.7466,,5.85,0.585,4.6,0.05,29.8316,2.0882,31.9198,3.1404,0.2198,35.28,33.8391,pt-price-st-2025-2-21.xlsx
2025-02-21,gh95,GASOHOL95 E10,19.1646,,5.85,0.585,4.6,0.05,30.2496,2.1175,32.3671,3.0681,0.2148,35.65,33.8391,pt-price-st-2025-2-21.xlsx
2025-02-21,gl95,ULG95,19.1344,,6.5,0.65,10.68,0.05,37.0144,2.591,39.6054,4.051,0.2836,43.94,33.8391,pt-price-st-2025-2-21.xlsx
2025-02-21,lpg,LPG (BAHT/KILOGRAM),21.9761,,2.17,0.217,-3.4452,0.0,20.9179,1.4643,22.3822,3.2566,0.228,25.8668,33.8391,pt-price-st-2025-2-21.xlsx
2025-02-24,ds,H-DIESEL,21.26,,5.99,0.599,1.02,0.05,28.919,2.0243,30.9433,1.8661,0.1306,32.94,33.7513,pt-price-st-2025-2-24.xlsx
2025-02-24,e20,GASOHOL95 E20,18.8861,,5.2,0.52,2.61,0.05,27.2661,1.9086,29.1747,3.9863,0.279,33.44,33.7513,pt-price-st-2025-2-24.xlsx
2025-02-24,e85,GASOHOL95 E85,20.8384,,0.975,0.0975,1.16,0.05,23.1209,1.6185,24.7394,6.8697,0.4809,32.09,33.7513,pt-price-st-2025-2-24.xlsx
2025-02-24,fo1500,FO 1500 (2) 2%S,16.7207,,0.64,0.064,0.06,0.05,17.5347,1.2274,18.7621,,,,33.7513,pt-price-st-2025-2-24.xlsx
2025-02-24,fo600,FO 600 (1) 2%S,17.1863,,0.64,0.064,0.06,0.05,18.0003,1.26,19.2603,,,,33.7513,pt-price-st-2025-2-24.xlsx
2025-02-24,gh91,GASOHOL91,18.5375,,5.85,0.585,4.6,0.05,29.6225,2.0736,31.6961,3.3494,0.2345,35.28,33.7513,pt-price-st-2025-2-24.xlsx
2025-02-24,gh95,GASOHOL95 E10,18.9544,,5.85,0.585,4.6,0.05,30.0394,2.1028,32.1422,3.2783,0.2295,35.65,33.7513,pt-price-st-2025-2-24.xlsx
2025-02-24,gl95,ULG95,18.8959,,6.5,0.65,10.68,0.05,36.7759,2.5743,39.3502,4.2895,0.3003,43.94,33.7513,pt-price-st-2025-2-24.xlsx
2025-02-24,lpg,LPG (BAHT/KILOGRAM),21.9761,,2.17,0.217,-3.4452,0.0,20.9179,1.4643,22.3822,3.2566,0.228,25.8668,33.7513,pt-price-st-2025-2-24.xlsx
2025-02-25,ds,H-DIESEL,20.8938,,5.99,0.599,1.02,0.05,28.5528,1.9987,30.5515,2.2322,0.1563,32.94,33.662,pt-price-st-2025-2-25.xlsx
2025-02-25,e20,GASOHOL95 E20,18.6687,,5.2,0.52,2.61,0.05,27.0487,1.8934,28.9421,4.2036,0.2943,33.44,33.662,pt-price-st-2025-2-25.xlsx
2025-02-25,e85,GASOHOL95 E85,20.7713,,0.975,0.0975,1.16,0.05,23.0538,1.6138,24.6676,6.9368,0.4856,32.09,33.662,pt-price-st-2025-2-25.xlsx
2025-02-25,fo1500,FO 1500 (2) 2%S,16.4565,,0.64,0.064,0.06,0.05,17.2705,1.2089,18.4794,,,,33.662,pt-price-st-2025-2-25.xlsx
2025-02-25,fo600,FO 600 (1) 2%S,16.9022,,0.64,0.064,0.06,0.05,17.7162,1.2401,18.9563,,,,33.662,pt-price-st-2025-2-25.xlsx
2025-02-25,gh91,GASOHOL91,18.2932,,5.85,0.585,4.6,0.05,29.3782,2.0565,31.4347,3.5937,0.2516,35.28,33.662,pt-price-st-2025-2-25.xlsx
2025-02-25,gh95,GASOHOL95 E10,18.7091,,5.85,0.585,4.6,0.05,29.7941,2.0856,31.8797,3.5236,0.2467,35.65,33.662,pt-price-st-2025-2-25.xlsx
2025-02-25,gl95,ULG95,18.6118,,6.5,0.65,10.68,0.05,36.4918,2.5544,39.0462,4.5736,0.3202,43.94,33.662,pt-price-st-2025-2-25.xlsx
2025-02-25,lpg,LPG (BAHT/KILOGRAM),21.9761,,2.17,0.217,-3.4452,0.0,20.9179,1.4643,22.3822,3.2566,0.228,25.8668,33.662,pt-price-st-2025-2-25.xlsx
2025-02-26,ds,H-DIESEL,20.8325,,5.99,0.599,1.02,0.05,28.4915,1.9944,30.4859,2.2936,0.1605,32.94,33.7467,pt-price-st-2025-2-26.xlsx
2025-02-26,e20,GASOHOL95 E20,18.6655,,5.2,0.52,2.61,0.05,27.0455,1.8932,28.9387,4.2068,0.2945,33.44,33.7467,pt-price-st-2025-2-26.xlsx
2025-02-26,e85,GASOHOL95 E85,20.7703,,0.975,0.0975,1.16,0.05,23.0528,1.6137,24.6665,6.9379,0.4856,32.09,33.7467,pt-price-st-2025-2-26.xlsx
2025-02-26,fo1500,FO 1500 (2) 2%S,16.4006,,0.64,0.064,0.06,0.05,17.2146,1.205,18.4196,,,,33.7467,pt-price-st-2025-2-26.xlsx
2025-02-26,fo600,FO 600 (1) 2%S,16.8454,,0.64,0.064,0.06,0.05,17.6594,1.2362,18.8956,,,,33.7467,pt-price-st-2025-2-26.xlsx
2025-02-26,gh91,GASOHOL91,18.2896,,5.85,0.585,4.6,0.05,29.3746,2.0562,31.4308,3.5974,0.2518,35.28,33.7467,pt-price-st-2025-2-26.xlsx
2025-02-26,gh95,GASOHOL95 E10,18.7065,,5.85,0.585,4.6,0.05,29.7915,2.0854,31.8769,3.5263,0.2468,35.65,33.7467,pt-price-st-2025-2-26.xlsx
2025-02-26,gl95,ULG95,18.6093,,6.5,0.65,10.68,0.05,36.4893,2.5543,39.0436,4.5761,0.3203,43.94,33.7467,pt-price-st-2025-2-26.xlsx
2025-02-26,lpg,LPG (BAHT/KILOGRAM),21.9761,,2.17,0.217,-3.4452,0.0,20.9179,1.4643,22.3822,3.2566,0.228,25.8668,33.7467,pt-price-st-2025-2-26.xlsx
2025-02-27,ds,H-DIESEL,20.6954,,5.99,0.599,1.41,0.05,28.7444,2.0121,30.7565,2.0407,0.1428,32.94,33.9495,pt-price-st-2025-2-27.xlsx
2025-02-27,e20,GASOHOL95 E20,18.5633,,5.2,0.52,2.61,0.05,26.9433,1.886,28.8293,4.3091,0.3016,33.44,33.9495,pt-price-st-2025-2-27.xlsx
2025-02-27,e85,GASOHOL95 E85,20.7388,,0.975,0.0975,1.16,0.05,23.0213,1.6115,24.6328,6.9693,0.4879,32.09,33.9495,pt-price-st-2025-2-27.xlsx
2025-02-27,fo1500,FO 1500 (2) 2%S,16.2477,,0.64,0.064,0.06,0.05,17.0617,1.1943,18.256,,,,33.9495,pt-price-st-2025-2-27.xlsx
2025-02-27,fo600,FO 600 (1) 2%S,16.6935,,0.64,0.064,0.06,0.05,17.5075,1.2255,18.733,,,,33.9495,pt-price-st-2025-2-27.xlsx
2025-02-27,gh91,GASOHOL91,18.1748,,5.85,0.585,4.6,0.05,29.2598,2.0482,31.308,3.7121,0.2599,35.28,33.9495,pt-price-st-2025-2-27.xlsx
2025-02-27,gh95,GASOHOL95 E10,18.5943,,5.85,0.585,4.6,0.05,29.6793,2.0776,31.7569,3.6384,0.2547,35.65,33.9495,pt-price-st-2025-2-27.xlsx
2025-02-27,gl95,ULG95,18.4229,,6.5,0.65,10.68,0.05,36.3029,2.5412,38.8441,4.7625,0.3334,43.94,33.9495,pt-price-st-2025-2-27.xlsx
2025-02-27,lpg,LPG (BAHT/KILOGRAM),21.9761,,2.17,0.217,-3.4452,0.0,20.9179,1.4643,22.3822,3.2566,0.228,25.8668,33.9495,pt-price-st-2025-2-27.xlsx
2025-02-28,ds,H-DIESEL,20.4559,,5.99,0.599,1.41,0.05,28.5049,1.9953,30.5002,2.2802,0.1596,32.94,33.9983,pt-price-st-2025-2-28.xlsx
2025-02-28,e20,GASOHOL95 E20,18.4487,,5.2,0.52,2.61,0.05,26.8287,1.878,28.7067,4.1433,0.29,33.14,33.9983,pt-price-st-2025-2-28.xlsx
2025-02-28,e85,GASOHOL95 E85,20.7034,,0.975,0.0975,1.16,0.05,22.9859,1.609,24.5949,6.6309,0.4642,31.69,33.9983,pt-price-st-2025-2-28.xlsx
2025-02-28,fo1500,FO 1500 (2) 2%S,16.3874,,0.64,0.064,0.06,0.05,17.2014,1.2041,18.4055,,,,33.9983,pt-price-st-2025-2-28.xlsx
2025-02-28,fo600,FO 600 (1) 2%S,16.7684,,0.64,0.064,0.06,0.05,17.5824,1.2308,18.8132,,,,33.9983,pt-price-st-2025-2-28.xlsx
2025-02-28,gh91,GASOHOL91,18.0461,,5.85,0.585,4.6,0.05,29.1311,2.0392,31.1703,3.5605,0.2492,34.98,33.9983,pt-price-st-2025-2-28.xlsx
2025-02-28,gh95,GASOHOL95 E10,18.466,,5.85,0.585,4.6,0.05,29.551,2.0686,31.6196,3.4864,0.244,35.35,33.9983,pt-price-st-2025-2-28.xlsx
2025-02-28,gl95,ULG95,18.2416,,6.5,0.65,10.68,0.05,36.1216,2.5285,38.6501,4.6635,0.3264,43.64,33.9983,pt-price-st-2025-2-28.xlsx
2025-02-28,lpg,LPG (BAHT/KILOGRAM),21.9761,,2.17,0.217,-3.4452,0.0,20.9179,1.4643,22.3822,3.2566,0.228,25.8668,33.9983,pt-price-st-2025-2-28.xlsx
2025-03-03,ds,H-DIESEL,20.3106,,5.99,0.599,1.79,0.05,28.7396,2.0118,30.7514,2.0454,0.1432,32.94,34.2408,pt-price-st-2025-3-03.xlsx
2025-03-03,e20,GASOHOL95 E20,18.6713,,5.2,0.52,2.61,0.05,27.0513,1.8936,28.9449,3.9207,0.2744,33.14,34.2408,pt-price-st-2025-3-03.xlsx
2025-03-03,e85,GASOHOL95 E85,20.8136,,0.975,0.0975,1.16,0.05,23.0961,1.6167,24.7128,6.5207,0.4565,31.69,34.2408,pt-price-st-2025-3-03.xlsx
2025-03-03,fo1500,FO 1500 (2) 2%S,16.5206,,0.64,0.064,0.06,0.05,17.3346,1.2134,18.548,,,,34.2408,pt-price-st-2025-3-03.xlsx
2025-03-03,fo600,FO 600 (1) 2%S,16.9113,,0.64,0.064,0.06,0.05,17.7253,1.2408,18.9661,,,,34.2408,pt-price-st-2025-3-03.xlsx
2025-03-03,gh91,GASOHOL91,18.2887,,5.85,0.585,4.6,0.05,29.3737,2.0562,31.4299,3.3179,0.2322,34.98,34.2408,pt-price-st-2025-3-03.xlsx
2025-03-03,gh95,GASOHOL95 E10,18.7117,,5.85,0.585,4.6,0.05,29.7967,2.0858,31.8825,3.2407,0.2268,35.35,34.2408,pt-price-st-2025-3-03.xlsx
2025-03-03,gl95,ULG95,18.4767,,6.5,0.65,10.68,0.05,36.3567,2.545,38.9017,4.4283,0.31,43.64,34.2408,pt-price-st-2025-3-03.xlsx
2025-03-03,lpg,LPG (BAHT/KILOGRAM),21.9761,,2.17,0.217,-3.4452,0.0,20.9179,1.4643,22.3822,3.2566,0.228,25.8668,34.2408,pt-price-st-2025-3-03.xlsx
2025-03-04,ds,H-DIESEL,20.3966,,5.99,0.599,1.79,0.05,28.8256,2.0178,30.8434,1.9594,0.1372,32.94,34.4028,pt-price-st-2025-3-04.xlsx
2025-03-04,e20,GASOHOL95 E20,18.7406,,5.2,0.52,2.61,0.05,27.1206,1.8984,29.019,3.8514,0.2696,33.14,34.4028,pt-price-st-2025-3-04.xlsx
2025-03-04,e85,GASOHOL95 E85,20.835,,0.975,0.0975,1.16,0.05,23.1175,1.6182,24.7357,6.4993,0.455,31.69,34.4028,pt-price-st-2025-3-04.xlsx
2025-03-04,fo1500,FO 1500 (2) 2%S,16.5917,,0.64,0.064,0.06,0.05,17.4057,1.2184,18.6241,,,,34.4028,pt-price-st-2025-3-04.xlsx
2025-03-04,fo600,FO 600 (1) 2%S,16.9853,,0.64,0.064,0.06,0.05,17.7993,1.246,19.0453,,,,34.4028,pt-price-st-2025-3-04.xlsx
2025-03-04,gh91,GASOHOL91,18.3666,,5.85,0.585,4.6,0.05,29.4516,2.0616,31.5132,3.24,0.2268,34.98,34.4028,pt-price-st-2025-3-04.xlsx
2025-03-04,gh95,GASOHOL95 E10,18.7916,,5.85,0.585,4.6,0.05,29.8766,2.0914,31.968,3.1607,0.2213,35.35,34.4028,pt-price-st-2025-3-04.xlsx
2025-03-04,gl95,ULG95,18.552,,6.5,0.65,10.68,0.05,36.432,2.5502,38.9822,4.3531,0.3047,43.64,34.4028,pt-price-st-2025-3-04.xlsx
2025-03-04,lpg,LPG (BAHT/KILOGRAM),20.9499,,2.17,0.217,-2.419,0.0,20.9179,1.4643,22.3822,3.2566,0.228,25.8668,34.4028,pt-price-st-2025-3-04.xlsx
2025-03-05,ds,H-DIESEL,19.9777,,5.99,0.599,1.79,0.05,28.4067,1.9885,30.3952,2.3783,0.1665,32.94,34.1196,pt-price-st-2025-3-05.xlsx
2025-03-05,e20,GASOHOL95 E20,18.173,,5.2,0.52,2.61,0.05,26.553,1.8587,28.4117,4.419,0.3093,33.14,34.1196,pt-price-st-2025-3-05.xlsx
2025-03-05,e85,GASOHOL95 E85,20.6598,,0.975,0.0975,1.16,0.05,22.9423,1.606,24.5483,6.6745,0.4672,31.69,34.1196,pt-price-st-2025-3-05.xlsx
2025-03-05,fo1500,FO 1500 (2) 2%S,15.7733,,0.64,0.064,0.06,0.05,16.5873,1.1611,17.7484,,,,34.1196,pt-price-st-2025-3-05.xlsx
2025-03-05,fo600,FO 600 (1) 2%S,16.229,,0.64,0.064,0.06,0.05,17.043,1.193,18.236,,,,34.1196,pt-price-st-2025-3-05.xlsx
2025-03-05,gh91,GASOHOL91,17.7289,,5.85,0.585,4.6,0.05,28.8139,2.017,30.8309,3.8777,0.2714,34.98,34.1196,pt-price-st-2025-3-05.xlsx
2025-03-05,gh95,GASOHOL95 E10,18.1504,,5.85,0.585,4.6,0.05,29.2354,2.0465,31.2819,3.802,0.2661,35.35,34.1196,pt-price-st-2025-3-05.xlsx
2025-03-05,gl95,ULG95,17.8328,,6.5,0.65,10.68,0.05,35.7128,2.4999,38.2127,5.0722,0.3551,43.64,34.1196,pt-price-st-2025-3-05.xlsx
2025-03-05,lpg,LPG (BAHT/KILOGRAM),20.9499,,2.17,0.217,-2.419,0.0,20.9179,1.4643,22.3822,3.2566,0.228,25.8668,34.1196,pt-price-st-2025-3-05.xlsx
2025-03-06,ds,H-DIESEL,19.7379,,5.99,0.599,2.27,0.05,28.6469,2.0053,30.6522,2.1381,0.1497,32.94,33.8788,pt-price-st-2025-3-06.xlsx
2025-03-06,e20,GASOHOL95 E20,17.8854,,5.2,0.52,2.61,0.05,26.2654,1.8386,28.104,4.3327,0.3033,32.74,33.8788,pt-price-st-2025-3-06.xlsx
2025-03-06,e85,GASOHOL95 E85,20.571,,0.975,0.0975,1.16,0.05,22.8536,1.5998,24.4534,6.2959,0.4407,31.19,33.8788,pt-price-st-2025-3-06.xlsx
2025-03-06,fo1500,FO 1500 (2) 2%S,15.2487,,0.64,0.064,0.06,0.05,16.0627,1.1244,17.1871,,,,33.8788,pt-price-st-2025-3-06.xlsx
2025-03-06,fo600,FO 600 (1) 2%S,15.7489,,0.64,0.064,0.06,0.05,16.5629,1.1594,17.7223,,,,33.8788,pt-price-st-2025-3-06.xlsx
2025-03-06,gh91,GASOHOL91,17.4058,,5.85,0.585,4.6,0.05,28.4908,1.9944,30.4852,3.8269,0.2679,34.58,33.8788,pt-price-st-2025-3-06.xlsx
2025-03-06,gh95,GASOHOL95 E10,17.8243,,5.85,0.585,4.6,0.05,28.9093,2.0237,30.933,3.7542,0.2628,34.95,33.8788,pt-price-st-2025-3-06.xlsx
2025-03-06,gl95,ULG95,17.4322,,6.5,0.65,10.68,0.05,35.3122,2.4719,37.7841,5.099,0.3569,43.24,33.8788,pt-price-st-2025-3-06.xlsx
2025-03-06,lpg,LPG (BAHT/KILOGRAM),20.9499,,2.17,0.217,-2.419,0.0,20.9179,1.4643,22.3822,3.2566,0.228,25.8668,33.8788,pt-price-st-2025-3-06.xlsx
2025-03-07,ds,H-DIESEL,19.5755,,5.99,0.599,2.27,0.05,28.4845,1.9939,30.4784,2.3006,0.161,32.94,33.7819,pt-price-st-2025-3-07.xlsx
2025-03-07,e20,GASOHOL95 E20,17.7121,,5.2,0.52,2.61,0.05,26.0921,1.8264,27.9185,4.5061,0.3154,32.74,33.7819,pt-price-st-2025-3-07.xlsx
2025-03-07,e85,GASOHOL95 E85,20.5176,,0.975,0.0975,1.16,0.05,22.8001,1.596,24.3961,6.3494,0.4445,31.19,33.7819,pt-price-st-2025-3-07.xlsx
2025-03-07,fo1500,FO 1500 (2) 2%S,15.4231,,0.64,0.064,0.06,0.05,16.2371,1.1366,17.3737,,,,33.7819,pt-price-st-2025-3-07.xlsx
2025-03-07,fo600,FO 600 (1) 2%S,15.8666,,0.64,0.064,0.06,0.05,16.6806,1.1676,17.8482,,,,33.7819,pt-price-st-2025-3-07.xlsx
2025-03-07,gh91,GASOHOL91,17.2112,,5.85,0.585,4.6,0.05,28.2962,1.9807,30.2769,4.0216,0.2815,34.58,33.7819,pt-price-st-2025-3-07.xlsx
2025-03-07,gh95,GASOHOL95 E10,17.6285,,5.85,0.585,4.6,0.05,28.7135,2.0099,30.7234,3.9501,0.2765,34.95,33.7819,pt-price-st-2025-3-07.xlsx
2025-03-07,gl95,ULG95,17.1885,,6.5,0.65,10.68,0.05,35.0685,2.4548,37.5233,5.3427,0.374,43.24,33.7819,pt-price-st-2025-3-07.xlsx
2025-03-07,lpg,LPG (BAHT/KILOGRAM),20.9499,,2.17,0.217,-2.419,0.0,20.9179,1.4643,22.3822,3.2566,0.228,25.8668,33.7819,pt-price-st-2025-3-07.xlsx
2025-03-10,ds,H-DIESEL,19.5195,,5.99,0.599,2.67,0.05,28.8285,2.018,30.8465,1.9565,0.137,32.94,33.9031,pt-price-st-2025-3-10.xlsx
2025-03-10,e20,GASOHOL95 E20,17.6835,,5.2,0.52,2.61,0.05,26.0635,1.8244,27.8879,4.5347,0.3174,32.74,33.9031,pt-price-st-2025-3-10.xlsx
2025-03-10,e85,GASOHOL95 E85,20.5087,,0.975,0.0975,1.16,0.05,22.7912,1.5954,24.3866,6.3583,0.4451,31.19,33.9031,pt-price-st-2025-3-10.xlsx
2025-03-10,fo1500,FO 1500 (2) 2%S,15.8315,,0.64,0.064,0.06,0.05,16.6455,1.1652,17.8107,,,,33.9031,pt-price-st-2025-3-10.xlsx
2025-03-10,fo600,FO 600 (1) 2%S,16.2104,,0.64,0.064,0.06,0.05,17.0244,1.1917,18.2161,,,,33.9031,pt-price-st-2025-3-10.xlsx
2025-03-10,gh91,GASOHOL91,17.179,,5.85,0.585,4.6,0.05,28.264,1.9785,30.2425,4.0537,0.2838,34.58,33.9031,pt-price-st-2025-3-10.xlsx
2025-03-10,gh95,GASOHOL95 E10,17.5977,,5.85,0.585,4.6,0.05,28.6827,2.0078,30.6905,3.9808,0.2787,34.95,33.9031,pt-price-st-2025-3-10.xlsx
2025-03-10,gl95,ULG95,17.1699,,6.5,0.65,10.68,0.05,35.0499,2.4535,37.5034,5.3613,0.3753,43.24,33.9031,pt-price-st-2025-3-10.xlsx
2025-03-10,lpg,LPG (BAHT/KILOGRAM),20.9499,,2.17,0.217,-2.419,0.0,20.9179,1.4643,22.3822,3.2566,0.228,25.8668,33.9031,pt-price-st-2025-3-10.xlsx
2025-03-11,ds,H-DIESEL,19.552,,5.99,0.599,2.67,0.05,28.861,2.0203,30.8813,1.924,0.1347,32.94,33.9189,pt-price-st-2025-3-11.xlsx
2025-03-11,e20,GASOHOL95 E20,17.7206,,5.2,0.52,2.61,0.05,26.1006,1.827,27.9276,4.2172,0.2952,32.44,33.9189,pt-price-st-2025-3-11.xlsx
2025-03-11,e85,GASOHOL95 E85,20.5202,,0.975,0.0975,1.16,0.05,22.8027,1.5962,24.3989,5.973,0.4181,30.79,33.9189,pt-price-st-2025-3-11.xlsx
2025-03-11,fo1500,FO 1500 (2) 2%S,16.0388,,0.64,0.064,0.06,0.05,16.8528,1.1797,18.0325,,,,33.9189,pt-price-st-2025-3-11.xlsx
2025-03-11,fo600,FO 600 (1) 2%S,16.3898,,0.64,0.064,0.06,0.05,17.2038,1.2043,18.4081,,,,33.9189,pt-price-st-2025-3-11.xlsx
2025-03-11,gh91,GASOHOL91,17.2207,,5.85,0.585,4.6,0.05,28.3057,1.9814,30.2871,3.7317,0.2612,34.28,33.9189,pt-price-st-2025-3-11.xlsx
2025-03-11,gh95,GASOHOL95 E10,17.6397,,5.85,0.585,4.6,0.05,28.7247,2.0107,30.7354,3.6585,0.2561,34.65,33.9189,pt-price-st-2025-3-11.xlsx
2025-03-11,gl95,ULG95,17.1609,,6.5,0.65,10.68,0.05,35.0409,2.4529,37.4938,5.0899,0.3563,42.94,33.9189,pt-price-st-2025-3-11.xlsx
2025-03-11,lpg,LPG (BAHT/KILOGRAM),20.9499,,2.17,0.217,-2.419,0.0,20.9179,1.4643,22.3822,3.2566,0.228,25.8668,33.9189,pt-price-st-2025-3-11.xlsx
2025-03-12,ds,H-DIESEL,19.4989,,5.99,0.599,2.67,0.05,28.8079,2.0166,30.8245,1.9771,0.1384,32.94,34.0728,pt-price-st-2025-3-12.xlsx
2025-03-12,e20,GASOHOL95 E20,17.7249,,5.2,0.52,2.61,0.05,26.1049,1.8273,27.9322,4.2129,0.2949,32.44,34.0728,pt-price-st-2025-3-12.xlsx
2025-03-12,e85,GASOHOL95 E85,20.5215,,0.975,0.0975,1.16,0.05,22.804,1.5963,24.4003,5.9717,0.418,30.79,34.0728,pt-price-st-2025-3-12.xlsx
2025-03-12,fo1500,FO 1500 (2) 2%S,15.9002,,0.64,0.064,0.06,0.05,16.7142,1.17,17.8842,,,,34.0728,pt-price-st-2025-3-12.xlsx
2025-03-12,fo600,FO 600 (1) 2%S,16.2643,,0.64,0.064,0.06,0.05,17.0783,1.1955,18.2738,,,,34.0728,pt-price-st-2025-3-12.xlsx
2025-03-12,gh91,GASOHOL91,17.2256,,5.85,0.585,4.6,0.05,28.3106,1.9817,30.2923,3.7268,0.2609,34.28,34.0728,pt-price-st-2025-3-12.xlsx
2025-03-12,gh95,GASOHOL95 E10,17.6464,,5.85,0.585,4.6,0.05,28.7314,2.0112,30.7426,3.6518,0.2556,34.65,34.0728,pt-price-st-2025-3-12.xlsx
2025-03-12,gl95,ULG95,17.149,,6.5,0.65,10.68,0.05,35.029,2.452,37.481,5.1019,0.3571,42.94,34.0728,pt-price-st-2025-3-12.xlsx
2025-03-12,lpg,LPG (BAHT/KILOGRAM),20.9499,,2.17,0.217,-2.419,0.0,20.9179,1.4643,22.3822,3.2566,0.228,25.8668,34.0728,pt-price-st-2025-3-12.xlsx
2025-03-13,ds,H-DIESEL,19.3979,,5.99,0.599,2.67,0.05,28.7069,2.0095,30.7164,2.0781,0.1455,32.94,33.938,pt-price-st-2025-3-13.xlsx
2025-03-13,e20,GASOHOL95 E20,17.7577,,5.2,0.52,2.61,0.05,26.1377,1.8296,27.9673,4.1801,0.2926,32.44,33.938,pt-price-st-2025-3-13.xlsx
2025-03-13,e85,GASOHOL95 E85,20.5316,,0.975,0.0975,1.16,0.05,22.8141,1.597,24.4111,5.9616,0.4173,30.79,33.938,pt-price-st-2025-3-13.xlsx
2025-03-13,fo1500,FO 1500 (2) 2%S,15.6866,,0.64,0.064,0.06,0.05,16.5006,1.155,17.6556,,,,33.938,pt-price-st-2025-3-13.xlsx
2025-03-13,fo600,FO 600 (1) 2%S,16.0685,,0.64,0.064,0.06,0.05,16.8825,1.1818,18.0643,,,,33.938,pt-price-st-2025-3-13.xlsx
2025-03-13,gh91,GASOHOL91,17.2623,,5.85,0.585,4.6,0.05,28.3473,1.9843,30.3316,3.6901,0.2583,34.28,33.938,pt-price-st-2025-3-13.xlsx
2025-03-13,gh95,GASOHOL95 E10,17.6816,,5.85,0.585,4.6,0.05,28.7666,2.0137,30.7803,3.6165,0.2532,34.65,33.938,pt-price-st-2025-3-13.xlsx
2025-03-13,gl95,ULG95,17.2048,,6.5,0.65,10.68,0.05,35.0848,2.4559,37.5407,5.0461,0.3532,42.94,33.938,pt-price-st-2025-3-13.xlsx
2025-03-13,lpg,LPG (BAHT/KILOGRAM),20.9499,,2.17,0.217,-2.419,0.0,20.9179,1.4643,22.3822,3.2566,0.228,25.8668,33.938,pt-price-st-2025-3-13.xlsx
2025-03-14,ds,H-DIESEL,19.4666,,5.99,0.599,2.67,0.05,28.7756,2.0143,30.7899,2.0094,0.1407,32.94,33.9573,pt-price-st-2025-3-14.xlsx
2025-03-14,e20,GASOHOL95 E20,17.9793,,5.2,0.52,2.61,0.05,26.3593,1.8452,28.2045,3.9584,0.2771,32.44,33.9573,pt-price-st-2025-3-14.xlsx
2025-03-14,e85,GASOHOL95 E85,20.6,,0.975,0.0975,1.16,0.05,22.8825,1.6018,24.4843,5.8932,0.4125,30.79,33.9573,pt-price-st-2025-3-14.xlsx
2025-03-14,fo1500,FO 1500 (2) 2%S,15.8174,,0.64,0.064,0.06,0.05,16.6314,1.1642,17.7956,,,,33.9573,pt-price-st-2025-3-14.xlsx
2025-03-14,fo600,FO 600 (1) 2%S,16.1908,,0.64,0.064,0.06,0.05,17.0048,1.1903,18.1951,,,,33.9573,pt-price-st-2025-3-14.xlsx
2025-03-14,gh91,GASOHOL91,17.5113,,5.85,0.585,4.6,0.05,28.5963,2.0017,30.598,3.4411,0.2409,34.28,33.9573,pt-price-st-2025-3-14.xlsx
2025-03-14,gh95,GASOHOL95 E10,17.9308,,5.85,0.585,4.6,0.05,29.0158,2.0311,31.0469,3.3674,0.2357,34.65,33.9573,pt-price-st-2025-3-14.xlsx
2025-03-14,gl95,ULG95,17.4793,,6.5,0.65,10.68,0.05,35.3593,2.4752,37.8345,4.7715,0.334,42.94,33.9573,pt-price-st-2025-3-14.xlsx
2025-03-14,lpg,LPG (BAHT/KILOGRAM),20.9499,,2.17,0.217,-2.419,0.0,20.9179,1.4643,22.3822,3.2566,0.228,25.8668,33.9573,pt-price-st-2025-3-14.xlsx
2025-03-17,ds,H-DIESEL,19.2996,,5.99,0.599,2.67,0.05,28.6087,2.0026,30.6113,2.1764,0.1523,32.94,33.8388,pt-price-st-2025-3-17.xlsx
2025-03-17,e20,GASOHOL95 E20,17.9547,,5.2,0.52,2.61,0.05,26.3347,1.8434,28.1781,3.9831,0.2788,32.44,33.8388,pt-price-st-2025-3-17.xlsx
2025-03-17,e85,GASOHOL95 E85,20.5924,,0.975,0.0975,1.16,0.05,22.8749,1.6012,24.4761,5.9008,0.4131,30.79,33.8388,pt-price-st-2025-3-17.xlsx
2025-03-17,fo1500,FO 1500 (2) 2%S,15.7629,,0.64,0.064,0.06,0.05,16.5769,1.1604,17.7373,,,,33.8388,pt-price-st-2025-3-17.xlsx
2025-03-17,fo600,FO 600 (1) 2%S,16.1186,,0.64,0.064,0.06,0.05,16.9326,1.1853,18.1179,,,,33.8388,pt-price-st-2025-3-17.xlsx
2025-03-17,gh91,GASOHOL91,17.4836,,5.85,0.585,4.6,0.05,28.5686,1.9998,30.5684,3.4688,0.2428,34.28,33.8388,pt-price-st-2025-3-17.xlsx
2025-03-17,gh95,GASOHOL95 E10,17.9017,,5.85,0.585,4.6,0.05,28.9867,2.0291,31.0158,3.3964,0.2378,34.65,33.8388,pt-price-st-2025-3-17.xlsx
2025-03-17,gl95,ULG95,17.4525,,6.5,0.65,10.68,0.05,35.3325,2.4733,37.8058,4.7983,0.3359,42.94,33.8388,pt-price-st-2025-3-17.xlsx
2025-03-17,lpg,LPG (BAHT/KILOGRAM),20.9499,,2.17,0.217,-2.419,0.0,20.9179,1.4643,22.3822,3.2566,0.228,25.8668,33.8388,pt-price-st-2025-3-17.xlsx
2025-03-18,ds,H-DIESEL,19.3053,,5.99,0.599,2.67,0.05,28.6144,2.003,30.6174,2.1707,0.1519,32.94,33.8026,pt-price-st-2025-3-18.xlsx
2025-03-18,e20,GASOHOL95 E20,18.0255,,5.2,0.52,2.61,0.05,26.4055,1.8484,28.2539,3.9122,0.2739,32.44,33.8026,pt-price-st-2025-3-18.xlsx
2025-03-18,e85,GASOHOL95 E85,20.6143,,0.975,0.0975,1.16,0.05,22.8968,1.6028,24.4996,5.8789,0.4115,30.79,33.8026,pt-price-st-2025-3-18.xlsx
2025-03-18,fo1500,FO 1500 (2) 2%S,15.7579,,0.64,0.064,0.06,0.05,16.5719,1.16,17.7319,,,,33.8026,pt-price-st-2025-3-18.xlsx
2025-03-18,fo600,FO 600 (1) 2%S,16.1152,,0.64,0.064,0.06,0.05,16.9292,1.185,18.1142,,,,33.8026,pt-price-st-2025-3-18.xlsx
2025-03-18,gh91,GASOHOL91,17.5632,,5.85,0.585,4.6,0.05,28.6482,2.0054,30.6536,3.3892,0.2372,34.28,33.8026,pt-price-st-2025-3-18.xlsx
2025-03-18,gh95,GASOHOL95 E10,17.9808,,5.85,0.585,4.6,0.05,29.0658,2.0346,31.1004,3.3174,0.2322,34.65,33.8026,pt-price-st-2025-3-18.xlsx
2025-03-18,gl95,ULG95,17.543,,6.5,0.65,10.68,0.05,35.423,2.4796,37.9026,4.7079,0.3295,42.94,33.8026,pt-price-st-2025-3-18.xlsx
2025-03-18,lpg,LPG (BAHT/KILOGRAM),20.6781,,2.17,0.217,-2.1472,0.0,20.9179,1.4643,22.3822,3.2566,0.228,25.8668,33.8026,pt-price-st-2025-3-18.xlsx
2025-03-19,ds,H-DIESEL,19.3871,,5.99,0.599,2.67,0.05,28.6961,2.0087,30.7048,2.089,0.1462,32.94,33.7625,pt-price-st-2025-3-19.xlsx
2025-03-19,e20,GASOHOL95 E20,18.167,,5.2,0.52,2.61,0.05,26.547,1.8583,28.4053,3.7707,0.264,32.44,33.7625,pt-price-st-2025-3-19.xlsx
2025-03-19,e85,GASOHOL95 E85,20.658,,0.975,0.0975,1.16,0.05,22.9405,1.6058,24.5463,5.8352,0.4085,30.79,33.7625,pt-price-st-2025-3-19.xlsx
2025-03-19,fo1500,FO 1500 (2) 2%S,15.7056,,0.64,0.064,0.06,0.05,16.5196,1.1564,17.676,,,,33.7625,pt-price-st-2025-3-19.xlsx
2025-03-19,fo600,FO 600 (1) 2%S,16.0855,,0.64,0.064,0.06,0.05,16.8995,1.183,18.0825,,,,33.7625,pt-price-st-2025-3-19.xlsx
2025-03-19,gh91,GASOHOL91,17.7222,,5.85,0.585,4.6,0.05,28.8072,2.0165,30.8237,3.2302,0.2261,34.28,33.7625,pt-price-st-2025-3-19.xlsx
2025-03-19,gh95,GASOHOL95 E10,18.1394,,5.85,0.585,4.6,0.05,29.2244,2.0457,31.2701,3.1588,0.2211,34.65,33.7625,pt-price-st-2025-3-19.xlsx
2025-03-19,gl95,ULG95,17.7174,,6.5,0.65,10.68,0.05,35.5974,2.4918,38.0892,4.5335,0.3173,42.94,33.7625,pt-price-st-2025-3-19.xlsx
2025-03-19,lpg,LPG (BAHT/KILOGRAM),20.6781,,2.17,0.217,-2.1472,0.0,20.9179,1.4643,22.3822,3.2566,0.228,25.8668,33.7625,pt-price-st-2025-3-19.xlsx
2025-03-20,ds,H-DIESEL,19.278,,5.99,0.599,2.67,0.05,28.587,2.0011,30.5881,2.198,0.1539,32.94,33.7957,pt-price-st-2025-3-20.xlsx
2025-03-20,e20,GASOHOL95 E20,18.0316,,5.2,0.52,2.61,0.05,26.4116,1.8488,28.2604,3.9062,0.2734,32.44,33.7957,pt-price-st-2025-3-20.xlsx
2025-03-20,e85,GASOHOL95 E85,20.6162,,0.975,0.0975,1.16,0.05,22.8987,1.6029,24.5016,5.877,0.4114,30.79,33.7957,pt-price-st-2025-3-20.xlsx
2025-03-20,fo1500,FO 1500 (2) 2%S,15.477,,0.64,0.064,0.06,0.05,16.291,1.1404,17.4314,,,,33.7957,pt-price-st-2025-3-20.xlsx
2025-03-20,fo600,FO 600 (1) 2%S,15.8755,,0.64,0.064,0.06,0.05,16.6895,1.1683,17.8578,,,,33.7957,pt-price-st-2025-3-20.xlsx
2025-03-20,gh91,GASOHOL91,17.5701,,5.85,0.585,4.6,0.05,28.6551,2.0059,30.661,3.3822,0.2368,34.28,33.7957,pt-price-st-2025-3-20.xlsx
2025-03-20,gh95,GASOHOL95 E10,17.9876,,5.85,0.585,4.6,0.05,29.0726,2.0351,31.1077,3.3106,0.2317,34.65,33.7957,pt-price-st-2025-3-20.xlsx
2025-03-20,gl95,ULG95,17.5645,,6.5,0.65,10.68,0.05,35.4445,2.4811,37.9256,4.6864,0.328,42.94,33.7957,pt-price-st-2025-3-20.xlsx
2025-03-20,lpg,LPG (BAHT/KILOGRAM),20.6781,,2.17,0.217,-2.1472,0.0,20.9179,1.4643,22.3822,3.2566,0.228,25.8668,33.7957,pt-price-st-2025-3-20.xlsx
2025-03-21,ds,H-DIESEL,19.3666,,5.99,0.599,2.97,0.05,28.9756,2.0283,31.0039,1.8094,0.1267,32.94,33.771,pt-price-st-2025-3-21.xlsx
2025-03-21,e20,GASOHOL95 E20,18.0001,,5.2,0.52,2.61,0.05,26.3801,1.8466,28.2267,3.9377,0.2756,32.44,33.771,pt-price-st-2025-3-21.xlsx
2025-03-21,e85,GASOHOL95 E85,20.6065,,0.975,0.0975,1.16,0.05,22.889,1.6022,24.4912,5.8867,0.4121,30.79,33.771,pt-price-st-2025-3-21.xlsx
2025-03-21,fo1500,FO 1500 (2) 2%S,15.4601,,0.64,0.064,0.06,0.05,16.2741,1.1392,17.4133,,,,33.771,pt-price-st-2025-3-21.xlsx
2025-03-21,fo600,FO 600 (1) 2%S,15.8769,,0.64,0.064,0.06,0.05,16.6909,1.1684,17.8593,,,,33.771,pt-price-st-2025-3-21.xlsx
2025-03-21,gh91,GASOHOL91,17.5347,,5.85,0.585,4.6,0.05,28.6197,2.0034,30.6231,3.4177,0.2392,34.28,33.771,pt-price-st-2025-3-21.xlsx
2025-03-21,gh95,GASOHOL95 E10,17.9519,,5.85,0.585,4.6,0.05,29.0369,2.0326,31.0695,3.3463,0.2342,34.65,33.771,pt-price-st-2025-3-21.xlsx
2025-03-21,gl95,ULG95,17.5322,,6.5,0.65,10.68,0.05,35.4122,2.4789,37.8911,4.7186,0.3303,42.94,33.771,pt-price-st-2025-3-21.xlsx
2025-03-21,lpg,LPG (BAHT/KILOGRAM),20.6781,,2.17,0.217,-2.1472,0.0,20.9179,1.4643,22.3822,3.2566,0.228,25.8668,33.771,pt-price-st-2025-3-21.xlsx
2025-03-24,ds,H-DIESEL,19.5969,,5.99,0.599,2.97,0.05,29.2059,2.0444,31.2503,1.5792,0.1105,32.94,33.9746,pt-price-st-2025-3-24.xlsx
2025-03-24,e20,GASOHOL95 E20,18.2388,,5.2,0.52,2.61,0.05,26.6188,1.8633,28.4821,3.699,0.2589,32.44,33.9746,pt-price-st-2025-3-24.xlsx
2025-03-24,e85,GASOHOL95 E85,20.6801,,0.975,0.0975,1.16,0.05,22.9626,1.6074,24.57,5.8131,0.4069,30.79,33.9746,pt-price-st-2025-3-24.xlsx
2025-03-24,fo1500,FO 1500 (2) 2%S,15.6034,,0.64,0.064,0.06,0.05,16.4174,1.1492,17.5666,,,,33.9746,pt-price-st-2025-3-24.xlsx
2025-03-24,fo600,FO 600 (1) 2%S,16.0434,,0.64,0.064,0.06,0.05,16.8574,1.18,18.0374,,,,33.9746,pt-price-st-2025-3-24.xlsx
2025-03-24,gh91,GASOHOL91,17.8029,,5.85,0.585,4.6,0.05,28.8879,2.0222,30.9101,3.1494,0.2205,34.28,33.9746,pt-price-st-2025-3-24.xlsx
2025-03-24,gh95,GASOHOL95 E10,18.2225,,5.85,0.585,4.6,0.05,29.3075,2.0515,31.359,3.0757,0.2153,34.65,33.9746,pt-price-st-2025-3-24.xlsx
2025-03-24,gl95,ULG95,17.8168,,6.5,0.65,10.68,0.05,35.6968,2.4988,38.1956,4.434,0.3104,42.94,33.9746,pt-price-st-2025-3-24.xlsx
2025-03-24,lpg,LPG (BAHT/KILOGRAM),20.6781,,2.17,0.217,-2.1472,0.0,20.9179,1.4643,22.3822,3.2566,0.228,25.8668,33.9746,pt-price-st-2025-3-24.xlsx
2025-03-25,ds,H-DIESEL,19.6982,,5.99,0.599,2.67,0.05,29.0072,2.0305,31.0377,1.7779,0.1244,32.94,34.0879,pt-price-st-2025-3-25.xlsx
2025-03-25,e20,GASOHOL95 E20,18.3631,,5.2,0.52,2.61,0.05,26.7431,1.872,28.6151,3.5747,0.2502,32.44,34.0879,pt-price-st-2025-3-25.xlsx
2025-03-25,e85,GASOHOL95 E85,20.7185,,0.975,0.0975,1.16,0.05,23.001,1.6101,24.6111,5.7747,0.4042,30.79,34.0879,pt-price-st-2025-3-25.xlsx
2025-03-25,fo1500,FO 1500 (2) 2%S,15.649,,0.64,0.064,0.06,0.05,16.463,1.1524,17.6154,,,,34.0879,pt-price-st-2025-3-25.xlsx
2025-03-25,fo600,FO 600 (1) 2%S,16.0991,,0.64,0.064,0.06,0.05,16.9131,1.1839,18.097,,,,34.0879,pt-price-st-2025-3-25.xlsx
2025-03-25,gh91,GASOHOL91,17.9424,,5.85,0.585,4.6,0.05,29.0274,2.0319,31.0593,3.01,0.2107,34.28,34.0879,pt-price-st-2025-3-25.xlsx
2025-03-25,gh95,GASOHOL95 E10,18.3635,,5.85,0.585,4.6,0.05,29.4485,2.0614,31.5099,2.9347,0.2054,34.65,34.0879,pt-price-st-2025-3-25.xlsx
2025-03-25,gl95,ULG95,17.9653,,6.5,0.65,10.68,0.05,35.8453,2.5092,38.3545,4.2855,0.3,42.94,34.0879,pt-price-st-2025-3-25.xlsx
2025-03-25,lpg,LPG (BAHT/KILOGRAM),20.6781,,2.17,0.217,-2.1472,0.0,20.9179,1.4643,22.3822,3.2566,0.228,25.8668,34.0879,pt-price-st-2025-3-25.xlsx
2025-03-26,ds,H-DIESEL,19.7792,,5.99,0.599,2.67,0.05,29.0882,2.0362,31.1244,1.6968,0.1188,32.94,34.1555,pt-price-st-2025-3-26.xlsx
2025-03-26,e20,GASOHOL95 E20,18.5353,,5.2,0.52,2.61,0.05,26.9153,1.8841,28.7994,3.4024,0.2382,32.44,34.1555,pt-price-st-2025-3-26.xlsx
2025-03-26,e85,GASOHOL95 E85,20.7716,,0.975,0.0975,1.16,0.05,23.0541,1.6138,24.6679,5.7216,0.4005,30.79,34.1555,pt-price-st-2025-3-26.xlsx
2025-03-26,fo1500,FO 1500 (2) 2%S,15.7906,,0.64,0.064,0.06,0.05,16.6046,1.1623,17.7669,,,,34.1555,pt-price-st-2025-3-26.xlsx
2025-03-26,fo600,FO 600 (1) 2%S,16.2314,,0.64,0.064,0.06,0.05,17.0454,1.1932,18.2386,,,,34.1555,pt-price-st-2025-3-26.xlsx
2025-03-26,gh91,GASOHOL91,18.1359,,5.85,0.585,4.6,0.05,29.2209,2.0455,31.2664,2.8164,0.1972,34.28,34.1555,pt-price-st-2025-3-26.xlsx
2025-03-26,gh95,GASOHOL95 E10,18.5578,,5.85,0.585,4.6,0.05,29.6428,2.075,31.7178,2.7404,0.1918,34.65,34.1555,pt-price-st-2025-3-26.xlsx
2025-03-26,gl95,ULG95,18.1647,,6.5,0.65,10.68,0.05,36.0447,2.5231,38.5678,4.0862,0.286,42.94,34.1555,pt-price-st-2025-3-26.xlsx
2025-03-26,lpg,LPG (BAHT/KILOGRAM),20.6781,,2.17,0.217,-2.1472,0.0,20.9179,1.4643,22.3822,3.2566,0.228,25.8668,34.1555,pt-price-st-2025-3-26.xlsx
2025-03-27,ds,H-DIESEL,19.8706,,5.99,0.599,2.67,0.05,29.1796,2.0426,31.2222,1.6054,0.1124,32.94,34.0864,pt-price-st-2025-3-27.xlsx
2025-03-27,e20,GASOHOL95 E20,18.6219,,5.2,0.52,2.61,0.05,27.0019,1.8901,28.892,3.3159,0.2321,32.44,34.0864,pt-price-st-2025-3-27.xlsx
2025-03-27,e85,GASOHOL95 E85,20.7984,,0.975,0.0975,1.16,0.05,23.0809,1.6157,24.6966,5.6948,0.3986,30.79,34.0864,pt-price-st-2025-3-27.xlsx
2025-03-27,fo1500,FO 1500 (2) 2%S,15.7686,,0.64,0.064,0.06,0.05,16.5826,1.1608,17.7434,,,,34.0864,pt-price-st-2025-3-27.xlsx
2025-03-27,fo600,FO 600 (1) 2%S,16.2288,,0.64,0.064,0.06,0.05,17.0428,1.193,18.2358,,,,34.0864,pt-price-st-2025-3-27.xlsx
2025-03-27,gh91,GASOHOL91,18.2333,,5.85,0.585,4.6,0.05,29.3183,2.0523,31.3706,2.7191,0.1903,34.28,34.0864,pt-price-st-2025-3-27.xlsx
2025-03-27,gh95,GASOHOL95 E10,18.6543,,5.85,0.585,4.6,0.05,29.7393,2.0818,31.8211,2.6438,0.1851,34.65,34.0864,pt-price-st-2025-3-27.xlsx
2025-03-27,gl95,ULG95,18.2458,,6.5,0.65,10.68,0.05,36.1258,2.5288,38.6546,4.005,0.2804,42.94,34.0864,pt-price-st-2025-3-27.xlsx
2025-03-27,lpg,LPG (BAHT/KILOGRAM),20.6781,,2.17,0.217,-2.1472,0.0,20.9179,1.4643,22.3822,3.2566,0.228,25.8668,34.0864,pt-price-st-2025-3-27.xlsx
2025-03-28,ds,H-DIESEL,19.933,,5.99,0.599,2.0,0.05,28.572,2.0,30.572,1.7458,0.1222,32.44,34.1192,pt-price-st-2025-3-28.xlsx
2025-03-28,e20,GASOHOL95 E20,18.6285,,5.2,0.52,1.96,0.05,26.3585,1.8451,28.2036,3.492,0.2444,31.94,34.1192,pt-price-st-2025-3-28.xlsx
2025-03-28,e85,GASOHOL95 E85,20.8004,,0.975,0.0975,1.66,0.05,23.5829,1.6508,25.2337,4.7255,0.3308,30.29,34.1192,pt-price-st-2025-3-28.xlsx
2025-03-28,fo1500,FO 1500 (2) 2%S,15.742,,0.64,0.064,0.06,0.05,16.556,1.1589,17.7149,,,,34.1192,pt-price-st-2025-3-28.xlsx
2025-03-28,fo600,FO 600 (1) 2%S,16.2171,,0.64,0.064,0.06,0.05,17.0311,1.1922,18.2233,,,,34.1192,pt-price-st-2025-3-28.xlsx
2025-03-28,gh91,GASOHOL91,18.2407,,5.85,0.585,3.37,0.05,28.0957,1.9667,30.0624,3.4744,0.2432,33.78,34.1192,pt-price-st-2025-3-28.xlsx
2025-03-28,gh95,GASOHOL95 E10,18.6622,,5.85,0.585,3.37,0.05,28.5172,1.9962,30.5134,3.3987,0.2379,34.15,34.1192,pt-price-st-2025-3-28.xlsx
2025-03-28,gl95,ULG95,18.3448,,6.5,0.65,10.21,0.05,35.7548,2.5028,38.2576,3.9088,0.2736,42.44,34.1192,pt-price-st-2025-3-28.xlsx
2025-03-28,lpg,LPG (BAHT/KILOGRAM),20.6781,,2.17,0.217,-2.1472,0.0,20.9179,1.4643,22.3822,3.2566,0.228,25.8668,34.1192,pt-price-st-2025-3-28.xlsx
2025-03-31,ds,H-DIESEL,19.8976,,5.99,0.599,2.0,0.05,28.5367,1.9976,30.5343,1.781,0.1247,32.44,34.0591,21505_pt-price-st-2025-3-31.xlsx
2025-03-31,e20,GASOHOL95 E20,18.5587,,5.2,0.52,1.96,0.05,26.2887,1.8402,28.1289,3.5618,0.2493,31.94,34.0591,21505_pt-price-st-2025-3-31.xlsx
2025-03-31,e85,GASOHOL95 E85,20.7788,,0.975,0.0975,1.66,0.05,23.5614,1.6493,25.2107,4.747,0.3323,30.29,34.0591,21505_pt-price-st-2025-3-31.xlsx
2025-03-31,fo1500,FO 1500 (2) 2%S,15.7376,,0.64,0.064,0.06,0.05,16.5516,1.1586,17.7102,,,,34.0591,21505_pt-price-st-2025-3-31.xlsx
2025-03-31,fo600,FO 600 (1) 2%S,16.2151,,0.64,0.064,0.06,0.05,17.0291,1.192,18.2211,,,,34.0591,21505_pt-price-st-2025-3-31.xlsx
2025-03-31,gh91,GASOHOL91,18.1622,,5.85,0.585,3.37,0.05,28.0172,1.9612,29.9784,3.5529,0.2487,33.78,34.0591,21505_pt-price-st-2025-3-31.xlsx
2025-03-31,gh95,GASOHOL95 E10,18.583,,5.85,0.585,3.37,0.05,28.438,1.9907,30.4287,3.4779,0.2434,34.15,34.0591,21505_pt-price-st-2025-3-31.xlsx
2025-03-31,gl95,ULG95,18.3734,,6.5,0.65,10.21,0.05,35.7834,2.5048,38.2882,3.8802,0.2716,42.44,34.0591,21505_pt-price-st-2025-3-31.xlsx
2025-03-31,lpg,LPG (BAHT/KILOGRAM),20.6781,,2.17,0.217,-2.1472,0.0,20.9179,1.4643,22.3822,3.2566,0.228,25.8668,34.0591,21505_pt-price-st-2025-3-31.xlsx
2025-04-01,ds,H-DIESEL,19.9117,,5.99,0.599,2.0,0.05,28.5507,1.9985,30.5492,1.7671,0.1237,32.44,34.0859,pt-price-st-2025-4-1.xlsx
2025-04-01,e20,GASOHOL95 E20,18.1159,,5.2,0.52,1.96,0.05,25.8459,1.8092,27.6551,4.0046,0.2803,31.94,34.0859,pt-price-st-2025-4-1.xlsx
2025-04-01,e85,GASOHOL95 E85,18.9899,,0.975,0.0975,1.66,0.05,21.7724,1.5241,23.2965,6.536,0.4575,30.29,34.0859,pt-price-st-2025-4-1.xlsx
2025-04-01,fo1500,FO 1500 (2) 2%S,15.75,,0.64,0.064,0.06,0.05,16.564,1.1595,17.7235,,,,34.0859,pt-price-st-2025-4-1.xlsx
2025-04-01,fo600,FO 600 (1) 2%S,16.2278,,0.64,0.064,0.06,0.05,17.0418,1.1929,18.2347,,,,34.0859,pt-price-st-2025-4-1.xlsx
2025-04-01,gh91,GASOHOL91,17.9599,,5.85,0.585,3.37,0.05,27.8149,1.947,29.7619,3.7552,0.2629,33.78,34.0859,pt-price-st-2025-4-1.xlsx
2025-04-01,gh95,GASOHOL95 E10,18.381,,5.85,0.585,3.37,0.05,28.236,1.9765,30.2125,3.6799,0.2576,34.15,34.0859,pt-price-st-2025-4-1.xlsx
2025-04-01,gl95,ULG95,18.3879,,6.5,0.65,10.21,0.05,35.7979,2.5059,38.3038,3.8656,0.2706,42.44,34.0859,pt-price-st-2025-4-1.xlsx
2025-04-01,lpg,LPG (BAHT/KILOGRAM),21.6357,,2.17,0.217,-3.1048,0.0,20.9179,1.4643,22.3822,3.2566,0.228,25.8668,34.0859,pt-price-st-2025-4-1.xlsx
2025-04-02,ds,H-DIESEL,20.1271,,5.99,0.599,2.0,0.05,28.7661,2.0136,30.7797,1.5517,0.1086,32.44,34.1939,pt-price-st-2025-4-2.xlsx
2025-04-02,e20,GASOHOL95 E20,18.2705,,5.2,0.52,1.96,0.05,26.0005,1.82,27.8205,3.85,0.2695,31.94,34.1939,pt-price-st-2025-4-2.xlsx
2025-04-02,e85,GASOHOL95 E85,19.0375,,0.975,0.0975,1.66,0.05,21.8201,1.5274,23.3475,6.4883,0.4542,30.29,34.1939,pt-price-st-2025-4-2.xlsx
2025-04-02,fo1500,FO 1500 (2) 2%S,15.9595,,0.64,0.064,0.06,0.05,16.7735,1.1741,17.9476,,,,34.1939,pt-price-st-2025-4-2.xlsx
2025-04-02,fo600,FO 600 (1) 2%S,16.4399,,0.64,0.064,0.06,0.05,17.2539,1.2078,18.4617,,,,34.1939,pt-price-st-2025-4-2.xlsx
2025-04-02,gh91,GASOHOL91,18.1335,,5.85,0.585,3.37,0.05,27.9885,1.9592,29.9477,3.5816,0.2507,33.78,34.1939,pt-price-st-2025-4-2.xlsx
2025-04-02,gh95,GASOHOL95 E10,18.5559,,5.85,0.585,3.37,0.05,28.4109,1.9888,30.3997,3.505,0.2453,34.15,34.1939,pt-price-st-2025-4-2.xlsx
2025-04-02,gl95,ULG95,18.6685,,6.5,0.65,10.21,0.05,36.0785,2.5255,38.604,3.585,0.251,42.44,34.1939,pt-price-st-2025-4-2.xlsx
2025-04-02,lpg,LPG (BAHT/KILOGRAM),21.6357,,2.17,0.217,-3.1048,0.0,20.9179,1.4643,22.3822,3.2566,0.228,25.8668,34.1939,pt-price-st-2025-4-2.xlsx
2025-04-03,ds,H-DIESEL,20.2181,,5.99,0.599,2.0,0.05,28.8571,2.02,30.8771,1.4607,0.1022,32.44,34.3369,pt-price-st-2025-4-3.xlsx
2025-04-03,e20,GASOHOL95 E20,18.4322,,5.2,0.52,1.96,0.05,26.1622,1.8314,27.9936,3.6882,0.2582,31.94,34.3369,pt-price-st-2025-4-3.xlsx
2025-04-03,e85,GASOHOL95 E85,19.0875,,0.975,0.0975,1.66,0.05,21.87,1.5309,23.4009,6.4384,0.4507,30.29,34.3369,pt-price-st-2025-4-3.xlsx
2025-04-03,fo1500,FO 1500 (2) 2%S,16.0512,,0.64,0.064,0.06,0.05,16.8652,1.1806,18.0458,,,,34.3369,pt-price-st-2025-4-3.xlsx
2025-04-03,fo600,FO 600 (1) 2%S,16.5326,,0.64,0.064,0.06,0.05,17.3466,1.2143,18.5609,,,,34.3369,pt-price-st-2025-4-3.xlsx
2025-04-03,gh91,GASOHOL91,18.3152,,5.85,0.585,3.37,0.05,28.1702,1.9719,30.1421,3.3999,0.238,33.78,34.3369,pt-price-st-2025-4-3.xlsx
2025-04-03,gh95,GASOHOL95 E10,18.7394,,5.85,0.585,3.37,0.05,28.5944,2.0016,30.596,3.3215,0.2325,34.15,34.3369,pt-price-st-2025-4-3.xlsx
2025-04-03,gl95,ULG95,18.8985,,6.5,0.65,10.21,0.05,36.3085,2.5416,38.8501,3.355,0.2349,42.44,34.3369,pt-price-st-2025-4-3.xlsx
2025-04-03,lpg,LPG (BAHT/KILOGRAM),21.6357,,2.17,0.217,-3.1048,0.0,20.9179,1.4643,22.3822,3.2566,0.228,25.8668,34.3369,pt-price-st-2025-4-3.xlsx
2025-04-04,ds,H-DIESEL,20.0558,,5.99,0.599,1.1,0.05,27.7948,1.9456,29.7404,2.0557,0.1439,31.94,34.4888,pt-price-st-2025-4-4.xlsx
2025-04-04,e20,GASOHOL95 E20,18.2274,,5.2,0.52,1.7,0.05,25.6974,1.7988,27.4962,3.6858,0.258,31.44,34.4888,pt-price-st-2025-4-4.xlsx
2025-04-04,e85,GASOHOL95 E85,19.0243,,0.975,0.0975,2.6,0.05,22.7468,1.5923,24.3391,5.0943,0.3566,29.79,34.4888,pt-price-st-2025-4-4.xlsx
2025-04-04,fo1500,FO 1500 (2) 2%S,15.9283,,0.64,0.064,0.06,0.05,16.7423,1.172,17.9143,,,,34.4888,pt-price-st-2025-4-4.xlsx
2025-04-04,fo600,FO 600 (1) 2%S,16.4017,,0.64,0.064,0.06,0.05,17.2157,1.2051,18.4208,,,,34.4888,pt-price-st-2025-4-4.xlsx
2025-04-04,gh91,GASOHOL91,18.0851,,5.85,0.585,2.87,0.05,27.4401,1.9208,29.3609,3.6627,0.2564,33.28,34.4888,pt-price-st-2025-4-4.xlsx
2025-04-04,gh95,GASOHOL95 E10,18.5111,,5.85,0.585,2.87,0.05,27.8661,1.9506,29.8167,3.5825,0.2508,33.65,34.4888,pt-price-st-2025-4-4.xlsx
2025-04-04,gl95,ULG95,18.6102,,6.5,0.65,9.71,0.05,35.5202,2.4864,38.0066,3.6761,0.2573,41.94,34.4888,pt-price-st-2025-4-4.xlsx
2025-04-04,lpg,LPG (BAHT/KILOGRAM),21.6357,,2.17,0.217,-3.1048,0.0,20.9179,1.4643,22.3822,3.2566,0.228,25.8668,34.4888,pt-price-st-2025-4-4.xlsx
2025-04-08,ds,H-DIESEL,18.3287,,5.99,0.599,1.1,0.05,26.0677,1.8247,27.8924,3.7828,0.2648,31.94,34.3043,pt-price-st-2025-4-8.xlsx
2025-04-08,e20,GASOHOL95 E20,16.5191,,5.2,0.52,1.7,0.05,23.9891,1.6792,25.6683,5.3941,0.3776,31.44,34.3043,pt-price-st-2025-4-8.xlsx
2025-04-08,e85,GASOHOL95 E85,18.497,,0.975,0.0975,2.6,0.05,22.2195,1.5554,23.7749,5.6216,0.3935,29.79,34.3043,pt-price-st-2025-4-8.xlsx
2025-04-08,fo1500,FO 1500 (2) 2%S,14.2245,,0.64,0.064,0.06,0.05,15.0385,1.0527,16.0912,,,,34.3043,pt-price-st-2025-4-8.xlsx
2025-04-08,fo600,FO 600 (1) 2%S,14.6798,,0.64,0.064,0.06,0.05,15.4938,1.0846,16.5784,,,,34.3043,pt-price-st-2025-4-8.xlsx
2025-04-08,gh91,GASOHOL91,16.1659,,5.85,0.585,2.87,0.05,25.5209,1.7865,27.3074,5.5819,0.3907,33.28,34.3043,pt-price-st-2025-4-8.xlsx
2025-04-08,gh95,GASOHOL95 E10,16.5896,,5.85,0.585,2.87,0.05,25.9446,1.8161,27.7607,5.504,0.3853,33.65,34.3043,pt-price-st-2025-4-8.xlsx
2025-04-08,gl95,ULG95,16.3881,,6.5,0.65,9.71,0.05,33.2981,2.3309,35.629,5.8981,0.4129,41.94,34.3043,pt-price-st-2025-4-8.xlsx
2025-04-08,lpg,LPG (BAHT/KILOGRAM),21.6357,,2.17,0.217,-3.1048,0.0,20.9179,1.4643,22.3822,3.2566,0.228,25.8668,34.3043,pt-price-st-2025-4-8.xlsx
2025-04-09,ds,H-DIESEL,18.4316,,5.99,0.599,3.0,0.05,28.0706,1.9649,30.0355,1.7799,0.1246,31.94,34.783,pt-price-st-2025-4-9.xlsx
2025-04-09,e20,GASOHOL95 E20,16.5659,,5.2,0.52,1.7,0.05,24.0359,1.6825,25.7184,4.88,0.3416,30.94,34.783,pt-price-st-2025-4-9.xlsx
2025-04-09,e85,GASOHOL95 E85,18.5114,,0.975,0.0975,2.6,0.05,22.234,1.5564,23.7904,5.1398,0.3598,29.29,34.783,pt-price-st-2025-4-9.xlsx
2025-04-09,fo1500,FO 1500 (2) 2%S,14.2859,,0.64,0.064,0.06,0.05,15.0999,1.057,16.1569,,,,34.783,pt-price-st-2025-4-9.xlsx
2025-04-09,fo600,FO 600 (1) 2%S,14.748,,0.64,0.064,0.06,0.05,15.562,1.0893,16.6513,,,,34.783,pt-price-st-2025-4-9.xlsx
2025-04-09,gh91,GASOHOL91,16.2185,,5.85,0.585,2.87,0.05,25.5735,1.7901,27.3636,5.0621,0.3543,32.78,34.783,pt-price-st-2025-4-9.xlsx
2025-04-09,gh95,GASOHOL95 E10,16.6482,,5.85,0.585,2.87,0.05,26.0032,1.8202,27.8234,4.9781,0.3485,33.15,34.783,pt-price-st-2025-4-9.xlsx
2025-04-09,gl95,ULG95,16.404,,6.5,0.65,9.71,0.05,33.314,2.332,35.646,5.415,0.379,41.44,34.783,pt-price-st-2025-4-9.xlsx
2025-04-09,lpg,LPG (BAHT/KILOGRAM),21.6357,,2.17,0.217,-3.1048,0.0,20.9179,1.4643,22.3822,3.2566,0.228,25.8668,34.783,pt-price-st-2025-4-9.xlsx
2025-04-10,ds,H-DIESEL,18.1062,,5.99,0.599,3.0,0.05,27.7452,1.9422,29.6874,2.1052,0.1474,31.94,34.9572,pt-price-st-2025-4-10.xlsx
2025-04-10,e20,GASOHOL95 E20,16.2583,,5.2,0.52,2.7,0.05,24.7283,1.731,26.4593,4.1876,0.2931,30.94,34.9572,pt-price-st-2025-4-10.xlsx
2025-04-10,e85,GASOHOL95 E85,18.4165,,0.975,0.0975,3.6,0.05,23.139,1.6197,24.7587,4.2349,0.2964,29.29,34.9572,pt-price-st-2025-4-10.xlsx
2025-04-10,fo1500,FO 1500 (2) 2%S,13.9767,,0.64,0.064,0.06,0.05,14.7907,1.0353,15.826,,,,34.9572,pt-price-st-2025-4-10.xlsx
2025-04-10,fo600,FO 600 (1) 2%S,14.4328,,0.64,0.064,0.06,0.05,15.2468,1.0673,16.3141,,,,34.9572,pt-price-st-2025-4-10.xlsx
2025-04-10,gh91,GASOHOL91,15.8729,,5.85,0.585,4.4,0.05,26.7579,1.8731,28.631,3.8776,0.2714,32.78,34.9572,pt-price-st-2025-4-10.xlsx
2025-04-10,gh95,GASOHOL95 E10,16.3047,,5.85,0.585,4.4,0.05,27.1897,1.9033,29.093,3.7916,0.2654,33.15,34.9572,pt-price-st-2025-4-10.xlsx
2025-04-10,gl95,ULG95,16.1258,,6.5,0.65,10.71,0.05,34.0358,2.3825,36.4183,4.6932,0.3285,41.44,34.9572,pt-price-st-2025-4-10.xlsx
2025-04-10,lpg,LPG (BAHT/KILOGRAM),21.6357,,2.17,0.217,-3.1048,0.0,20.9179,1.4643,22.3822,3.2566,0.228,25.8668,34.9572,pt-price-st-2025-4-10.xlsx
2025-04-11,ds,H-DIESEL,18.0074,,5.99,0.599,3.0,0.05,27.6464,1.9352,29.5816,2.2041,0.1543,31.94,34.3685,pt-price-st-2025-4-11.xlsx
2025-04-11,e20,GASOHOL95 E20,16.066,,5.2,0.52,2.7,0.05,24.536,1.7175,26.2535,4.3799,0.3066,30.94,34.3685,pt-price-st-2025-4-11.xlsx
2025-04-11,e85,GASOHOL95 E85,18.3572,,0.975,0.0975,3.6,0.05,23.0797,1.6156,24.6953,4.2941,0.3006,29.29,34.3685,pt-price-st-2025-4-11.xlsx
2025-04-11,fo1500,FO 1500 (2) 2%S,13.8853,,0.64,0.064,0.06,0.05,14.6993,1.029,15.7283,,,,34.3685,pt-price-st-2025-4-11.xlsx
2025-04-11,fo600,FO 600 (1) 2%S,14.3399,,0.64,0.064,0.06,0.05,15.1539,1.0608,16.2147,,,,34.3685,pt-price-st-2025-4-11.xlsx
2025-04-11,gh91,GASOHOL91,15.6568,,5.85,0.585,4.4,0.05,26.5418,1.8579,28.3997,4.0937,0.2866,32.78,34.3685,pt-price-st-2025-4-11.xlsx
2025-04-11,gh95,GASOHOL95 E10,16.0813,,5.85,0.585,4.4,0.05,26.9663,1.8876,28.8539,4.015,0.2811,33.15,34.3685,pt-price-st-2025-4-11.xlsx
2025-04-11,gl95,ULG95,15.9341,,6.5,0.65,10.71,0.05,33.8441,2.3691,36.2132,4.8849,0.3419,41.44,34.3685,pt-price-st-2025-4-11.xlsx
2025-04-11,lpg,LPG (BAHT/KILOGRAM),21.6357,,2.17,0.217,-3.1048,0.0,20.9179,1.4643,22.3822,3.2566,0.228,25.8668,34.3685,pt-price-st-2025-4-11.xlsx
2025-04-17,ds,H-DIESEL,18.1643,,5.99,0.599,3.3,0.05,28.1033,1.9672,30.0705,1.7472,0.1223,31.94,33.58,pt-price-st-2025-4-17.xlsx
2025-04-17,e20,GASOHOL95 E20,16.2048,,5.2,0.52,2.7,0.05,24.6748,1.7272,26.402,3.9607,0.2773,30.64,33.58,pt-price-st-2025-4-17.xlsx
2025-04-17,e85,GASOHOL95 E85,18.4,,0.975,0.0975,3.6,0.05,23.1225,1.6186,24.7411,3.9709,0.278,28.99,33.58,pt-price-st-2025-4-17.xlsx
2025-04-17,fo1500,FO 1500 (2) 2%S,14.529,,0.64,0.064,0.06,0.05,15.343,1.074,16.417,,,,33.58,pt-price-st-2025-4-17.xlsx
2025-04-17,fo600,FO 600 (1) 2%S,14.9135,,0.64,0.064,0.06,0.05,15.7275,1.1009,16.8284,,,,33.58,pt-price-st-2025-4-17.xlsx
2025-04-17,gh91,GASOHOL91,15.8128,,5.85,0.585,4.4,0.05,26.6978,1.8688,28.5666,3.6574,0.256,32.48,33.58,pt-price-st-2025-4-17.xlsx
2025-04-17,gh95,GASOHOL95 E10,16.2276,,5.85,0.585,4.4,0.05,27.1126,1.8979,29.0105,3.5883,0.2512,32.85,33.58,pt-price-st-2025-4-17.xlsx
2025-04-17,gl95,ULG95,16.2257,,6.5,0.65,10.71,0.05,34.1357,2.3895,36.5252,4.3129,0.3019,41.14,33.58,pt-price-st-2025-4-17.xlsx
2025-04-17,lpg,LPG (BAHT/KILOGRAM),21.6357,,2.17,0.217,-3.1048,0.0,20.9179,1.4643,22.3822,3.2566,0.228,25.8668,33.58,pt-price-st-2025-4-17.xlsx
2025-04-18,ds,H-DIESEL,18.2172,,5.99,0.599,3.3,0.05,28.1562,1.9709,30.1271,1.6943,0.1186,31.94,33.39,pt-price-st-2025-4-18.xlsx
2025-04-18,e20,GASOHOL95 E20,16.249,,5.2,0.52,2.7,0.05,24.719,1.7303,26.4493,3.9165,0.2742,30.64,33.39,pt-price-st-2025-4-18.xlsx
2025-04-18,e85,GASOHOL95 E85,18.4137,,0.975,0.0975,3.6,0.05,23.1362,1.6195,24.7557,3.9573,0.277,28.99,33.39,pt-price-st-2025-4-18.xlsx
2025-04-18,fo1500,FO 1500 (2) 2%S,14.5701,,0.64,0.064,0.06,0.05,15.3841,1.0769,16.461,,,,33.39,pt-price-st-2025-4-18.xlsx
2025-04-18,fo600,FO 600 (1) 2%S,14.9567,,0.64,0.064,0.06,0.05,15.7707,1.1039,16.8746,,,,33.39,pt-price-st-2025-4-18.xlsx
2025-04-18,gh91,GASOHOL91,15.8625,,5.85,0.585,4.4,0.05,26.7475,1.8723,28.6198,3.6077,0.2525,32.48,33.39,pt-price-st-2025-4-18.xlsx
2025-04-18,gh95,GASOHOL95 E10,16.275,,5.85,0.585,4.4,0.05,27.16,1.9012,29.0612,3.5409,0.2479,32.85,33.39,pt-price-st-2025-4-18.xlsx
2025-04-18,gl95,ULG95,16.3942,,6.5,0.65,10.71,0.05,34.3042,2.4013,36.7055,4.1444,0.2901,41.14,33.39,pt-price-st-2025-4-18.xlsx
2025-04-18,lpg,LPG (BAHT/KILOGRAM),20.7622,,2.17,0.217,-2.2313,0.0,20.9179,1.4643,22.3822,3.2566,0.228,25.8668,33.39,pt-price-st-2025-4-18.xlsx
2025-04-21,ds,H-DIESEL,18.1908,,5.99,0.599,3.3,0.05,28.1298,1.9691,30.0989,1.7207,0.1204,31.94,33.5326,pt-price-st-2025-4-21.xlsx
2025-04-21,e20,GASOHOL95 E20,16.3027,,5.2,0.52,2.7,0.05,24.7727,1.7341,26.5068,3.8628,0.2704,30.64,33.5326,pt-price-st-2025-4-21.xlsx
2025-04-21,e85,GASOHOL95 E85,18.4302,,0.975,0.0975,3.6,0.05,23.1527,1.6207,24.7734,3.9407,0.2759,28.99,33.5326,pt-price-st-2025-4-21.xlsx
2025-04-21,fo1500,FO 1500 (2) 2%S,14.6323,,0.64,0.064,0.06,0.05,15.4463,1.0812,16.5275,,,,33.5326,pt-price-st-2025-4-21.xlsx
2025-04-21,fo600,FO 600 (1) 2%S,15.0206,,0.64,0.064,0.06,0.05,15.8346,1.1084,16.943,,,,33.5326,pt-price-st-2025-4-21.xlsx
2025-04-21,gh91,GASOHOL91,15.9228,,5.85,0.585,4.4,0.05,26.8078,1.8765,28.6843,3.5474,0.2483,32.48,33.5326,pt-price-st-2025-4-21.xlsx
2025-04-21,gh95,GASOHOL95 E10,16.3371,,5.85,0.585,4.4,0.05,27.2221,1.9055,29.1276,3.4789,0.2435,32.85,33.5326,pt-price-st-2025-4-21.xlsx
2025-04-21,gl95,ULG95,16.4643,,6.5,0.65,10.71,0.05,34.3743,2.4062,36.7805,4.0743,0.2852,41.14,33.5326,pt-price-st-2025-4-21.xlsx
2025-04-21,lpg,LPG (BAHT/KILOGRAM),20.7622,,2.17,0.217,-2.2313,0.0,20.9179,1.4643,22.3822,3.2566,0.228,25.8668,33.5326,pt-price-st-2025-4-21.xlsx
2025-04-22,ds,H-DIESEL,18.1592,,5.99,0.599,3.3,0.05,28.0982,1.9669,30.0651,1.7522,0.1227,31.94,33.3462,pt-price-st-2025-4-22.xlsx
2025-04-22,e20,GASOHOL95 E20,16.4065,,5.2,0.52,2.7,0.05,24.8765,1.7414,26.6179,3.759,0.2631,30.64,33.3462,pt-price-st-2025-4-22.xlsx
2025-04-22,e85,GASOHOL95 E85,18.4623,,0.975,0.0975,3.6,0.05,23.1848,1.6229,24.8077,3.9087,0.2736,28.99,33.3462,pt-price-st-2025-4-22.xlsx
2025-04-22,fo1500,FO 1500 (2) 2%S,14.5648,,0.64,0.064,0.06,0.05,15.3788,1.0765,16.4553,,,,33.3462,pt-price-st-2025-4-22.xlsx
2025-04-22,fo600,FO 600 (1) 2%S,14.9589,,0.64,0.064,0.06,0.05,15.7729,1.1041,16.877,,,,33.3462,pt-price-st-2025-4-22.xlsx
2025-04-22,gh91,GASOHOL91,16.0394,,5.85,0.585,4.4,0.05,26.9244,1.8847,28.8091,3.4307,0.2402,32.48,33.3462,pt-price-st-2025-4-22.xlsx
2025-04-22,gh95,GASOHOL95 E10,16.4513,,5.85,0.585,4.4,0.05,27.3363,1.9135,29.2498,3.3647,0.2355,32.85,33.3462,pt-price-st-2025-4-22.xlsx
2025-04-22,gl95,ULG95,16.5031,,6.5,0.65,10.71,0.05,34.4131,2.4089,36.822,4.0355,0.2825,41.14,33.3462,pt-price-st-2025-4-22.xlsx
2025-04-22,lpg,LPG (BAHT/KILOGRAM),20.7622,,2.17,0.217,-2.2313,0.0,20.9179,1.4643,22.3822,3.2566,0.228,25.8668,33.3462,pt-price-st-2025-4-22.xlsx
2025-04-23,ds,H-DIESEL,18.1786,,5.99,0.599,3.3,0.05,28.1176,1.9682,30.0858,1.7329,0.1213,31.94,33.3418,pt-price-st-2025-4-23.xlsx
2025-04-23,e20,GASOHOL95 E20,16.5354,,5.2,0.52,2.7,0.05,25.0054,1.7504,26.7558,3.6301,0.2541,30.64,33.3418,pt-price-st-2025-4-23.xlsx
2025-04-23,e85,GASOHOL95 E85,18.502,,0.975,0.0975,3.6,0.05,23.2245,1.6257,24.8502,3.869,0.2708,28.99,33.3418,pt-price-st-2025-4-23.xlsx
2025-04-23,fo1500,FO 1500 (2) 2%S,14.6182,,0.64,0.064,0.06,0.05,15.4322,1.0803,16.5125,,,,33.3418,pt-price-st-2025-4-23.xlsx
2025-04-23,fo600,FO 600 (1) 2%S,15.0069,,0.64,0.064,0.06,0.05,15.8209,1.1075,16.9284,,,,33.3418,pt-price-st-2025-4-23.xlsx
2025-04-23,gh91,GASOHOL91,16.1842,,5.85,0.585,4.4,0.05,27.0692,1.8948,28.964,3.286,0.23,32.48,33.3418,pt-price-st-2025-4-23.xlsx
2025-04-23,gh95,GASOHOL95 E10,16.596,,5.85,0.585,4.4,0.05,27.481,1.9237,29.4047,3.2199,0.2254,32.85,33.3418,pt-price-st-2025-4-23.xlsx
2025-04-23,gl95,ULG95,16.5503,,6.5,0.65,10.71,0.05,34.4603,2.4122,36.8725,3.9883,0.2792,41.14,33.3418,pt-price-st-2025-4-23.xlsx
2025-04-23,lpg,LPG (BAHT/KILOGRAM),20.7622,,2.17,0.217,-2.2313,0.0,20.9179,1.4643,22.3822,3.2566,0.228,25.8668,33.3418,pt-price-st-2025-4-23.xlsx
2025-04-24,ds,H-DIESEL,18.5227,,5.99,0.599,3.3,0.05,28.4617,1.9923,30.454,1.3888,0.0972,31.94,33.6508,pt-price-st-2025-4-24.xlsx
2025-04-24,e20,GASOHOL95 E20,16.9129,,5.2,0.52,2.7,0.05,25.3829,1.7768,27.1597,3.2526,0.2277,30.64,33.6508,pt-price-st-2025-4-24.xlsx
2025-04-24,e85,GASOHOL95 E85,18.6185,,0.975,0.0975,3.6,0.05,23.3411,1.6339,24.975,3.7523,0.2627,28.99,33.6508,pt-price-st-2025-4-24.xlsx
2025-04-24,fo1500,FO 1500 (2) 2%S,15.0728,,0.64,0.064,0.06,0.05,15.8868,1.1121,16.9989,,,,33.6508,pt-price-st-2025-4-24.xlsx
2025-04-24,fo600,FO 600 (1) 2%S,15.4458,,0.64,0.064,0.06,0.05,16.2598,1.1382,17.398,,,,33.6508,pt-price-st-2025-4-24.xlsx
2025-04-24,gh91,GASOHOL91,16.6083,,5.85,0.585,4.4,0.05,27.4933,1.9245,29.4178,2.8619,0.2003,32.48,33.6508,pt-price-st-2025-4-24.xlsx
2025-04-24,gh95,GASOHOL95 E10,17.024,,5.85,0.585,4.4,0.05,27.909,1.9536,29.8626,2.792,0.1954,32.85,33.6508,pt-price-st-2025-4-24.xlsx
2025-04-24,gl95,ULG95,16.9481,,6.5,0.65,10.71,0.05,34.8581,2.4401,37.2982,3.5905,0.2513,41.14,33.6508,pt-price-st-2025-4-24.xlsx
2025-04-24,lpg,LPG (BAHT/KILOGRAM),20.7622,,2.17,0.217,-2.2313,0.0,20.9179,1.4643,22.3822,3.2566,0.228,25.8668,33.6508,pt-price-st-2025-4-24.xlsx
2025-04-25,ds,H-DIESEL,18.4268,,5.99,0.599,2.9,0.05,27.9658,1.9576,29.9234,1.8847,0.1319,31.94,33.6985,pt-price-st-2025-4-25.xlsx
2025-04-25,e20,GASOHOL95 E20,16.8912,,5.2,0.52,2.3,0.05,24.9612,1.7473,26.7085,3.6743,0.2572,30.64,33.6985,pt-price-st-2025-4-25.xlsx
2025-04-25,e85,GASOHOL95 E85,18.6119,,0.975,0.0975,3.6,0.05,23.3344,1.6334,24.9678,3.7591,0.2631,28.99,33.6985,pt-price-st-2025-4-25.xlsx
2025-04-25,fo1500,FO 1500 (2) 2%S,14.9382,,0.64,0.064,0.06,0.05,15.7522,1.1027,16.8549,,,,33.6985,pt-price-st-2025-4-25.xlsx
2025-04-25,fo600,FO 600 (1) 2%S,15.3162,,0.64,0.064,0.06,0.05,16.1302,1.1291,17.2593,,,,33.6985,pt-price-st-2025-4-25.xlsx
2025-04-25,gh91,GASOHOL91,16.5839,,5.85,0.585,4.0,0.05,27.0689,1.8948,28.9637,3.2863,0.23,32.48,33.6985,pt-price-st-2025-4-25.xlsx
2025-04-25,gh95,GASOHOL95 E10,17.0003,,5.85,0.585,4.0,0.05,27.4853,1.924,29.4093,3.2156,0.2251,32.85,33.6985,pt-price-st-2025-4-25.xlsx
2025-04-25,gl95,ULG95,16.9257,,6.5,0.65,10.71,0.05,34.8357,2.4385,37.2742,3.6129,0.2529,41.14,33.6985,pt-price-st-2025-4-25.xlsx
2025-04-25,lpg,LPG (BAHT/KILOGRAM),20.7622,,2.17,0.217,-2.2313,0.0,20.9179,1.4643,22.3822,3.2566,0.228,25.8668,33.6985,pt-price-st-2025-4-25.xlsx
2025-04-28,ds,H-DIESEL,18.333,,5.99,0.599,2.9,0.05,27.872,1.951,29.823,1.9785,0.1385,31.94,33.6215,pt-price-st-2025-4-28.xlsx
2025-04-28,e20,GASOHOL95 E20,16.8342,,5.2,0.52,2.3,0.05,24.9042,1.7433,26.6475,3.7313,0.2612,30.64,33.6215,pt-price-st-2025-4-28.xlsx
2025-04-28,e85,GASOHOL95 E85,18.5942,,0.975,0.0975,3.6,0.05,23.3168,1.6322,24.949,3.7766,0.2644,28.99,33.6215,pt-price-st-2025-4-28.xlsx
2025-04-28,fo1500,FO 1500 (2) 2%S,14.7827,,0.64,0.064,0.06,0.05,15.5967,1.0918,16.6885,,,,33.6215,pt-price-st-2025-4-28.xlsx
2025-04-28,fo600,FO 600 (1) 2%S,15.1781,,0.64,0.064,0.06,0.05,15.9921,1.1194,17.1115,,,,33.6215,pt-price-st-2025-4-28.xlsx
2025-04-28,gh91,GASOHOL91,16.5199,,5.85,0.585,4.0,0.05,27.0049,1.8903,28.8952,3.3503,0.2345,32.48,33.6215,pt-price-st-2025-4-28.xlsx
2025-04-28,gh95,GASOHOL95 E10,16.9352,,5.85,0.585,4.0,0.05,27.4202,1.9194,29.3396,3.2807,0.2297,32.85,33.6215,pt-price-st-2025-4-28.xlsx
2025-04-28,gl95,ULG95,16.923,,6.5,0.65,10.71,0.05,34.833,2.4383,37.2713,3.6156,0.2531,41.14,33.6215,pt-price-st-2025-4-28.xlsx
2025-04-28,lpg,LPG (BAHT/KILOGRAM),20.7622,,2.17,0.217,-2.2313,0.0,20.9179,1.4643,22.3822,3.2566,0.228,25.8668,33.6215,pt-price-st-2025-4-28.xlsx
2025-04-29,ds,H-DIESEL,18.4674,,5.99,0.599,2.9,0.05,28.0064,1.9604,29.9668,1.8441,0.1291,31.94,33.8082,pt-price-st-2025-4-29.xlsx
2025-04-29,e20,GASOHOL95 E20,16.8937,,5.2,0.52,2.3,0.05,24.9637,1.7475,26.7112,3.6718,0.257,30.64,33.8082,pt-price-st-2025-4-29.xlsx
2025-04-29,e85,GASOHOL95 E85,18.6126,,0.975,0.0975,3.6,0.05,23.3351,1.6335,24.9686,3.7583,0.2631,28.99,33.8082,pt-price-st-2025-4-29.xlsx
2025-04-29,fo1500,FO 1500 (2) 2%S,14.7771,,0.64,0.064,0.06,0.05,15.5911,1.0914,16.6825,,,,33.8082,pt-price-st-2025-4-29.xlsx
2025-04-29,fo600,FO 600 (1) 2%S,15.1958,,0.64,0.064,0.06,0.05,16.0098,1.1207,17.1305,,,,33.8082,pt-price-st-2025-4-29.xlsx
2025-04-29,gh91,GASOHOL91,16.5868,,5.85,0.585,4.0,0.05,27.0718,1.895,28.9668,3.2834,0.2298,32.48,33.8082,pt-price-st-2025-4-29.xlsx
2025-04-29,gh95,GASOHOL95 E10,17.0044,,5.85,0.585,4.0,0.05,27.4894,1.9243,29.4137,3.2115,0.2248,32.85,33.8082,pt-price-st-2025-4-29.xlsx
2025-04-29,gl95,ULG95,17.0358,,6.5,0.65,10.71,0.05,34.9458,2.4462,37.392,3.5028,0.2452,41.14,33.8082,pt-price-st-2025-4-29.xlsx
2025-04-29,lpg,LPG (BAHT/KILOGRAM),20.8657,,2.17,0.217,-2.3348,0.0,20.9179,1.4643,22.3822,3.2566,0.228,25.8668,33.8082,pt-price-st-2025-4-29.xlsx
2025-04-30,ds,H-DIESEL,18.1451,,5.99,0.599,2.9,0.05,27.6841,1.9379,29.622,2.1664,0.1516,31.94,33.4988,pt-price-st-2025-4-30.xlsx
2025-04-30,e20,GASOHOL95 E20,16.6433,,5.2,0.52,2.3,0.05,24.7133,1.7299,26.4432,3.9222,0.2746,30.64,33.4988,pt-price-st-2025-4-30.xlsx
2025-04-30,e85,GASOHOL95 E85,18.5353,,0.975,0.0975,3.6,0.05,23.2578,1.628,24.8858,3.8357,0.2685,28.99,33.4988,pt-price-st-2025-4-30.xlsx
2025-04-30,fo1500,FO 1500 (2) 2%S,14.4473,,0.64,0.064,0.06,0.05,15.2613,1.0683,16.3296,,,,33.4988,pt-price-st-2025-4-30.xlsx
2025-04-30,fo600,FO 600 (1) 2%S,14.8643,,0.64,0.064,0.06,0.05,15.6783,1.0975,16.7758,,,,33.4988,pt-price-st-2025-4-30.xlsx
2025-04-30,gh91,GASOHOL91,16.3054,,5.85,0.585,4.0,0.05,26.7904,1.8753,28.6657,3.5648,0.2495,32.48,33.4988,pt-price-st-2025-4-30.xlsx
2025-04-30,gh95,GASOHOL95 E10,16.7193,,5.85,0.585,4.0,0.05,27.2043,1.9043,29.1086,3.4966,0.2448,32.85,33.4988,pt-price-st-2025-4-30.xlsx
2025-04-30,gl95,ULG95,16.6758,,6.5,0.65,10.71,0.05,34.5858,2.421,37.0068,3.8628,0.2704,41.14,33.4988,pt-price-st-2025-4-30.xlsx
2025-04-30,lpg,LPG (BAHT/KILOGRAM),20.8657,,2.17,0.217,-2.3348,0.0,20.9179,1.4643,22.3822,3.2566,0.228,25.8668,33.4988,pt-price-st-2025-4-30.xlsx
2025-05-01,ds,H-DIESEL,17.8004,,5.99,0.599,2.9,0.05,27.3395,1.9138,29.2533,2.5109,0.1758,31.94,33.5722,pt-price-st-2025-5-01.xlsx
2025-05-01,e20,GASOHOL95 E20,16.3952,,5.2,0.52,2.3,0.05,24.4652,1.7126,26.1778,4.1703,0.2919,30.64,33.5722,pt-price-st-2025-5-01.xlsx
2025-05-01,e85,GASOHOL95 E85,18.4519,,0.975,0.0975,3.6,0.05,23.1744,1.6222,24.7966,3.9191,0.2743,28.99,33.5722,pt-price-st-2025-5-01.xlsx
2025-05-01,fo1500,FO 1500 (2) 2%S,14.1655,,0.64,0.064,0.06,0.05,14.9795,1.0486,16.0281,,,,33.5722,pt-price-st-2025-5-01.xlsx
2025-05-01,fo600,FO 600 (1) 2%S,14.5692,,0.64,0.064,0.06,0.05,15.3832,1.0768,16.46,,,,33.5722,pt-price-st-2025-5-01.xlsx
2025-05-01,gh91,GASOHOL91,16.0279,,5.85,0.585,4.0,0.05,26.5129,1.8559,28.3688,3.8422,0.269,32.48,33.5722,pt-price-st-2025-5-01.xlsx
2025-05-01,gh95,GASOHOL95 E10,16.4426,,5.85,0.585,4.0,0.05,26.9276,1.8849,28.8125,3.7734,0.2641,32.85,33.5722,pt-price-st-2025-5-01.xlsx
2025-05-01,gl95,ULG95,16.3366,,6.5,0.65,10.71,0.05,34.2466,2.3973,36.6439,4.202,0.2941,41.14,33.5722,pt-price-st-2025-5-01.xlsx
2025-05-01,lpg,LPG (BAHT/KILOGRAM),20.8657,,2.17,0.217,-2.3348,0.0,20.9179,1.4643,22.3822,3.2566,0.228,25.8668,33.5722,pt-price-st-2025-5-01.xlsx
2025-05-02,ds,H-DIESEL,17.8004,,5.99,0.599,3.42,0.05,27.8595,1.9502,29.8097,1.9909,0.1394,31.94,33.5722,pt-price-st-2025-5-02.xlsx
2025-05-02,e20,GASOHOL95 E20,16.3952,,5.2,0.52,2.7,0.05,24.8652,1.7406,26.6058,3.7703,0.2639,30.64,33.5722,pt-price-st-2025-5-02.xlsx
2025-05-02,e85,GASOHOL95 E85,18.4519,,0.975,0.0975,3.6,0.05,23.1744,1.6222,24.7966,3.9191,0.2743,28.99,33.5722,pt-price-st-2025-5-02.xlsx
2025-05-02,fo1500,FO 1500 (2) 2%S,14.1655,,0.64,0.064,0.06,0.05,14.9795,1.0486,16.0281,,,,33.5722,pt-price-st-2025-5-02.xlsx
2025-05-02,fo600,FO 600 (1) 2%S,14.5692,,0.64,0.064,0.06,0.05,15.3832,1.0768,16.46,,,,33.5722,pt-price-st-2025-5-02.xlsx
2025-05-02,gh91,GASOHOL91,16.0279,,5.85,0.585,4.4,0.05,26.9129,1.8839,28.7968,3.4422,0.241,32.48,33.5722,pt-price-st-2025-5-02.xlsx
2025-05-02,gh95,GASOHOL95 E10,16.4426,,5.85,0.585,4.4,0.05,27.3276,1.9129,29.2405,3.3734,0.2361,32.85,33.5722,pt-price-st-2025-5-02.xlsx
2025-05-02,gl95,ULG95,16.3366,,6.5,0.65,10.71,0.05,34.2466,2.3973,36.6439,4.202,0.2941,41.14,33.5722,pt-price-st-2025-5-02.xlsx
2025-05-02,lpg,LPG (BAHT/KILOGRAM),20.8657,,2.17,0.217,-2.3348,0.0,20.9179,1.4643,22.3822,3.2566,0.228,25.8668,33.5722,pt-price-st-2025-5-02.xlsx
2025-05-06,ds,H-DIESEL,17.2391,,5.99,0.599,3.42,0.05,27.2981,1.9109,29.209,2.5523,0.1787,31.94,33.5663,pt-price-st-2025-5-06.xlsx
2025-05-06,e20,GASOHOL95 E20,16.1094,,5.2,0.52,2.7,0.05,24.5794,1.7206,26.3,4.0561,0.2839,30.64,33.5663,pt-price-st-2025-5-06.xlsx
2025-05-06,e85,GASOHOL95 E85,18.3636,,0.975,0.0975,3.6,0.05,23.0862,1.616,24.7022,4.0073,0.2805,28.99,33.5663,pt-price-st-2025-5-06.xlsx
2025-05-06,fo1500,FO 1500 (2) 2%S,13.4568,,0.64,0.064,0.06,0.05,14.2708,0.999,15.2698,,,,33.5663,pt-price-st-2025-5-06.xlsx
2025-05-06,fo600,FO 600 (1) 2%S,13.8851,,0.64,0.064,0.06,0.05,14.6991,1.0289,15.728,,,,33.5663,pt-price-st-2025-5-06.xlsx
2025-05-06,gh91,GASOHOL91,15.7069,,5.85,0.585,4.4,0.05,26.5919,1.8614,28.4533,3.7633,0.2634,32.48,33.5663,pt-price-st-2025-5-06.xlsx
2025-05-06,gh95,GASOHOL95 E10,16.1215,,5.85,0.585,4.4,0.05,27.0065,1.8905,28.897,3.6944,0.2586,32.85,33.5663,pt-price-st-2025-5-06.xlsx
2025-05-06,gl95,ULG95,15.9918,,6.5,0.65,10.71,0.05,33.9018,2.3731,36.2749,4.5468,0.3183,41.14,33.5663,pt-price-st-2025-5-06.xlsx
2025-05-06,lpg,LPG (BAHT/KILOGRAM),20.8657,,2.17,0.217,-2.3348,0.0,20.9179,1.4643,22.3822,3.2566,0.228,25.8668,33.5663,pt-price-st-2025-5-06.xlsx
2025-05-07,ds,H-DIESEL,17.0378,,6.92,0.692,3.0,0.05,27.6998,1.939,29.6388,2.1507,0.1505,31.94,33.0443,pt-price-st-2025-5-07.xlsx
2025-05-07,e20,GASOHOL95 E20,16.0042,,6.0,0.6,2.4,0.05,25.0542,1.7538,26.808,3.5813,0.2507,30.64,33.0443,pt-price-st-2025-5-07.xlsx
2025-05-07,e85,GASOHOL95 E85,18.3312,,1.125,0.1125,3.6,0.05,23.2187,1.6253,24.844,3.8748,0.2712,28.99,33.0443,pt-price-st-2025-5-07.xlsx
2025-05-07,fo1500,FO 1500 (2) 2%S,13.3243,,0.64,0.064,0.06,0.05,14.1383,0.9897,15.128,,,,33.0443,pt-price-st-2025-5-07.xlsx
2025-05-07,fo600,FO 600 (1) 2%S,13.7398,,0.64,0.064,0.06,0.05,14.5538,1.0188,15.5726,,,,33.0443,pt-price-st-2025-5-07.xlsx
2025-05-07,gh91,GASOHOL91,15.5887,,6.75,0.675,3.7,0.05,26.7637,1.8735,28.6372,3.5914,0.2514,32.48,33.0443,pt-price-st-2025-5-07.xlsx
2025-05-07,gh95,GASOHOL95 E10,15.9969,,6.75,0.675,3.7,0.05,27.1719,1.902,29.0739,3.5291,0.247,32.85,33.0443,pt-price-st-2025-5-07.xlsx
2025-05-07,gl95,ULG95,15.8519,,7.5,0.75,10.5,0.05,34.6519,2.4256,37.0775,3.7967,0.2658,41.14,33.0443,pt-price-st-2025-5-07.xlsx
2025-05-07,lpg,LPG (BAHT/KILOGRAM),20.8657,,2.17,0.217,-2.3348,0.0,20.9179,1.4643,22.3822,3.2566,0.228,25.8668,33.0443,pt-price-st-2025-5-07.xlsx
2025-05-08,ds,H-DIESEL,17.1662,,6.92,0.692,3.0,0.05,27.8282,1.948,29.7762,2.0222,0.1416,31.94,32.8987,pt-price-st-2025-5-08.xlsx
2025-05-08,e20,GASOHOL95 E20,16.1982,,6.0,0.6,2.4,0.05,25.2482,1.7674,27.0156,3.3873,0.2371,30.64,32.8987,pt-price-st-2025-5-08.xlsx
2025-05-08,e85,GASOHOL95 E85,18.391,,1.125,0.1125,3.6,0.05,23.2786,1.6295,24.9081,3.8149,0.267,28.99,32.8987,pt-price-st-2025-5-08.xlsx
2025-05-08,fo1500,FO 1500 (2) 2%S,13.568,,0.64,0.064,0.06,0.05,14.382,1.0067,15.3887,,,,32.8987,pt-price-st-2025-5-08.xlsx
2025-05-08,fo600,FO 600 (1) 2%S,13.9659,,0.64,0.064,0.06,0.05,14.7799,1.0346,15.8145,,,,32.8987,pt-price-st-2025-5-08.xlsx
2025-05-08,gh91,GASOHOL91,15.8066,,6.75,0.675,3.7,0.05,26.9816,1.8887,28.8703,3.3736,0.2361,32.48,32.8987,pt-price-st-2025-5-08.xlsx
2025-05-08,gh95,GASOHOL95 E10,16.213,,6.75,0.675,3.7,0.05,27.388,1.9172,29.3052,3.3129,0.2319,32.85,32.8987,pt-price-st-2025-5-08.xlsx
2025-05-08,gl95,ULG95,16.1185,,7.5,0.75,10.5,0.05,34.9185,2.4443,37.3628,3.5301,0.2471,41.14,32.8987,pt-price-st-2025-5-08.xlsx
2025-05-08,lpg,LPG (BAHT/KILOGRAM),20.8657,,2.17,0.217,-2.3348,0.0,20.9179,1.4643,22.3822,3.2566,0.228,25.8668,32.8987,pt-price-st-2025-5-08.xlsx
2025-05-13,ds,H-DIESEL,17.3385,,6.92,0.692,3.0,0.05,28.0005,1.96,29.9605,1.85,0.1295,31.94,33.2652,pt-price-st-2025-5-13.xlsx
2025-05-13,e20,GASOHOL95 E20,16.3803,,6.0,0.6,2.4,0.05,25.4303,1.7801,27.2104,3.2052,0.2244,30.64,33.2652,pt-price-st-2025-5-13.xlsx
2025-05-13,e85,GASOHOL95 E85,18.4473,,1.125,0.1125,3.6,0.05,23.3348,1.6334,24.9682,3.7587,0.2631,28.99,33.2652,pt-price-st-2025-5-13.xlsx
2025-05-13,fo1500,FO 1500 (2) 2%S,13.9144,,0.64,0.064,0.06,0.05,14.7284,1.031,15.7594,,,,33.2652,pt-price-st-2025-5-13.xlsx
2025-05-13,fo600,FO 600 (1) 2%S,14.2851,,0.64,0.064,0.06,0.05,15.0991,1.0569,16.156,,,,33.2652,pt-price-st-2025-5-13.xlsx
2025-05-13,gh91,GASOHOL91,16.0112,,6.75,0.675,3.7,0.05,27.1862,1.903,29.0892,3.169,0.2218,32.48,33.2652,pt-price-st-2025-5-13.xlsx
2025-05-13,gh95,GASOHOL95 E10,16.4221,,6.75,0.675,3.7,0.05,27.5971,1.9318,29.5289,3.1038,0.2173,32.85,33.2652,pt-price-st-2025-5-13.xlsx
2025-05-13,gl95,ULG95,16.3193,,7.5,0.75,10.5,0.05,35.1193,2.4584,37.5777,3.3293,0.233,41.14,33.2652,pt-price-st-2025-5-13.xlsx
2025-05-13,lpg,LPG (BAHT/KILOGRAM),20.8657,,2.17,0.217,-2.3348,0.0,20.9179,1.4643,22.3822,3.2566,0.228,25.8668,33.2652,pt-price-st-2025-5-13.xlsx
2025-05-14,ds,H-DIESEL,17.8175,,6.92,0.692,3.0,0.05,28.4795,1.9936,30.4731,1.3709,0.096,31.94,33.4862,pt-price-st-2025-5-14.xlsx
2025-05-14,e20,GASOHOL95 E20,16.6745,,6.0,0.6,2.4,0.05,25.7245,1.8007,27.5252,2.911,0.2038,30.64,33.4862,pt-price-st-2025-5-14.xlsx
2025-05-14,e85,GASOHOL95 E85,18.538,,1.125,0.1125,3.6,0.05,23.4256,1.6398,25.0654,3.6679,0.2567,28.99,33.4862,pt-price-st-2025-5-14.xlsx
2025-05-14,fo1500,FO 1500 (2) 2%S,14.4369,,0.64,0.064,0.06,0.05,15.2509,1.0676,16.3185,,,,33.4862,pt-price-st-2025-5-14.xlsx
2025-05-14,fo600,FO 600 (1) 2%S,14.8045,,0.64,0.064,0.06,0.05,15.6185,1.0933,16.7118,,,,33.4862,pt-price-st-2025-5-14.xlsx
2025-05-14,gh91,GASOHOL91,16.3417,,6.75,0.675,3.7,0.05,27.5167,1.9262,29.4429,2.8384,0.1987,32.48,33.4862,pt-price-st-2025-5-14.xlsx
2025-05-14,gh95,GASOHOL95 E10,16.7553,,6.75,0.675,3.7,0.05,27.9303,1.9551,29.8854,2.7707,0.1939,32.85,33.4862,pt-price-st-2025-5-14.xlsx
2025-05-14,gl95,ULG95,16.6882,,7.5,0.75,10.5,0.05,35.4882,2.4842,37.9724,2.9604,0.2072,41.14,33.4862,pt-price-st-2025-5-14.xlsx
2025-05-14,lpg,LPG (BAHT/KILOGRAM),20.6007,,2.17,0.217,-2.0698,0.0,20.9179,1.4643,22.3822,3.2566,0.228,25.8668,33.4862,pt-price-st-2025-5-14.xlsx
2025-05-15,ds,H-DIESEL,18.1463,,6.92,0.692,2.4,0.05,28.2083,1.9746,30.1829,1.6421,0.115,31.94,33.4573,pt-price-st-2025-5-15.xlsx
2025-05-15,e20,GASOHOL95 E20,16.8288,,6.0,0.6,1.8,0.05,25.2788,1.7695,27.0483,3.3567,0.235,30.64,33.4573,pt-price-st-2025-5-15.xlsx
2025-05-15,e85,GASOHOL95 E85,18.5857,,1.125,0.1125,3.6,0.05,23.4732,1.6431,25.1163,3.6203,0.2534,28.99,33.4573,pt-price-st-2025-5-15.xlsx
2025-05-15,fo1500,FO 1500 (2) 2%S,14.7265,,0.64,0.064,0.06,0.05,15.5405,1.0878,16.6283,,,,33.4573,pt-price-st-2025-5-15.xlsx
2025-05-15,fo600,FO 600 (1) 2%S,15.1036,,0.64,0.064,0.06,0.05,15.9176,1.1142,17.0318,,,,33.4573,pt-price-st-2025-5-15.xlsx
2025-05-15,gh91,GASOHOL91,16.5151,,6.75,0.675,3.0,0.05,26.9901,1.8893,28.8794,3.365,0.2356,32.48,33.4573,pt-price-st-2025-5-15.xlsx
2025-05-15,gh95,GASOHOL95 E10,16.9284,,6.75,0.675,3.0,0.05,27.4034,1.9182,29.3216,3.2976,0.2308,32.85,33.4573,pt-price-st-2025-5-15.xlsx
2025-05-15,gl95,ULG95,16.8768,,7.5,0.75,9.8,0.05,34.9768,2.4484,37.4252,3.4718,0.243,41.14,33.4573,pt-price-st-2025-5-15.xlsx
2025-05-15,lpg,LPG (BAHT/KILOGRAM),20.6007,,2.17,0.217,-2.0698,0.0,20.9179,1.4643,22.3822,3.2566,0.228,25.8668,33.4573,pt-price-st-2025-5-15.xlsx
2025-05-16,ds,H-DIESEL,18.0903,,6.92,0.692,2.4,0.05,28.1523,1.9707,30.123,1.6981,0.1189,31.94,33.5654,pt-price-st-2025-5-16.xlsx
2025-05-16,e20,GASOHOL95 E20,16.6912,,6.0,0.6,1.8,0.05,25.1412,1.7599,26.9011,3.4943,0.2446,30.64,33.5654,pt-price-st-2025-5-16.xlsx
2025-05-16,e85,GASOHOL95 E85,18.5432,,1.125,0.1125,3.6,0.05,23.4307,1.6401,25.0708,3.6628,0.2564,28.99,33.5654,pt-price-st-2025-5-16.xlsx
2025-05-16,fo1500,FO 1500 (2) 2%S,14.6724,,0.64,0.064,0.06,0.05,15.4864,1.084,16.5704,,,,33.5654,pt-price-st-2025-5-16.xlsx
2025-05-16,fo600,FO 600 (1) 2%S,15.0486,,0.64,0.064,0.06,0.05,15.8626,1.1104,16.973,,,,33.5654,pt-price-st-2025-5-16.xlsx
2025-05-16,gh91,GASOHOL91,16.3604,,6.75,0.675,3.0,0.05,26.8354,1.8785,28.7139,3.5197,0.2464,32.48,33.5654,pt-price-st-2025-5-16.xlsx
2025-05-16,gh95,GASOHOL95 E10,16.7751,,6.75,0.675,3.0,0.05,27.2501,1.9075,29.1576,3.4508,0.2416,32.85,33.5654,pt-price-st-2025-5-16.xlsx
2025-05-16,gl95,ULG95,16.7083,,7.5,0.75,9.8,0.05,34.8083,2.4366,37.2449,3.6403,0.2548,41.14,33.5654,pt-price-st-2025-5-16.xlsx
2025-05-16,lpg,LPG (BAHT/KILOGRAM),20.6007,,2.17,0.217,-2.0698,0.0,20.9179,1.4643,22.3822,3.2566,0.228,25.8668,33.5654,pt-price-st-2025-5-16.xlsx
2025-05-19,ds,H-DIESEL,17.8233,,6.92,0.692,2.4,0.05,27.8853,1.952,29.8373,1.9651,0.1376,31.94,33.3119,pt-price-st-2025-5-19.xlsx
2025-05-19,e20,GASOHOL95 E20,16.4789,,6.0,0.6,1.8,0.05,24.9289,1.745,26.6739,3.7066,0.2595,30.64,33.3119,pt-price-st-2025-5-19.xlsx
2025-05-19,e85,GASOHOL95 E85,18.4777,,1.125,0.1125,3.6,0.05,23.3652,1.6356,25.0008,3.7282,0.261,28.99,33.3119,pt-price-st-2025-5-19.xlsx
2025-05-19,fo1500,FO 1500 (2) 2%S,14.592,,0.64,0.064,0.06,0.05,15.406,1.0784,16.4844,,,,33.3119,pt-price-st-2025-5-19.xlsx
2025-05-19,fo600,FO 600 (1) 2%S,14.9338,,0.64,0.064,0.06,0.05,15.7478,1.1023,16.8501,,,,33.3119,pt-price-st-2025-5-19.xlsx
2025-05-19,gh91,GASOHOL91,16.1219,,6.75,0.675,3.0,0.05,26.5969,1.8618,28.4587,3.7582,0.2631,32.48,33.3119,pt-price-st-2025-5-19.xlsx
2025-05-19,gh95,GASOHOL95 E10,16.5334,,6.75,0.675,3.0,0.05,27.0084,1.8906,28.899,3.6925,0.2585,32.85,33.3119,pt-price-st-2025-5-19.xlsx
2025-05-19,gl95,ULG95,16.4412,,7.5,0.75,9.8,0.05,34.5412,2.4179,36.9591,3.9074,0.2735,41.14,33.3119,pt-price-st-2025-5-19.xlsx
2025-05-19,lpg,LPG (BAHT/KILOGRAM),20.6007,,2.17,0.217,-2.0698,0.0,20.9179,1.4643,22.3822,3.2566,0.228,25.8668,33.3119,pt-price-st-2025-5-19.xlsx
2025-05-20,ds,H-DIESEL,17.8112,,6.92,0.692,2.4,0.05,27.8732,1.9511,29.8243,1.9773,0.1384,31.94,33.3731,pt-price-st-2025-5-20.xlsx
2025-05-20,e20,GASOHOL95 E20,16.5019,,6.0,0.6,1.8,0.05,24.9519,1.7466,26.6985,3.6836,0.2579,30.64,33.3731,pt-price-st-2025-5-20.xlsx
2025-05-20,e85,GASOHOL95 E85,18.4848,,1.125,0.1125,3.6,0.05,23.3723,1.6361,25.0084,3.7211,0.2605,28.99,33.3731,pt-price-st-2025-5-20.xlsx
2025-05-20,fo1500,FO 1500 (2) 2%S,14.6444,,0.64,0.064,0.06,0.05,15.4584,1.0821,16.5405,,,,33.3731,pt-price-st-2025-5-20.xlsx
2025-05-20,fo600,FO 600 (1) 2%S,14.9762,,0.64,0.064,0.06,0.05,15.7902,1.1053,16.8955,,,,33.3731,pt-price-st-2025-5-20.xlsx
2025-05-20,gh91,GASOHOL91,16.1478,,6.75,0.675,3.0,0.05,26.6228,1.8636,28.4864,3.7323,0.2613,32.48,33.3731,pt-price-st-2025-5-20.xlsx
2025-05-20,gh95,GASOHOL95 E10,16.56,,6.75,0.675,3.0,0.05,27.035,1.8925,28.9275,3.6659,0.2566,32.85,33.3731,pt-price-st-2025-5-20.xlsx
2025-05-20,gl95,ULG95,16.4721,,7.5,0.75,9.8,0.05,34.5721,2.42,36.9921,3.8765,0.2714,41.14,33.3731,pt-price-st-2025-5-20.xlsx
2025-05-20,lpg,LPG (BAHT/KILOGRAM),20.6007,,2.17,0.217,-2.0698,0.0,20.9179,1.4643,22.3822,3.2566,0.228,25.8668,33.3731,pt-price-st-2025-5-20.xlsx
2025-05-21,ds,H-DIESEL,17.781,,6.92,0.692,2.4,0.05,27.843,1.949,29.792,2.0075,0.1405,31.94,33.324,pt-price-st-2025-5-21.xlsx
2025-05-21,e20,GASOHOL95 E20,16.4508,,6.0,0.6,1.8,0.05,24.9008,1.7431,26.6439,3.7347,0.2614,30.64,33.324,pt-price-st-2025-5-21.xlsx
2025-05-21,e85,GASOHOL95 E85,18.469,,1.125,0.1125,3.6,0.05,23.3565,1.635,24.9915,3.7369,0.2616,28.99,33.324,pt-price-st-2025-5-21.xlsx
2025-05-21,fo1500,FO 1500 (2) 2%S,14.6595,,0.64,0.064,0.06,0.05,15.4735,1.0831,16.5566,,,,33.324,pt-price-st-2025-5-21.xlsx
2025-05-21,fo600,FO 600 (1) 2%S,14.984,,0.64,0.064,0.06,0.05,15.798,1.1059,16.9039,,,,33.324,pt-price-st-2025-5-21.xlsx
2025-05-21,gh91,GASOHOL91,16.0904,,6.75,0.675,3.0,0.05,26.5654,1.8596,28.425,3.7897,0.2653,32.48,33.324,pt-price-st-2025-5-21.xlsx
2025-05-21,gh95,GASOHOL95 E10,16.502,,6.75,0.675,3.0,0.05,26.977,1.8884,28.8654,3.7239,0.2607,32.85,33.324,pt-price-st-2025-5-21.xlsx
2025-05-21,gl95,ULG95,16.4116,,7.5,0.75,9.8,0.05,34.5116,2.4158,36.9274,3.937,0.2756,41.14,33.324,pt-price-st-2025-5-21.xlsx
2025-05-21,lpg,LPG (BAHT/KILOGRAM),20.6007,,2.17,0.217,-2.0698,0.0,20.9179,1.4643,22.3822,3.2566,0.228,25.8668,33.324,pt-price-st-2025-5-21.xlsx
2025-05-22,ds,H-DIESEL,17.6748,,6.92,0.692,2.4,0.05,27.7368,1.9416,29.6784,2.1136,0.148,31.94,32.9636,pt-price-st-2025-5-22.xlsx
2025-05-22,e20,GASOHOL95 E20,16.4357,,6.0,0.6,1.8,0.05,24.8857,1.742,26.6277,3.4694,0.2429,30.34,32.9636,pt-price-st-2025-5-22.xlsx
2025-05-22,e85,GASOHOL95 E85,18.4643,,1.125,0.1125,3.6,0.05,23.3519,1.6346,24.9865,3.4612,0.2423,28.69,32.9636,pt-price-st-2025-5-22.xlsx
2025-05-22,fo1500,FO 1500 (2) 2%S,14.713,,0.64,0.064,0.06,0.05,15.527,1.0869,16.6139,,,,32.9636,pt-price-st-2025-5-22.xlsx
2025-05-22,fo600,FO 600 (1) 2%S,15.0109,,0.64,0.064,0.06,0.05,15.8249,1.1077,16.9326,,,,32.9636,pt-price-st-2025-5-22.xlsx
2025-05-22,gh91,GASOHOL91,16.0734,,6.75,0.675,3.0,0.05,26.5484,1.8584,28.4068,3.5264,0.2468,32.18,32.9636,pt-price-st-2025-5-22.xlsx
2025-05-22,gh95,GASOHOL95 E10,16.4806,,6.75,0.675,3.0,0.05,26.9556,1.8869,28.8425,3.465,0.2425,32.55,32.9636,pt-price-st-2025-5-22.xlsx
2025-05-22,gl95,ULG95,16.3806,,7.5,0.75,9.8,0.05,34.4806,2.4136,36.8942,3.6877,0.2581,40.84,32.9636,pt-price-st-2025-5-22.xlsx
2025-05-22,lpg,LPG (BAHT/KILOGRAM),20.6007,,2.17,0.217,-2.0698,0.0,20.9179,1.4643,22.3822,3.2566,0.228,25.8668,32.9636,pt-price-st-2025-5-22.xlsx
2025-05-23,ds,H-DIESEL,17.3954,,6.92,0.692,2.4,0.05,27.4574,1.922,29.3794,2.3931,0.1675,31.94,32.8374,pt-price-st-2025-5-23.xlsx
2025-05-23,e20,GASOHOL95 E20,16.435,,6.0,0.6,1.8,0.05,24.885,1.742,26.627,3.4701,0.2429,30.34,32.8374,pt-price-st-2025-5-23.xlsx
2025-05-23,e85,GASOHOL95 E85,18.4641,,1.125,0.1125,3.6,0.05,23.3516,1.6346,24.9862,3.4615,0.2423,28.69,32.8374,pt-price-st-2025-5-23.xlsx
2025-05-23,fo1500,FO 1500 (2) 2%S,14.4645,,0.64,0.064,0.06,0.05,15.2785,1.0695,16.348,,,,32.8374,pt-price-st-2025-5-23.xlsx
2025-05-23,fo600,FO 600 (1) 2%S,14.7554,,0.64,0.064,0.06,0.05,15.5694,1.0899,16.6593,,,,32.8374,pt-price-st-2025-5-23.xlsx
2025-05-23,gh91,GASOHOL91,16.0726,,6.75,0.675,3.0,0.05,26.5476,1.8583,28.4059,3.5272,0.2469,32.18,32.8374,pt-price-st-2025-5-23.xlsx
2025-05-23,gh95,GASOHOL95 E10,16.4783,,6.75,0.675,3.0,0.05,26.9533,1.8867,28.84,3.4673,0.2427,32.55,32.8374,pt-price-st-2025-5-23.xlsx
2025-05-23,gl95,ULG95,16.3429,,7.5,0.75,9.8,0.05,34.4429,2.411,36.8539,3.7253,0.2608,40.84,32.8374,pt-price-st-2025-5-23.xlsx
2025-05-23,lpg,LPG (BAHT/KILOGRAM),20.6007,,2.17,0.217,-2.0698,0.0,20.9179,1.4643,22.3822,3.2566,0.228,25.8668,32.8374,pt-price-st-2025-5-23.xlsx
2025-05-26,ds,H-DIESEL,17.2492,,6.92,0.692,2.9,0.05,27.8112,1.9468,29.758,2.0393,0.1427,31.94,32.9395,pt-price-st-2025-5-26.xlsx
2025-05-26,e20,GASOHOL95 E20,16.4236,,6.0,0.6,1.8,0.05,24.8736,1.7412,26.6148,3.4815,0.2437,30.34,32.9395,pt-price-st-2025-5-26.xlsx
2025-05-26,e85,GASOHOL95 E85,18.4606,,1.125,0.1125,3.6,0.05,23.3481,1.6344,24.9825,3.465,0.2425,28.69,32.9395,pt-price-st-2025-5-26.xlsx
2025-05-26,fo1500,FO 1500 (2) 2%S,14.3434,,0.64,0.064,0.06,0.05,15.1574,1.061,16.2184,,,,32.9395,pt-price-st-2025-5-26.xlsx
2025-05-26,fo600,FO 600 (1) 2%S,14.6284,,0.64,0.064,0.06,0.05,15.4424,1.081,16.5234,,,,32.9395,pt-price-st-2025-5-26.xlsx
2025-05-26,gh91,GASOHOL91,16.0599,,6.75,0.675,3.0,0.05,26.5349,1.8574,28.3923,3.5399,0.2478,32.18,32.9395,pt-price-st-2025-5-26.xlsx
2025-05-26,gh95,GASOHOL95 E10,16.4667,,6.75,0.675,3.0,0.05,26.9417,1.8859,28.8276,3.4789,0.2435,32.55,32.9395,pt-price-st-2025-5-26.xlsx
2025-05-26,gl95,ULG95,16.315,,7.5,0.75,9.8,0.05,34.415,2.4091,36.8241,3.7532,0.2627,40.84,32.9395,pt-price-st-2025-5-26.xlsx
2025-05-26,lpg,LPG (BAHT/KILOGRAM),20.6007,,2.17,0.217,-2.0698,0.0,20.9179,1.4643,22.3822,3.2566,0.228,25.8668,32.9395,pt-price-st-2025-5-26.xlsx
2025-05-27,ds,H-DIESEL,17.1932,,6.92,0.692,2.9,0.05,27.7552,1.9429,29.6981,2.0952,0.1467,31.94,32.6657,pt-price-st-2025-5-27.xlsx
2025-05-27,e20,GASOHOL95 E20,16.3531,,6.0,0.6,1.8,0.05,24.8031,1.7362,26.5393,3.5521,0.2486,30.34,32.6657,pt-price-st-2025-5-27.xlsx
2025-05-27,e85,GASOHOL95 E85,18.4388,,1.125,0.1125,3.6,0.05,23.3264,1.6328,24.9592,3.4867,0.2441,28.69,32.6657,pt-price-st-2025-5-27.xlsx
2025-05-27,fo1500,FO 1500 (2) 2%S,14.149,,0.64,0.064,0.06,0.05,14.963,1.0474,16.0104,,,,32.6657,pt-price-st-2025-5-27.xlsx
2025-05-27,fo600,FO 600 (1) 2%S,14.4567,,0.64,0.064,0.06,0.05,15.2707,1.0689,16.3396,,,,32.6657,pt-price-st-2025-5-27.xlsx
2025-05-27,gh91,GASOHOL91,15.9806,,6.75,0.675,3.0,0.05,26.4556,1.8519,28.3075,3.6192,0.2533,32.18,32.6657,pt-price-st-2025-5-27.xlsx
2025-05-27,gh95,GASOHOL95 E10,16.3841,,6.75,0.675,3.0,0.05,26.8591,1.8801,28.7392,3.5615,0.2493,32.55,32.6657,pt-price-st-2025-5-27.xlsx
2025-05-27,gl95,ULG95,16.2231,,7.5,0.75,9.8,0.05,34.3231,2.4026,36.7257,3.8451,0.2692,40.84,32.6657,pt-price-st-2025-5-27.xlsx
2025-05-27,lpg,LPG (BAHT/KILOGRAM),21.0527,,2.17,0.217,-2.5218,0.0,20.9179,1.4643,22.3822,3.2566,0.228,25.8668,32.6657,pt-price-st-2025-5-27.xlsx
2025-05-28,ds,H-DIESEL,17.2973,,6.92,0.692,2.9,0.05,27.8593,1.9502,29.8095,1.9911,0.1394,31.94,32.8,pt-price-st-2025-5-28.xlsx
2025-05-28,e20,GASOHOL95 E20,16.3904,,6.0,0.6,1.8,0.05,24.8404,1.7388,26.5792,3.5148,0.246,30.34,32.8,pt-price-st-2025-5-28.xlsx
2025-05-28,e85,GASOHOL95 E85,18.4504,,1.125,0.1125,3.6,0.05,23.3379,1.6337,24.9716,3.4751,0.2433,28.69,32.8,pt-price-st-2025-5-28.xlsx
2025-05-28,fo1500,FO 1500 (2) 2%S,13.9846,,0.64,0.064,0.06,0.05,14.7986,1.0359,15.8345,,,,32.8,pt-price-st-2025-5-28.xlsx
2025-05-28,fo600,FO 600 (1) 2%S,14.3369,,0.64,0.064,0.06,0.05,15.1509,1.0606,16.2115,,,,32.8,pt-price-st-2025-5-28.xlsx
2025-05-28,gh91,GASOHOL91,16.0226,,6.75,0.675,3.0,0.05,26.4976,1.8548,28.3524,3.5772,0.2504,32.18,32.8,pt-price-st-2025-5-28.xlsx
2025-05-28,gh95,GASOHOL95 E10,16.4277,,6.75,0.675,3.0,0.05,26.9027,1.8832,28.7859,3.5179,0.2462,32.55,32.8,pt-price-st-2025-5-28.xlsx
2025-05-28,gl95,ULG95,16.2702,,7.5,0.75,9.8,0.05,34.3702,2.4059,36.7761,3.798,0.2659,40.84,32.8,pt-price-st-2025-5-28.xlsx
2025-05-28,lpg,LPG (BAHT/KILOGRAM),21.0527,,2.17,0.217,-2.5218,0.0,20.9179,1.4643,22.3822,3.2566,0.228,25.8668,32.8,pt-price-st-2025-5-28.xlsx
2025-05-29,ds,H-DIESEL,17.302,,6.92,0.692,2.9,0.05,27.864,1.9505,29.8145,1.9864,0.1391,31.94,32.8694,pt-price-st-2025-5-29.xlsx
2025-05-29,e20,GASOHOL95 E20,16.3467,,6.0,0.6,1.8,0.05,24.7967,1.7358,26.5325,3.5584,0.2491,30.34,32.8694,pt-price-st-2025-5-29.xlsx
2025-05-29,e85,GASOHOL95 E85,18.4369,,1.125,0.1125,3.6,0.05,23.3244,1.6327,24.9571,3.4887,0.2442,28.69,32.8694,pt-price-st-2025-5-29.xlsx
2025-05-29,fo1500,FO 1500 (2) 2%S,14.1192,,0.64,0.064,0.06,0.05,14.9332,1.0453,15.9785,,,,32.8694,pt-price-st-2025-5-29.xlsx
2025-05-29,fo600,FO 600 (1) 2%S,14.4499,,0.64,0.064,0.06,0.05,15.2639,1.0685,16.3324,,,,32.8694,pt-price-st-2025-5-29.xlsx
2025-05-29,gh91,GASOHOL91,15.9734,,6.75,0.675,3.0,0.05,26.4484,1.8514,28.2998,3.6264,0.2538,32.18,32.8694,pt-price-st-2025-5-29.xlsx
2025-05-29,gh95,GASOHOL95 E10,16.3795,,6.75,0.675,3.0,0.05,26.8545,1.8798,28.7343,3.5661,0.2496,32.55,32.8694,pt-price-st-2025-5-29.xlsx
2025-05-29,gl95,ULG95,16.2289,,7.5,0.75,9.8,0.05,34.3289,2.403,36.7319,3.8393,0.2688,40.84,32.8694,pt-price-st-2025-5-29.xlsx
2025-05-29,lpg,LPG (BAHT/KILOGRAM),21.0527,,2.17,0.217,-2.5218,0.0,20.9179,1.4643,22.3822,3.2566,0.228,25.8668,32.8694,pt-price-st-2025-5-29.xlsx
2025-05-30,ds,H-DIESEL,17.5569,,6.92,0.692,2.9,0.05,28.1189,1.9683,30.0872,1.7316,0.1212,31.94,32.9619,pt-price-st-2025-5-30.xlsx
2025-05-30,e20,GASOHOL95 E20,16.4564,,6.0,0.6,1.8,0.05,24.9064,1.7434,26.6498,3.4488,0.2414,30.34,32.9619,pt-price-st-2025-5-30.xlsx
2025-05-30,e85,GASOHOL95 E85,18.4707,,1.125,0.1125,3.6,0.05,23.3583,1.6351,24.9934,3.4548,0.2418,28.69,32.9619,pt-price-st-2025-5-30.xlsx
2025-05-30,fo1500,FO 1500 (2) 2%S,14.3744,,0.64,0.064,0.06,0.05,15.1884,1.0632,16.2516,,,,32.9619,pt-price-st-2025-5-30.xlsx
2025-05-30,fo600,FO 600 (1) 2%S,14.7069,,0.64,0.064,0.06,0.05,15.5209,1.0865,16.6074,,,,32.9619,pt-price-st-2025-5-30.xlsx
2025-05-30,gh91,GASOHOL91,16.0967,,6.75,0.675,3.0,0.05,26.5717,1.86,28.4317,3.5031,0.2452,32.18,32.9619,pt-price-st-2025-5-30.xlsx
2025-05-30,gh95,GASOHOL95 E10,16.5039,,6.75,0.675,3.0,0.05,26.9789,1.8885,28.8674,3.4417,0.2409,32.55,32.9619,pt-price-st-2025-5-30.xlsx
2025-05-30,gl95,ULG95,16.3723,,7.5,0.75,9.8,0.05,34.4723,2.4131,36.8854,3.6959,0.2587,40.84,32.9619,pt-price-st-2025-5-30.xlsx
2025-05-30,lpg,LPG (BAHT/KILOGRAM),21.0527,,2.17,0.217,-2.5218,0.0,20.9179,1.4643,22.3822,3.2566,0.228,25.8668,32.9619,pt-price-st-2025-5-30.xlsx
2025-06-04,ds,H-DIESEL,17.4712,,6.92,0.692,2.9,0.05,28.0332,1.9623,29.9955,1.8173,0.1272,31.94,32.7481,pt-price-st-2025-6-04.xlsx
2025-06-04,e20,GASOHOL95 E20,16.3708,,6.0,0.6,1.8,0.05,24.8208,1.7375,26.5583,3.5343,0.2474,30.34,32.7481,pt-price-st-2025-6-04.xlsx
2025-06-04,e85,GASOHOL95 E85,18.4581,,1.125,0.1125,3.6,0.05,23.3457,1.6342,24.9799,3.4674,0.2427,28.69,32.7481,pt-price-st-2025-6-04.xlsx
2025-06-04,fo1500,FO 1500 (2) 2%S,13.8096,,0.64,0.064,0.06,0.05,14.6236,1.0237,15.6473,,,,32.7481,pt-price-st-2025-6-04.xlsx
2025-06-04,fo600,FO 600 (1) 2%S,14.2199,,0.64,0.064,0.06,0.05,15.0339,1.0524,16.0863,,,,32.7481,pt-price-st-2025-6-04.xlsx
2025-06-04,gh91,GASOHOL91,15.9981,,6.75,0.675,3.0,0.05,26.4731,1.8531,28.3262,3.6017,0.2521,32.18,32.7481,pt-price-st-2025-6-04.xlsx
2025-06-04,gh95,GASOHOL95 E10,16.4027,,6.75,0.675,3.0,0.05,26.8777,1.8814,28.7591,3.5429,0.248,32.55,32.7481,pt-price-st-2025-6-04.xlsx
2025-06-04,gl95,ULG95,16.3611,,7.5,0.75,9.8,0.05,34.4611,2.4123,36.8734,3.7071,0.2595,40.84,32.7481,pt-price-st-2025-6-04.xlsx
2025-06-04,lpg,LPG (BAHT/KILOGRAM),21.0527,,2.17,0.217,-2.5218,0.0,20.9179,1.4643,22.3822,3.2566,0.228,25.8668,32.7481,pt-price-st-2025-6-04.xlsx
2025-06-05,ds,H-DIESEL,17.6444,,6.92,0.692,2.9,0.05,28.2064,1.9744,30.1808,1.6441,0.1151,31.94,32.8033,pt-price-st-2025-6-05.xlsx
2025-06-05,e20,GASOHOL95 E20,16.4572,,6.0,0.6,1.8,0.05,24.9072,1.7435,26.6507,3.4479,0.2414,30.34,32.8033,pt-price-st-2025-6-05.xlsx
2025-06-05,e85,GASOHOL95 E85,18.4848,,1.125,0.1125,3.6,0.05,23.3723,1.6361,25.0084,3.4407,0.2409,28.69,32.8033,pt-price-st-2025-6-05.xlsx
2025-06-05,fo1500,FO 1500 (2) 2%S,14.1453,,0.64,0.064,0.06,0.05,14.9593,1.0472,16.0065,,,,32.8033,pt-price-st-2025-6-05.xlsx
2025-06-05,fo600,FO 600 (1) 2%S,14.5304,,0.64,0.064,0.06,0.05,15.3444,1.0741,16.4185,,,,32.8033,pt-price-st-2025-6-05.xlsx
2025-06-05,gh91,GASOHOL91,16.0952,,6.75,0.675,3.0,0.05,26.5702,1.8599,28.4301,3.5046,0.2453,32.18,32.8033,pt-price-st-2025-6-05.xlsx
2025-06-05,gh95,GASOHOL95 E10,16.5004,,6.75,0.675,3.0,0.05,26.9754,1.8883,28.8637,3.4451,0.2412,32.55,32.8033,pt-price-st-2025-6-05.xlsx
2025-06-05,gl95,ULG95,16.469,,7.5,0.75,9.8,0.05,34.569,2.4198,36.9888,3.5993,0.2519,40.84,32.8033,pt-price-st-2025-6-05.xlsx
2025-06-05,lpg,LPG (BAHT/KILOGRAM),21.0527,,2.17,0.217,-2.5218,0.0,20.9179,1.4643,22.3822,3.2566,0.228,25.8668,32.8033,pt-price-st-2025-6-05.xlsx
2025-06-06,ds,H-DIESEL,17.5667,,6.92,0.692,2.9,0.05,28.1287,1.969,30.0977,1.7218,0.1205,31.94,32.7266,pt-price-st-2025-6-06.xlsx
2025-06-06,e20,GASOHOL95 E20,16.3357,,6.0,0.6,1.8,0.05,24.7857,1.735,26.5207,3.5694,0.2499,30.34,32.7266,pt-price-st-2025-6-06.xlsx
2025-06-06,e85,GASOHOL95 E85,18.4473,,1.125,0.1125,3.6,0.05,23.3348,1.6334,24.9682,3.4783,0.2435,28.69,32.7266,pt-price-st-2025-6-06.xlsx
2025-06-06,fo1500,FO 1500 (2) 2%S,14.2507,,0.64,0.064,0.06,0.05,15.0647,1.0545,16.1192,,,,32.7266,pt-price-st-2025-6-06.xlsx
2025-06-06,fo600,FO 600 (1) 2%S,14.6049,,0.64,0.064,0.06,0.05,15.4189,1.0793,16.4982,,,,32.7266,pt-price-st-2025-6-06.xlsx
2025-06-06,gh91,GASOHOL91,15.9587,,6.75,0.675,3.0,0.05,26.4337,1.8504,28.2841,3.641,0.2549,32.18,32.7266,pt-price-st-2025-6-06.xlsx
2025-06-06,gh95,GASOHOL95 E10,16.363,,6.75,0.675,3.0,0.05,26.838,1.8787,28.7167,3.5825,0.2508,32.55,32.7266,pt-price-st-2025-6-06.xlsx
2025-06-06,gl95,ULG95,16.3173,,7.5,0.75,9.8,0.05,34.4173,2.4092,36.8265,3.7509,0.2626,40.84,32.7266,pt-price-st-2025-6-06.xlsx
2025-06-06,lpg,LPG (BAHT/KILOGRAM),21.0527,,2.17,0.217,-2.5218,0.0,20.9179,1.4643,22.3822,3.2566,0.228,25.8668,32.7266,pt-price-st-2025-6-06.xlsx
2025-06-09,ds,H-DIESEL,17.6195,,6.92,0.692,2.9,0.05,28.1815,1.9727,30.1542,1.669,0.1168,31.94,32.7914,pt-price-st-2025-6-09.xlsx
2025-06-09,e20,GASOHOL95 E20,16.3455,,6.0,0.6,1.8,0.05,24.7955,1.7357,26.5312,3.5596,0.2492,30.34,32.7914,pt-price-st-2025-6-09.xlsx
2025-06-09,e85,GASOHOL95 E85,18.4504,,1.125,0.1125,3.6,0.05,23.3379,1.6337,24.9716,3.4751,0.2433,28.69,32.7914,pt-price-st-2025-6-09.xlsx
2025-06-09,fo1500,FO 1500 (2) 2%S,14.2129,,0.64,0.064,0.06,0.05,15.0269,1.0519,16.0788,,,,32.7914,pt-price-st-2025-6-09.xlsx
2025-06-09,fo600,FO 600 (1) 2%S,14.5825,,0.64,0.064,0.06,0.05,15.3965,1.0778,16.4743,,,,32.7914,pt-price-st-2025-6-09.xlsx
2025-06-09,gh91,GASOHOL91,15.9697,,6.75,0.675,3.0,0.05,26.4447,1.8511,28.2958,3.6301,0.2541,32.18,32.7914,pt-price-st-2025-6-09.xlsx
2025-06-09,gh95,GASOHOL95 E10,16.3747,,6.75,0.675,3.0,0.05,26.8497,1.8795,28.7292,3.5708,0.25,32.55,32.7914,pt-price-st-2025-6-09.xlsx
2025-06-09,gl95,ULG95,16.3307,,7.5,0.75,9.8,0.05,34.4307,2.4101,36.8408,3.7376,0.2616,40.84,32.7914,pt-price-st-2025-6-09.xlsx
2025-06-09,lpg,LPG (BAHT/KILOGRAM),21.0527,,2.17,0.217,-2.5218,0.0,20.9179,1.4643,22.3822,3.2566,0.228,25.8668,32.7914,pt-price-st-2025-6-09.xlsx
2025-06-10,ds,H-DIESEL,17.8687,,6.92,0.692,2.9,0.05,28.4307,1.9901,30.4208,1.4198,0.0994,31.94,32.8705,pt-price-st-2025-6-10.xlsx
2025-06-10,e20,GASOHOL95 E20,16.5365,,6.0,0.6,1.8,0.05,24.9865,1.7491,26.7356,3.3686,0.2358,30.34,32.8705,pt-price-st-2025-6-10.xlsx
2025-06-10,e85,GASOHOL95 E85,18.5093,,1.125,0.1125,3.6,0.05,23.3968,1.6378,25.0346,3.4163,0.2391,28.69,32.8705,pt-price-st-2025-6-10.xlsx
2025-06-10,fo1500,FO 1500 (2) 2%S,14.2963,,0.64,0.064,0.06,0.05,15.1103,1.0577,16.168,,,,32.8705,pt-price-st-2025-6-10.xlsx
2025-06-10,fo600,FO 600 (1) 2%S,14.6944,,0.64,0.064,0.06,0.05,15.5084,1.0856,16.594,,,,32.8705,pt-price-st-2025-6-10.xlsx
2025-06-10,gh91,GASOHOL91,16.1843,,6.75,0.675,3.0,0.05,26.6593,1.8662,28.5255,3.4154,0.2391,32.18,32.8705,pt-price-st-2025-6-10.xlsx
2025-06-10,gh95,GASOHOL95 E10,16.5903,,6.75,0.675,3.0,0.05,27.0653,1.8946,28.9599,3.3552,0.2349,32.55,32.8705,pt-price-st-2025-6-10.xlsx
2025-06-10,gl95,ULG95,16.567,,7.5,0.75,9.8,0.05,34.667,2.4267,37.0937,3.5012,0.2451,40.84,32.8705,pt-price-st-2025-6-10.xlsx
2025-06-10,lpg,LPG (BAHT/KILOGRAM),20.747,,2.17,0.217,-2.2161,0.0,20.9179,1.4643,22.3822,3.2566,0.228,25.8668,32.8705,pt-price-st-2025-6-10.xlsx
2025-06-11,ds,H-DIESEL,17.9964,,6.92,0.692,2.4,0.05,28.0584,1.9641,30.0225,1.7921,0.1254,31.94,32.8577,pt-price-st-2025-6-11.xlsx
2025-06-11,e20,GASOHOL95 E20,16.745,,6.0,0.6,1.8,0.05,25.195,1.7637,26.9587,3.1601,0.2212,30.34,32.8577,pt-price-st-2025-6-11.xlsx
2025-06-11,e85,GASOHOL95 E85,18.5737,,1.125,0.1125,3.6,0.05,23.4612,1.6423,25.1035,3.3519,0.2346,28.69,32.8577,pt-price-st-2025-6-11.xlsx
2025-06-11,fo1500,FO 1500 (2) 2%S,14.5,,0.64,0.064,0.06,0.05,15.314,1.072,16.386,,,,32.8577,pt-price-st-2025-6-11.xlsx
2025-06-11,fo600,FO 600 (1) 2%S,14.8867,,0.64,0.064,0.06,0.05,15.7007,1.099,16.7997,,,,32.8577,pt-price-st-2025-6-11.xlsx
2025-06-11,gh91,GASOHOL91,16.4185,,6.75,0.675,3.0,0.05,26.8935,1.8825,28.776,3.1813,0.2227,32.18,32.8577,pt-price-st-2025-6-11.xlsx
2025-06-11,gh95,GASOHOL95 E10,16.8243,,6.75,0.675,3.0,0.05,27.2993,1.911,29.2103,3.1212,0.2185,32.55,32.8577,pt-price-st-2025-6-11.xlsx
2025-06-11,gl95,ULG95,16.8303,,7.5,0.75,9.8,0.05,34.9303,2.4451,37.3754,3.2379,0.2267,40.84,32.8577,pt-price-st-2025-6-11.xlsx
2025-06-11,lpg,LPG (BAHT/KILOGRAM),20.747,,2.17,0.217,-2.2161,0.0,20.9179,1.4643,22.3822,3.2566,0.228,25.8668,32.8577,pt-price-st-2025-6-11.xlsx
2025-06-12,ds,H-DIESEL,17.9583,,6.92,0.692,2.4,0.05,28.0203,1.9614,29.9817,1.8302,0.1281,31.94,32.7885,pt-price-st-2025-6-12.xlsx
2025-06-12,e20,GASOHOL95 E20,16.759,,6.0,0.6,1.8,0.05,25.209,1.7646,26.9736,3.1462,0.2202,30.34,32.7885,pt-price-st-2025-6-12.xlsx
2025-06-12,e85,GASOHOL95 E85,18.578,,1.125,0.1125,3.6,0.05,23.4655,1.6426,25.1081,3.3476,0.2343,28.69,32.7885,pt-price-st-2025-6-12.xlsx
2025-06-12,fo1500,FO 1500 (2) 2%S,14.4185,,0.64,0.064,0.06,0.05,15.2325,1.0663,16.2988,,,,32.7885,pt-price-st-2025-6-12.xlsx
2025-06-12,fo600,FO 600 (1) 2%S,14.812,,0.64,0.064,0.06,0.05,15.626,1.0938,16.7198,,,,32.7885,pt-price-st-2025-6-12.xlsx
2025-06-12,gh91,GASOHOL91,16.4342,,6.75,0.675,3.0,0.05,26.9092,1.8836,28.7928,3.1656,0.2216,32.18,32.7885,pt-price-st-2025-6-12.xlsx
2025-06-12,gh95,GASOHOL95 E10,16.8393,,6.75,0.675,3.0,0.05,27.3143,1.912,29.2263,3.1063,0.2174,32.55,32.7885,pt-price-st-2025-6-12.xlsx
2025-06-12,gl95,ULG95,16.8887,,7.5,0.75,9.8,0.05,34.9887,2.4492,37.4379,3.1795,0.2226,40.84,32.7885,pt-price-st-2025-6-12.xlsx
2025-06-12,lpg,LPG (BAHT/KILOGRAM),20.747,,2.17,0.217,-2.2161,0.0,20.9179,1.4643,22.3822,3.2566,0.228,25.8668,32.7885,pt-price-st-2025-6-12.xlsx
2025-06-13,ds,H-DIESEL,18.1511,,6.92,0.692,2.4,0.05,28.2131,1.9749,30.188,1.6374,0.1146,31.94,32.6544,pt-price-st-2025-6-13.xlsx
2025-06-13,e20,GASOHOL95 E20,16.8764,,6.0,0.6,1.8,0.05,25.3264,1.7728,27.0992,3.4026,0.2382,30.74,32.6544,pt-price-st-2025-6-13.xlsx
2025-06-13,e85,GASOHOL95 E85,18.6142,,1.125,0.1125,3.6,0.05,23.5017,1.6451,25.1468,3.6852,0.258,29.09,32.6544,pt-price-st-2025-6-13.xlsx
2025-06-13,fo1500,FO 1500 (2) 2%S,14.6075,,0.64,0.064,0.06,0.05,15.4215,1.0795,16.501,,,,32.6544,pt-price-st-2025-6-13.xlsx
2025-06-13,fo600,FO 600 (1) 2%S,15.0036,,0.64,0.064,0.06,0.05,15.8176,1.1072,16.9248,,,,32.6544,pt-price-st-2025-6-13.xlsx
2025-06-13,gh91,GASOHOL91,16.5661,,6.75,0.675,3.0,0.05,27.0411,1.8929,28.934,3.4075,0.2385,32.58,32.6544,pt-price-st-2025-6-13.xlsx
2025-06-13,gh95,GASOHOL95 E10,16.9694,,6.75,0.675,3.0,0.05,27.4444,1.9211,29.3655,3.35,0.2345,32.95,32.6544,pt-price-st-2025-6-13.xlsx
2025-06-13,gl95,ULG95,17.046,,7.5,0.75,9.8,0.05,35.146,2.4602,37.6062,3.3961,0.2377,41.24,32.6544,pt-price-st-2025-6-13.xlsx
2025-06-13,lpg,LPG (BAHT/KILOGRAM),20.747,,2.17,0.217,-2.2161,0.0,20.9179,1.4643,22.3822,3.2566,0.228,25.8668,32.6544,pt-price-st-2025-6-13.xlsx
2025-06-16,ds,H-DIESEL,18.7381,,6.92,0.692,2.4,0.05,28.8001,2.016,30.8161,1.0504,0.0735,31.94,32.5999,pt-price-st-2025-6-16.xlsx
2025-06-16,e20,GASOHOL95 E20,17.3491,,6.0,0.6,1.8,0.05,25.7991,1.8059,27.605,2.9299,0.2051,30.74,32.5999,pt-price-st-2025-6-16.xlsx
2025-06-16,e85,GASOHOL95 E85,18.7601,,1.125,0.1125,3.6,0.05,23.6476,1.6553,25.3029,3.5393,0.2478,29.09,32.5999,pt-price-st-2025-6-16.xlsx
2025-06-16,fo1500,FO 1500 (2) 2%S,15.2595,,0.64,0.064,0.06,0.05,16.0735,1.1251,17.1986,,,,32.5999,pt-price-st-2025-6-16.xlsx
2025-06-16,fo600,FO 600 (1) 2%S,15.65,,0.64,0.064,0.06,0.05,16.464,1.1525,17.6165,,,,32.5999,pt-price-st-2025-6-16.xlsx
2025-06-16,gh91,GASOHOL91,17.0972,,6.75,0.675,3.0,0.05,27.5722,1.9301,29.5023,2.8764,0.2013,32.58,32.5999,pt-price-st-2025-6-16.xlsx
2025-06-16,gh95,GASOHOL95 E10,17.4999,,6.75,0.675,3.0,0.05,27.9749,1.9582,29.9331,2.8195,0.1974,32.95,32.5999,pt-price-st-2025-6-16.xlsx
2025-06-16,gl95,ULG95,17.6253,,7.5,0.75,9.8,0.05,35.7253,2.5008,38.2261,2.8167,0.1972,41.24,32.5999,pt-price-st-2025-6-16.xlsx
2025-06-16,lpg,LPG (BAHT/KILOGRAM),20.747,,2.17,0.217,-2.2161,0.0,20.9179,1.4643,22.3822,3.2566,0.228,25.8668,32.5999,pt-price-st-2025-6-16.xlsx
2025-06-17,ds,H-DIESEL,19.2863,,6.92,0.692,1.5,0.05,28.4483,1.9914,30.4397,1.4021,0.0982,31.94,32.6299,pt-price-st-2025-6-17.xlsx
2025-06-17,e20,GASOHOL95 E20,17.5194,,6.0,0.6,1.3,0.05,25.4694,1.7829,27.2523,3.2595,0.2282,30.74,32.6299,pt-price-st-2025-6-17.xlsx
2025-06-17,e85,GASOHOL95 E85,18.8127,,1.125,0.1125,3.6,0.05,23.7002,1.659,25.3592,3.4867,0.2441,29.09,32.6299,pt-price-st-2025-6-17.xlsx
2025-06-17,fo1500,FO 1500 (2) 2%S,15.742,,0.64,0.064,0.06,0.05,16.556,1.1589,17.7149,,,,32.6299,pt-price-st-2025-6-17.xlsx
2025-06-17,fo600,FO 600 (1) 2%S,16.1474,,0.64,0.064,0.06,0.05,16.9614,1.1873,18.1487,,,,32.6299,pt-price-st-2025-6-17.xlsx
2025-06-17,gh91,GASOHOL91,17.2884,,6.75,0.675,2.4,0.05,27.1634,1.9014,29.0648,3.2852,0.23,32.58,32.6299,pt-price-st-2025-6-17.xlsx
2025-06-17,gh95,GASOHOL95 E10,17.6915,,6.75,0.675,2.4,0.05,27.5665,1.9297,29.4962,3.2279,0.2259,32.95,32.6299,pt-price-st-2025-6-17.xlsx
2025-06-17,gl95,ULG95,17.849,,7.5,0.75,9.2,0.05,35.349,2.4744,37.8234,3.1931,0.2235,41.24,32.6299,pt-price-st-2025-6-17.xlsx
2025-06-17,lpg,LPG (BAHT/KILOGRAM),20.747,,2.17,0.217,-2.2161,0.0,20.9179,1.4643,22.3822,3.2566,0.228,25.8668,32.6299,pt-price-st-2025-6-17.xlsx
2025-06-18,ds,H-DIESEL,19.5739,,6.92,0.692,1.0,0.05,28.2359,1.9765,30.2124,1.6146,0.113,31.94,32.6591,pt-price-st-2025-6-18.xlsx
2025-06-18,e20,GASOHOL95 E20,17.6091,,6.0,0.6,1.3,0.05,25.5591,1.7891,27.3482,3.1699,0.2219,30.74,32.6591,pt-price-st-2025-6-18.xlsx
2025-06-18,e85,GASOHOL95 E85,18.8403,,1.125,0.1125,3.6,0.05,23.7278,1.6609,25.3887,3.4592,0.2421,29.09,32.6591,pt-price-st-2025-6-18.xlsx
2025-06-18,fo1500,FO 1500 (2) 2%S,15.8984,,0.64,0.064,0.06,0.05,16.7124,1.1699,17.8823,,,,32.6591,pt-price-st-2025-6-18.xlsx
2025-06-18,fo600,FO 600 (1) 2%S,16.3273,,0.64,0.064,0.06,0.05,17.1413,1.1999,18.3412,,,,32.6591,pt-price-st-2025-6-18.xlsx
2025-06-18,gh91,GASOHOL91,17.3892,,6.75,0.675,2.4,0.05,27.2642,1.9085,29.1727,3.1844,0.2229,32.58,32.6591,pt-price-st-2025-6-18.xlsx
2025-06-18,gh95,GASOHOL95 E10,17.7926,,6.75,0.675,2.4,0.05,27.6676,1.9367,29.6043,3.1268,0.2189,32.95,32.6591,pt-price-st-2025-6-18.xlsx
2025-06-18,gl95,ULG95,17.9362,,7.5,0.75,9.2,0.05,35.4362,2.4805,37.9167,3.1059,0.2174,41.24,32.6591,pt-price-st-2025-6-18.xlsx
2025-06-18,lpg,LPG (BAHT/KILOGRAM),20.747,,2.17,0.217,-2.2161,0.0,20.9179,1.4643,22.3822,3.2566,0.228,25.8668,32.6591,pt-price-st-2025-6-18.xlsx
2025-06-19,ds,H-DIESEL,20.0612,,6.92,0.692,1.0,0.05,28.7232,2.0106,30.7338,1.1273,0.0789,31.94,32.7588,pt-price-st-2025-6-19.xlsx
2025-06-19,e20,GASOHOL95 E20,17.8835,,6.0,0.6,1.3,0.05,25.8335,1.8083,27.6418,2.8955,0.2027,30.74,32.7588,pt-price-st-2025-6-19.xlsx
2025-06-19,e85,GASOHOL95 E85,18.925,,1.125,0.1125,3.6,0.05,23.8125,1.6669,25.4794,3.3744,0.2362,29.09,32.7588,pt-price-st-2025-6-19.xlsx
2025-06-19,fo1500,FO 1500 (2) 2%S,15.9932,,0.64,0.064,0.06,0.05,16.8072,1.1765,17.9837,,,,32.7588,pt-price-st-2025-6-19.xlsx
2025-06-19,fo600,FO 600 (1) 2%S,16.4896,,0.64,0.064,0.06,0.05,17.3036,1.2113,18.5149,,,,32.7588,pt-price-st-2025-6-19.xlsx
2025-06-19,gh91,GASOHOL91,17.6975,,6.75,0.675,2.4,0.05,27.5725,1.9301,29.5026,2.8761,0.2013,32.58,32.7588,pt-price-st-2025-6-19.xlsx
2025-06-19,gh95,GASOHOL95 E10,18.1022,,6.75,0.675,2.4,0.05,27.9772,1.9584,29.9356,2.8172,0.1972,32.95,32.7588,pt-price-st-2025-6-19.xlsx
2025-06-19,gl95,ULG95,18.2619,,7.5,0.75,9.2,0.05,35.7619,2.5033,38.2652,2.7802,0.1946,41.24,32.7588,pt-price-st-2025-6-19.xlsx
2025-06-19,lpg,LPG (BAHT/KILOGRAM),20.747,,2.17,0.217,-2.2161,0.0,20.9179,1.4643,22.3822,3.2566,0.228,25.8668,32.7588,pt-price-st-2025-6-19.xlsx
2025-06-20,ds,H-DIESEL,20.8056,,6.92,0.692,0.3,0.05,28.7676,2.0137,30.7813,1.0829,0.0758,31.94,32.9355,pt-price-st-2025-6-20.xlsx
2025-06-20,e20,GASOHOL95 E20,18.1735,,6.0,0.6,1.3,0.05,26.1235,1.8286,27.9521,2.8859,0.202,31.04,32.9355,pt-price-st-2025-6-20.xlsx
2025-06-20,e85,GASOHOL95 E85,19.0145,,1.125,0.1125,3.6,0.05,23.9021,1.6731,25.5752,3.5652,0.2496,29.39,32.9355,pt-price-st-2025-6-20.xlsx
2025-06-20,fo1500,FO 1500 (2) 2%S,16.1341,,0.64,0.064,0.06,0.05,16.9481,1.1864,18.1345,,,,32.9355,pt-price-st-2025-6-20.xlsx
2025-06-20,fo600,FO 600 (1) 2%S,16.7355,,0.64,0.064,0.06,0.05,17.5495,1.2285,18.778,,,,32.9355,pt-price-st-2025-6-20.xlsx
2025-06-20,gh91,GASOHOL91,18.0234,,6.75,0.675,2.4,0.05,27.8984,1.9529,29.8513,2.8306,0.1981,32.88,32.9355,pt-price-st-2025-6-20.xlsx
2025-06-20,gh95,GASOHOL95 E10,18.4302,,6.75,0.675,2.4,0.05,28.3052,1.9814,30.2866,2.7695,0.1939,33.25,32.9355,pt-price-st-2025-6-20.xlsx
2025-06-20,gl95,ULG95,18.6349,,7.5,0.75,9.2,0.05,36.1349,2.5294,38.6643,2.6876,0.1881,41.54,32.9355,pt-price-st-2025-6-20.xlsx
2025-06-20,lpg,LPG (BAHT/KILOGRAM),20.747,,2.17,0.217,-2.2161,0.0,20.9179,1.4643,22.3822,3.2566,0.228,25.8668,32.9355,pt-price-st-2025-6-20.xlsx
2025-06-23,ds,H-DIESEL,21.0204,,6.92,0.692,-0.35,0.05,28.3324,1.9833,30.3157,1.518,0.1063,31.94,32.9472,pt-price-st-2025-6-23.xlsx
2025-06-23,e20,GASOHOL95 E20,18.3812,,6.0,0.6,1.3,0.05,26.3312,1.8432,28.1744,2.6781,0.1875,31.04,32.9472,pt-price-st-2025-6-23.xlsx
2025-06-23,e85,GASOHOL95 E85,19.0786,,1.125,0.1125,3.6,0.05,23.9662,1.6776,25.6438,3.5011,0.2451,29.39,32.9472,pt-price-st-2025-6-23.xlsx
2025-06-23,fo1500,FO 1500 (2) 2%S,16.0619,,0.64,0.064,0.06,0.05,16.8759,1.1813,18.0572,,,,32.9472,pt-price-st-2025-6-23.xlsx
2025-06-23,fo600,FO 600 (1) 2%S,16.7107,,0.64,0.064,0.06,0.05,17.5247,1.2267,18.7514,,,,32.9472,pt-price-st-2025-6-23.xlsx
2025-06-23,gh91,GASOHOL91,18.2567,,6.75,0.675,2.4,0.05,28.1317,1.9692,30.1009,2.5973,0.1818,32.88,32.9472,pt-price-st-2025-6-23.xlsx
2025-06-23,gh95,GASOHOL95 E10,18.6636,,6.75,0.675,2.4,0.05,28.5386,1.9977,30.5363,2.5362,0.1775,33.25,32.9472,pt-price-st-2025-6-23.xlsx
2025-06-23,gl95,ULG95,18.8754,,7.5,0.75,9.2,0.05,36.3754,2.5463,38.9217,2.447,0.1713,41.54,32.9472,pt-price-st-2025-6-23.xlsx
2025-06-23,lpg,LPG (BAHT/KILOGRAM),20.747,,2.17,0.217,-2.2161,0.0,20.9179,1.4643,22.3822,3.2566,0.228,25.8668,32.9472,pt-price-st-2025-6-23.xlsx
2025-06-24,ds,H-DIESEL,20.7081,,6.92,0.692,-0.65,0.05,27.7201,1.9404,29.6605,2.1304,0.1491,31.94,33.1316,pt-price-st-2025-6-24.xlsx
2025-06-24,e20,GASOHOL95 E20,18.4651,,6.0,0.6,1.3,0.05,26.4151,1.8491,28.2642,2.968,0.2078,31.44,33.1316,pt-price-st-2025-6-24.xlsx
2025-06-24,e85,GASOHOL95 E85,19.1045,,1.125,0.1125,3.6,0.05,23.9921,1.6794,25.6715,3.8491,0.2694,29.79,33.1316,pt-price-st-2025-6-24.xlsx
2025-06-24,fo1500,FO 1500 (2) 2%S,15.9786,,0.64,0.064,0.06,0.05,16.7926,1.1755,17.9681,,,,33.1316,pt-price-st-2025-6-24.xlsx
2025-06-24,fo600,FO 600 (1) 2%S,16.5873,,0.64,0.064,0.06,0.05,17.4013,1.2181,18.6194,,,,33.1316,pt-price-st-2025-6-24.xlsx
2025-06-24,gh91,GASOHOL91,18.351,,6.75,0.675,2.4,0.05,28.226,1.9758,30.2018,2.8768,0.2014,33.28,33.1316,pt-price-st-2025-6-24.xlsx
2025-06-24,gh95,GASOHOL95 E10,18.7602,,6.75,0.675,2.4,0.05,28.6352,2.0045,30.6397,2.8134,0.1969,33.65,33.1316,pt-price-st-2025-6-24.xlsx
2025-06-24,gl95,ULG95,18.9845,,7.5,0.75,9.2,0.05,36.4845,2.5539,39.0384,2.7118,0.1898,41.94,33.1316,pt-price-st-2025-6-24.xlsx
2025-06-24,lpg,LPG (BAHT/KILOGRAM),20.3416,,2.17,0.217,-1.8107,0.0,20.9179,1.4643,22.3822,3.2566,0.228,25.8668,33.1316,pt-price-st-2025-6-24.xlsx
2025-06-25,ds,H-DIESEL,19.3621,,6.92,0.692,-0.65,0.05,26.3741,1.8462,28.2203,3.4764,0.2433,31.94,32.912,pt-price-st-2025-6-25.xlsx
2025-06-25,e20,GASOHOL95 E20,17.5737,,6.0,0.6,1.3,0.05,25.5237,1.7867,27.3104,3.8594,0.2702,31.44,32.912,pt-price-st-2025-6-25.xlsx
2025-06-25,e85,GASOHOL95 E85,18.8294,,1.125,0.1125,3.6,0.05,23.7169,1.6602,25.3771,4.1242,0.2887,29.79,32.912,pt-price-st-2025-6-25.xlsx
2025-06-25,fo1500,FO 1500 (2) 2%S,14.8156,,0.64,0.064,0.06,0.05,15.6296,1.0941,16.7237,,,,32.912,pt-price-st-2025-6-25.xlsx
2025-06-25,fo600,FO 600 (1) 2%S,15.3826,,0.64,0.064,0.06,0.05,16.1966,1.1338,17.3304,,,,32.912,pt-price-st-2025-6-25.xlsx
2025-06-25,gh91,GASOHOL91,17.3495,,6.75,0.675,2.4,0.05,27.2245,1.9057,29.1302,3.8783,0.2715,33.28,32.912,pt-price-st-2025-6-25.xlsx
2025-06-25,gh95,GASOHOL95 E10,17.7561,,6.75,0.675,2.4,0.05,27.6311,1.9342,29.5653,3.8175,0.2672,33.65,32.912,pt-price-st-2025-6-25.xlsx
2025-06-25,gl95,ULG95,17.9119,,7.5,0.75,9.2,0.05,35.4119,2.4788,37.8907,3.7844,0.2649,41.94,32.912,pt-price-st-2025-6-25.xlsx
2025-06-25,lpg,LPG (BAHT/KILOGRAM),20.3416,,2.17,0.217,-1.8107,0.0,20.9179,1.4643,22.3822,3.2566,0.228,25.8668,32.912,pt-price-st-2025-6-25.xlsx
2025-06-26,ds,H-DIESEL,18.8916,,6.92,0.692,0.85,0.05,27.4036,1.9183,29.3219,2.4468,0.1713,31.94,32.7685,pt-price-st-2025-6-26.xlsx
2025-06-26,e20,GASOHOL95 E20,16.9662,,6.0,0.6,1.3,0.05,24.9162,1.7441,26.6603,3.9997,0.28,30.94,32.7685,pt-price-st-2025-6-26.xlsx
2025-06-26,e85,GASOHOL95 E85,18.6419,,1.125,0.1125,3.6,0.05,23.5294,1.6471,25.1765,3.8444,0.2691,29.29,32.7685,pt-price-st-2025-6-26.xlsx
2025-06-26,fo1500,FO 1500 (2) 2%S,14.099,,0.64,0.064,0.06,0.05,14.913,1.0439,15.9569,,,,32.7685,pt-price-st-2025-6-26.xlsx
2025-06-26,fo600,FO 600 (1) 2%S,14.7022,,0.64,0.064,0.06,0.05,15.5162,1.0861,16.6023,,,,32.7685,pt-price-st-2025-6-26.xlsx
2025-06-26,gh91,GASOHOL91,16.6669,,6.75,0.675,2.4,0.05,26.5419,1.8579,28.3998,4.0936,0.2866,32.78,32.7685,pt-price-st-2025-6-26.xlsx
2025-06-26,gh95,GASOHOL95 E10,17.0717,,6.75,0.675,2.4,0.05,26.9467,1.8863,28.833,4.0346,0.2824,33.15,32.7685,pt-price-st-2025-6-26.xlsx
2025-06-26,gl95,ULG95,17.1852,,7.5,0.75,9.2,0.05,34.6852,2.428,37.1132,4.0437,0.2831,41.44,32.7685,pt-price-st-2025-6-26.xlsx
2025-06-26,lpg,LPG (BAHT/KILOGRAM),20.3416,,2.17,0.217,-1.8107,0.0,20.9179,1.4643,22.3822,4.2566,0.298,26.9368,32.7685,pt-price-st-2025-6-26.xlsx
2025-06-27,ds,H-DIESEL,18.7847,,6.92,0.692,1.35,0.05,27.7967,1.9458,29.7425,2.0537,0.1438,31.94,32.6369,pt-price-st-2025-6-27.xlsx
2025-06-27,e20,GASOHOL95 E20,16.6937,,6.0,0.6,1.8,0.05,25.1437,1.7601,26.9038,3.7721,0.2641,30.94,32.6369,pt-price-st-2025-6-27.xlsx
2025-06-27,e85,GASOHOL95 E85,18.5578,,1.125,0.1125,3.6,0.05,23.4453,1.6412,25.0865,3.9285,0.275,29.29,32.6369,pt-price-st-2025-6-27.xlsx
2025-06-27,fo1500,FO 1500 (2) 2%S,14.0376,,0.64,0.064,0.06,0.05,14.8516,1.0396,15.8912,,,,32.6369,pt-price-st-2025-6-27.xlsx
2025-06-27,fo600,FO 600 (1) 2%S,14.6325,,0.64,0.064,0.06,0.05,15.4465,1.0813,16.5278,,,,32.6369,pt-price-st-2025-6-27.xlsx
2025-06-27,gh91,GASOHOL91,16.3608,,6.75,0.675,2.9,0.05,26.7358,1.8715,28.6073,3.8997,0.273,32.78,32.6369,pt-price-st-2025-6-27.xlsx
2025-06-27,gh95,GASOHOL95 E10,16.7639,,6.75,0.675,2.9,0.05,27.1389,1.8997,29.0386,3.8424,0.269,33.15,32.6369,pt-price-st-2025-6-27.xlsx
2025-06-27,gl95,ULG95,16.8522,,7.5,0.75,9.2,0.05,34.3522,2.4047,36.7569,4.3767,0.3064,41.44,32.6369,pt-price-st-2025-6-27.xlsx
2025-06-27,lpg,LPG (BAHT/KILOGRAM),20.3416,,2.17,0.217,-1.8107,0.0,20.9179,1.4643,22.3822,3.2566,0.228,25.8668,32.6369,pt-price-st-2025-6-27.xlsx
2025-06-30,ds,H-DIESEL,18.9172,,6.92,0.692,1.35,0.05,27.9292,1.955,29.8842,1.9213,0.1345,31.94,32.7075,pt-price-st-2025-6-30.xlsx
2025-06-30,e20,GASOHOL95 E20,16.6248,,6.0,0.6,1.8,0.05,25.0748,1.7552,26.83,3.8411,0.2689,30.94,32.7075,pt-price-st-2025-6-30.xlsx
2025-06-30,e85,GASOHOL95 E85,18.5366,,1.125,0.1125,3.6,0.05,23.4241,1.6397,25.0638,3.9497,0.2765,29.29,32.7075,pt-price-st-2025-6-30.xlsx
2025-06-30,fo1500,FO 1500 (2) 2%S,13.9133,,0.64,0.064,0.06,0.05,14.7273,1.0309,15.7582,,,,32.7075,pt-price-st-2025-6-30.xlsx
2025-06-30,fo600,FO 600 (1) 2%S,14.5486,,0.64,0.064,0.06,0.05,15.3626,1.0754,16.438,,,,32.7075,pt-price-st-2025-6-30.xlsx
2025-06-30,gh91,GASOHOL91,16.2834,,6.75,0.675,2.9,0.05,26.6584,1.8661,28.5245,3.9771,0.2784,32.78,32.7075,pt-price-st-2025-6-30.xlsx
2025-06-30,gh95,GASOHOL95 E10,16.6875,,6.75,0.675,2.9,0.05,27.0625,1.8944,28.9569,3.9188,0.2743,33.15,32.7075,pt-price-st-2025-6-30.xlsx
2025-06-30,gl95,ULG95,16.7689,,7.5,0.75,9.2,0.05,34.2689,2.3988,36.6677,4.4601,0.3122,41.44,32.7075,pt-price-st-2025-6-30.xlsx
2025-06-30,lpg,LPG (BAHT/KILOGRAM),20.3416,,2.17,0.217,-1.8107,0.0,20.9179,1.4643,22.3822,3.2566,0.228,25.8668,32.7075,pt-price-st-2025-6-30.xlsx
2025-07-01,ds,H-DIESEL,18.8773,,6.92,0.692,1.35,0.05,27.8893,1.9523,29.8416,1.9611,0.1373,31.94,32.7234,pt-price-st-2025-7-1.xlsx
2025-07-01,e20,GASOHOL95 E20,16.3755,,6.0,0.6,1.8,0.05,24.8255,1.7378,26.5633,4.0904,0.2863,30.94,32.7234,pt-price-st-2025-7-1.xlsx
2025-07-01,e85,GASOHOL95 E85,17.7337,,1.125,0.1125,3.6,0.05,22.6212,1.5835,24.2047,4.7526,0.3327,29.29,32.7234,pt-price-st-2025-7-1.xlsx
2025-07-01,fo1500,FO 1500 (2) 2%S,13.8772,,0.64,0.064,0.06,0.05,14.6912,1.0284,15.7196,,,,32.7234,pt-price-st-2025-7-1.xlsx
2025-07-01,fo600,FO 600 (1) 2%S,14.5116,,0.64,0.064,0.06,0.05,15.3256,1.0728,16.3984,,,,32.7234,pt-price-st-2025-7-1.xlsx
2025-07-01,gh91,GASOHOL91,16.133,,6.75,0.675,2.9,0.05,26.508,1.8556,28.3636,4.1275,0.2889,32.78,32.7234,pt-price-st-2025-7-1.xlsx
2025-07-01,gh95,GASOHOL95 E10,16.5372,,6.75,0.675,2.9,0.05,26.9122,1.8839,28.7961,4.0691,0.2848,33.15,32.7234,pt-price-st-2025-7-1.xlsx
2025-07-01,gl95,ULG95,16.7063,,7.5,0.75,9.2,0.05,34.2063,2.3944,36.6007,4.5227,0.3166,41.44,32.7234,pt-price-st-2025-7-1.xlsx
2025-07-01,lpg,LPG (BAHT/KILOGRAM),20.3416,,2.17,0.217,-1.8107,0.0,20.9179,1.4643,22.3822,3.2566,0.228,25.8668,32.7234,pt-price-st-2025-7-1.xlsx
2025-07-02,ds,H-DIESEL,18.7679,,6.92,0.692,1.35,0.05,27.7799,1.9446,29.7245,2.0706,0.1449,31.94,32.6331,pt-price-st-2025-7-2.xlsx
2025-07-02,e20,GASOHOL95 E20,16.3453,,6.0,0.6,1.8,0.05,24.7953,1.7357,26.531,3.8402,0.2688,30.64,32.6331,pt-price-st-2025-7-2.xlsx
2025-07-02,e85,GASOHOL95 E85,17.7243,,1.125,0.1125,3.6,0.05,22.6119,1.5828,24.1947,4.4816,0.3137,28.99,32.6331,pt-price-st-2025-7-2.xlsx
2025-07-02,fo1500,FO 1500 (2) 2%S,13.623,,0.64,0.064,0.06,0.05,14.437,1.0106,15.4476,,,,32.6331,pt-price-st-2025-7-2.xlsx
2025-07-02,fo600,FO 600 (1) 2%S,14.2802,,0.64,0.064,0.06,0.05,15.0942,1.0566,16.1508,,,,32.6331,pt-price-st-2025-7-2.xlsx
2025-07-02,gh91,GASOHOL91,16.099,,6.75,0.675,2.9,0.05,26.474,1.8532,28.3272,3.8811,0.2717,32.48,32.6331,pt-price-st-2025-7-2.xlsx
2025-07-02,gh95,GASOHOL95 E10,16.5022,,6.75,0.675,2.9,0.05,26.8772,1.8814,28.7586,3.8237,0.2677,32.85,32.6331,pt-price-st-2025-7-2.xlsx
2025-07-02,gl95,ULG95,16.6555,,7.5,0.75,9.2,0.05,34.1555,2.3909,36.5464,4.2931,0.3005,41.14,32.6331,pt-price-st-2025-7-2.xlsx
2025-07-02,lpg,LPG (BAHT/KILOGRAM),20.3416,,2.17,0.217,-1.8107,0.0,20.9179,1.4643,22.3822,3.2566,0.228,25.8668,32.6331,pt-price-st-2025-7-2.xlsx
2025-07-03,ds,H-DIESEL,18.959,,6.92,0.692,1.35,0.05,27.971,1.958,29.929,1.8794,0.1316,31.94,32.6266,pt-price-st-2025-7-3.xlsx
2025-07-03,e20,GASOHOL95 E20,16.4243,,6.0,0.6,2.2,0.05,25.2743,1.7692,27.0435,3.3612,0.2353,30.64,32.6266,pt-price-st-2025-7-3.xlsx
2025-07-03,e85,GASOHOL95 E85,17.7487,,1.125,0.1125,3.6,0.05,22.6362,1.5845,24.2207,4.4573,0.312,28.99,32.6266,pt-price-st-2025-7-3.xlsx
2025-07-03,fo1500,FO 1500 (2) 2%S,13.56,,0.64,0.064,0.06,0.05,14.374,1.0062,15.3802,,,,32.6266,pt-price-st-2025-7-3.xlsx
2025-07-03,fo600,FO 600 (1) 2%S,14.2606,,0.64,0.064,0.06,0.05,15.0746,1.0552,16.1298,,,,32.6266,pt-price-st-2025-7-3.xlsx
2025-07-03,gh91,GASOHOL91,16.1878,,6.75,0.675,3.3,0.05,26.9628,1.8874,28.8502,3.3923,0.2375,32.48,32.6266,pt-price-st-2025-7-3.xlsx
2025-07-03,gh95,GASOHOL95 E10,16.5908,,6.75,0.675,3.3,0.05,27.3658,1.9156,29.2814,3.3351,0.2335,32.85,32.6266,pt-price-st-2025-7-3.xlsx
2025-07-03,gl95,ULG95,16.7623,,7.5,0.75,9.6,0.05,34.6623,2.4264,37.0887,3.7863,0.265,41.14,32.6266,pt-price-st-2025-7-3.xlsx
2025-07-03,lpg,LPG (BAHT/KILOGRAM),20.3416,,2.17,0.217,-1.8107,0.0,20.9179,1.4643,22.3822,3.2566,0.228,25.8668,32.6266,pt-price-st-2025-7-3.xlsx
2025-07-04,ds,H-DIESEL,19.1294,,6.92,0.692,1.35,0.05,28.1415,1.9699,30.1114,1.709,0.1196,31.94,32.5137,pt-price-st-2025-7-4.xlsx
2025-07-04,e20,GASOHOL95 E20,16.4754,,6.0,0.6,2.2,0.05,25.3254,1.7728,27.0982,3.3101,0.2317,30.64,32.5137,pt-price-st-2025-7-4.xlsx
2025-07-04,e85,GASOHOL95 E85,17.7645,,1.125,0.1125,3.6,0.05,22.652,1.5856,24.2376,4.4415,0.3109,28.99,32.5137,pt-price-st-2025-7-4.xlsx
2025-07-04,fo1500,FO 1500 (2) 2%S,13.4814,,0.64,0.064,0.06,0.05,14.2954,1.0007,15.2961,,,,32.5137,pt-price-st-2025-7-4.xlsx
2025-07-04,fo600,FO 600 (1) 2%S,14.2251,,0.64,0.064,0.06,0.05,15.0391,1.0527,16.0918,,,,32.5137,pt-price-st-2025-7-4.xlsx
2025-07-04,gh91,GASOHOL91,16.2452,,6.75,0.675,3.3,0.05,27.0202,1.8914,28.9116,3.335,0.2334,32.48,32.5137,pt-price-st-2025-7-4.xlsx
2025-07-04,gh95,GASOHOL95 E10,16.6469,,6.75,0.675,3.3,0.05,27.4219,1.9195,29.3414,3.2791,0.2295,32.85,32.5137,pt-price-st-2025-7-4.xlsx
2025-07-04,gl95,ULG95,16.7659,,7.5,0.75,9.6,0.05,34.6659,2.4266,37.0925,3.7827,0.2648,41.14,32.5137,pt-price-st-2025-7-4.xlsx
2025-07-04,lpg,LPG (BAHT/KILOGRAM),20.3416,,2.17,0.217,-1.8107,0.0,20.9179,1.4643,22.3822,3.2566,0.228,25.8668,32.5137,pt-price-st-2025-7-4.xlsx
2025-07-07,ds,H-DIESEL,19.1633,,6.92,0.692,1.35,0.05,28.1753,1.9723,30.1476,1.6751,0.1173,31.94,32.5852,pt-price-st-2025-7-7.xlsx
2025-07-07,e20,GASOHOL95 E20,16.5968,,6.0,0.6,2.2,0.05,25.4468,1.7813,27.2281,3.1887,0.2232,30.64,32.5852,pt-price-st-2025-7-7.xlsx
2025-07-07,e85,GASOHOL95 E85,17.802,,1.125,0.1125,3.6,0.05,22.6895,1.5883,24.2778,4.4039,0.3083,28.99,32.5852,pt-price-st-2025-7-7.xlsx
2025-07-07,fo1500,FO 1500 (2) 2%S,13.5002,,0.64,0.064,0.06,0.05,14.3142,1.002,15.3162,,,,32.5852,pt-price-st-2025-7-7.xlsx
2025-07-07,fo600,FO 600 (1) 2%S,14.247,,0.64,0.064,0.06,0.05,15.061,1.0543,16.1153,,,,32.5852,pt-price-st-2025-7-7.xlsx
2025-07-07,gh91,GASOHOL91,16.3816,,6.75,0.675,3.3,0.05,27.1566,1.901,29.0576,3.1985,0.2239,32.48,32.5852,pt-price-st-2025-7-7.xlsx
2025-07-07,gh95,GASOHOL95 E10,16.7841,,6.75,0.675,3.3,0.05,27.5591,1.9291,29.4882,3.1419,0.2199,32.85,32.5852,pt-price-st-2025-7-7.xlsx
2025-07-07,gl95,ULG95,16.8745,,7.5,0.75,9.6,0.05,34.7745,2.4342,37.2087,3.6741,0.2572,41.14,32.5852,pt-price-st-2025-7-7.xlsx
2025-07-07,lpg,LPG (BAHT/KILOGRAM),20.3416,,2.17,0.217,-1.8107,0.0,20.9179,1.4643,22.3822,3.2566,0.228,25.8668,32.5852,pt-price-st-2025-7-7.xlsx
2025-07-08,ds,H-DIESEL,19.3334,,6.92,0.692,1.35,0.05,28.3454,1.9842,30.3296,1.505,0.1054,31.94,32.7021,pt-price-st-2025-7-8.xlsx
2025-07-08,e20,GASOHOL95 E20,16.5997,,6.0,0.6,2.2,0.05,25.4497,1.7815,27.2312,3.1858,0.223,30.64,32.7021,pt-price-st-2025-7-8.xlsx
2025-07-08,e85,GASOHOL95 E85,17.8029,,1.125,0.1125,3.6,0.05,22.6904,1.5883,24.2787,4.4031,0.3082,28.99,32.7021,pt-price-st-2025-7-8.xlsx
2025-07-08,fo1500,FO 1500 (2) 2%S,13.5683,,0.64,0.064,0.06,0.05,14.3823,1.0068,15.3891,,,,32.7021,pt-price-st-2025-7-8.xlsx
2025-07-08,fo600,FO 600 (1) 2%S,14.333,,0.64,0.064,0.06,0.05,15.147,1.0603,16.2073,,,,32.7021,pt-price-st-2025-7-8.xlsx
2025-07-08,gh91,GASOHOL91,16.3849,,6.75,0.675,3.3,0.05,27.1599,1.9012,29.0611,3.1952,0.2237,32.48,32.7021,pt-price-st-2025-7-8.xlsx
2025-07-08,gh95,GASOHOL95 E10,16.7888,,6.75,0.675,3.3,0.05,27.5638,1.9295,29.4933,3.1371,0.2196,32.85,32.7021,pt-price-st-2025-7-8.xlsx
2025-07-08,gl95,ULG95,16.8913,,7.5,0.75,9.6,0.05,34.7913,2.4354,37.2267,3.6573,0.256,41.14,32.7021,pt-price-st-2025-7-8.xlsx
2025-07-08,lpg,LPG (BAHT/KILOGRAM),20.5698,,2.17,0.217,-2.0389,0.0,20.9179,1.4643,22.3822,3.2566,0.228,25.8668,32.7021,pt-price-st-2025-7-8.xlsx
2025-07-09,ds,H-DIESEL,19.3526,,6.92,0.692,0.9,0.05,27.9146,1.954,29.8686,1.9359,0.1355,31.94,32.7082,pt-price-st-2025-7-9.xlsx
2025-07-09,e20,GASOHOL95 E20,16.5851,,6.0,0.6,1.9,0.05,25.1351,1.7595,26.8946,3.5004,0.245,30.64,32.7082,pt-price-st-2025-7-9.xlsx
2025-07-09,e85,GASOHOL95 E85,17.7984,,1.125,0.1125,3.6,0.05,22.6859,1.588,24.2739,4.4076,0.3085,28.99,32.7082,pt-price-st-2025-7-9.xlsx
2025-07-09,fo1500,FO 1500 (2) 2%S,13.7737,,0.64,0.064,0.06,0.05,14.5877,1.0211,15.6088,,,,32.7082,pt-price-st-2025-7-9.xlsx
2025-07-09,fo600,FO 600 (1) 2%S,14.508,,0.64,0.064,0.06,0.05,15.322,1.0725,16.3945,,,,32.7082,pt-price-st-2025-7-9.xlsx
2025-07-09,gh91,GASOHOL91,16.3685,,6.75,0.675,3.0,0.05,26.8435,1.879,28.7225,3.5117,0.2458,32.48,32.7082,pt-price-st-2025-7-9.xlsx
2025-07-09,gh95,GASOHOL95 E10,16.7725,,6.75,0.675,3.0,0.05,27.2475,1.9073,29.1548,3.4535,0.2417,32.85,32.7082,pt-price-st-2025-7-9.xlsx
2025-07-09,gl95,ULG95,16.8425,,7.5,0.75,9.6,0.05,34.7425,2.432,37.1745,3.7061,0.2594,41.14,32.7082,pt-price-st-2025-7-9.xlsx
2025-07-09,lpg,LPG (BAHT/KILOGRAM),20.5698,,2.17,0.217,-2.0389,0.0,20.9179,1.4643,22.3822,3.2566,0.228,25.8668,32.7082,pt-price-st-2025-7-9.xlsx
2025-07-14,ds,H-DIESEL,19.3837,,6.92,0.692,0.9,0.05,27.9458,1.9562,29.902,1.9047,0.1333,31.94,32.7638,pt-price-st-2025-7-14.xlsx
2025-07-14,e20,GASOHOL95 E20,16.6533,,6.0,0.6,1.9,0.05,25.2033,1.7642,26.9675,3.4322,0.2403,30.64,32.7638,pt-price-st-2025-7-14.xlsx
2025-07-14,e85,GASOHOL95 E85,17.8194,,1.125,0.1125,3.6,0.05,22.7069,1.5895,24.2964,4.3865,0.3071,28.99,32.7638,pt-price-st-2025-7-14.xlsx
2025-07-14,fo1500,FO 1500 (2) 2%S,13.806,,0.64,0.064,0.06,0.05,14.62,1.0234,15.6434,,,,32.7638,pt-price-st-2025-7-14.xlsx
2025-07-14,fo600,FO 600 (1) 2%S,14.541,,0.64,0.064,0.06,0.05,15.355,1.0749,16.4299,,,,32.7638,pt-price-st-2025-7-14.xlsx
2025-07-14,gh91,GASOHOL91,16.445,,6.75,0.675,3.0,0.05,26.92,1.8844,28.8044,3.4351,0.2405,32.48,32.7638,pt-price-st-2025-7-14.xlsx
2025-07-14,gh95,GASOHOL95 E10,16.8497,,6.75,0.675,3.0,0.05,27.3247,1.9127,29.2374,3.3763,0.2363,32.85,32.7638,pt-price-st-2025-7-14.xlsx
2025-07-14,gl95,ULG95,16.7896,,7.5,0.75,9.6,0.05,34.6896,2.4283,37.1179,3.759,0.2631,41.14,32.7638,pt-price-st-2025-7-14.xlsx
2025-07-14,lpg,LPG (BAHT/KILOGRAM),20.5698,,2.17,0.217,-2.0389,0.0,20.9179,1.4643,22.3822,3.2566,0.228,25.8668,32.7638,pt-price-st-2025-7-14.xlsx
2025-07-15,ds,H-DIESEL,19.6078,,6.92,0.692,0.9,0.05,28.1698,1.9719,30.1417,1.6807,0.1176,31.94,32.5877,pt-price-st-2025-7-15.xlsx
2025-07-15,e20,GASOHOL95 E20,16.7203,,6.0,0.6,1.9,0.05,25.2703,1.7689,27.0392,3.3652,0.2356,30.64,32.5877,pt-price-st-2025-7-15.xlsx
2025-07-15,e85,GASOHOL95 E85,17.8401,,1.125,0.1125,3.6,0.05,22.7276,1.5909,24.3185,4.3659,0.3056,28.99,32.5877,pt-price-st-2025-7-15.xlsx
2025-07-15,fo1500,FO 1500 (2) 2%S,13.5546,,0.64,0.064,0.06,0.05,14.3686,1.0058,15.3744,,,,32.5877,pt-price-st-2025-7-15.xlsx
2025-07-15,fo600,FO 600 (1) 2%S,14.3701,,0.64,0.064,0.06,0.05,15.1841,1.0629,16.247,,,,32.5877,pt-price-st-2025-7-15.xlsx
2025-07-15,gh91,GASOHOL91,16.5204,,6.75,0.675,3.0,0.05,26.9954,1.8897,28.8851,3.3597,0.2352,32.48,32.5877,pt-price-st-2025-7-15.xlsx
2025-07-15,gh95,GASOHOL95 E10,16.9229,,6.75,0.675,3.0,0.05,27.3979,1.9179,29.3158,3.303,0.2312,32.85,32.5877,pt-price-st-2025-7-15.xlsx
2025-07-15,gl95,ULG95,16.8395,,7.5,0.75,9.6,0.05,34.7395,2.4318,37.1713,3.7091,0.2596,41.14,32.5877,pt-price-st-2025-7-15.xlsx
2025-07-15,lpg,LPG (BAHT/KILOGRAM),20.5698,,2.17,0.217,-2.0389,0.0,20.9179,1.4643,22.3822,3.2566,0.228,25.8668,32.5877,pt-price-st-2025-7-15.xlsx
2025-07-16,ds,H-DIESEL,19.4597,,6.92,0.692,0.9,0.05,28.0218,1.9615,29.9833,1.8287,0.128,31.94,32.6371,pt-price-st-2025-7-16.xlsx
2025-07-16,e20,GASOHOL95 E20,16.6099,,6.0,0.6,1.9,0.05,25.1599,1.7612,26.9211,3.4756,0.2433,30.64,32.6371,pt-price-st-2025-7-16.xlsx
2025-07-16,e85,GASOHOL95 E85,17.806,,1.125,0.1125,3.6,0.05,22.6935,1.5885,24.282,4.4,0.308,28.99,32.6371,pt-price-st-2025-7-16.xlsx
2025-07-16,fo1500,FO 1500 (2) 2%S,13.4695,,0.64,0.064,0.06,0.05,14.2835,0.9998,15.2833,,,,32.6371,pt-price-st-2025-7-16.xlsx
2025-07-16,fo600,FO 600 (1) 2%S,14.2733,,0.64,0.064,0.06,0.05,15.0873,1.0561,16.1434,,,,32.6371,pt-price-st-2025-7-16.xlsx
2025-07-16,gh91,GASOHOL91,16.3963,,6.75,0.675,3.0,0.05,26.8713,1.881,28.7523,3.4838,0.2439,32.48,32.6371,pt-price-st-2025-7-16.xlsx
2025-07-16,gh95,GASOHOL95 E10,16.7995,,6.75,0.675,3.0,0.05,27.2745,1.9092,29.1837,3.4264,0.2399,32.85,32.6371,pt-price-st-2025-7-16.xlsx
2025-07-16,gl95,ULG95,16.7045,,7.5,0.75,9.6,0.05,34.6045,2.4223,37.0268,3.8441,0.2691,41.14,32.6371,pt-price-st-2025-7-16.xlsx
2025-07-16,lpg,LPG (BAHT/KILOGRAM),20.5698,,2.17,0.217,-2.0389,0.0,20.9179,1.4643,22.3822,3.2566,0.228,25.8668,32.6371,pt-price-st-2025-7-16.xlsx
2025-07-17,ds,H-DIESEL,19.3402,,6.92,0.692,0.9,0.05,27.9022,1.9532,29.8554,1.9482,0.1364,31.94,32.6925,pt-price-st-2025-7-17.xlsx
2025-07-17,e20,GASOHOL95 E20,16.5603,,6.0,0.6,1.9,0.05,25.1103,1.7577,26.868,3.5252,0.2468,30.64,32.6925,pt-price-st-2025-7-17.xlsx
2025-07-17,e85,GASOHOL95 E85,17.7907,,1.125,0.1125,3.6,0.05,22.6782,1.5875,24.2657,4.4152,0.3091,28.99,32.6925,pt-price-st-2025-7-17.xlsx
2025-07-17,fo1500,FO 1500 (2) 2%S,13.4768,,0.64,0.064,0.06,0.05,14.2908,1.0004,15.2912,,,,32.6925,pt-price-st-2025-7-17.xlsx
2025-07-17,fo600,FO 600 (1) 2%S,14.2583,,0.64,0.064,0.06,0.05,15.0723,1.0551,16.1274,,,,32.6925,pt-price-st-2025-7-17.xlsx
2025-07-17,gh91,GASOHOL91,16.3405,,6.75,0.675,3.0,0.05,26.8155,1.8771,28.6926,3.5396,0.2478,32.48,32.6925,pt-price-st-2025-7-17.xlsx
2025-07-17,gh95,GASOHOL95 E10,16.7444,,6.75,0.675,3.0,0.05,27.2194,1.9054,29.1248,3.4815,0.2437,32.85,32.6925,pt-price-st-2025-7-17.xlsx
2025-07-17,gl95,ULG95,16.6448,,7.5,0.75,9.6,0.05,34.5448,2.4181,36.9629,3.9038,0.2733,41.14,32.6925,pt-price-st-2025-7-17.xlsx
2025-07-17,lpg,LPG (BAHT/KILOGRAM),20.5698,,2.17,0.217,-2.0389,0.0,20.9179,1.4643,22.3822,3.2566,0.228,25.8668,32.6925,pt-price-st-2025-7-17.xlsx
2025-07-18,ds,H-DIESEL,19.396,,6.92,0.692,0.9,0.05,27.958,1.9571,29.9151,1.8924,0.1325,31.94,32.6585,pt-price-st-2025-7-18.xlsx
2025-07-18,e20,GASOHOL95 E20,16.5516,,6.0,0.6,1.9,0.05,25.1016,1.7571,26.8587,3.5339,0.2474,30.64,32.6585,pt-price-st-2025-7-18.xlsx
2025-07-18,e85,GASOHOL95 E85,17.788,,1.125,0.1125,3.6,0.05,22.6755,1.5873,24.2628,4.4179,0.3093,28.99,32.6585,pt-price-st-2025-7-18.xlsx
2025-07-18,fo1500,FO 1500 (2) 2%S,13.3828,,0.64,0.064,0.06,0.05,14.1968,0.9938,15.1906,,,,32.6585,pt-price-st-2025-7-18.xlsx
2025-07-18,fo600,FO 600 (1) 2%S,14.1892,,0.64,0.064,0.06,0.05,15.0032,1.0502,16.0534,,,,32.6585,pt-price-st-2025-7-18.xlsx
2025-07-18,gh91,GASOHOL91,16.3308,,6.75,0.675,3.0,0.05,26.8058,1.8764,28.6822,3.5493,0.2485,32.48,32.6585,pt-price-st-2025-7-18.xlsx
2025-07-18,gh95,GASOHOL95 E10,16.7342,,6.75,0.675,3.0,0.05,27.2092,1.9046,29.1138,3.4918,0.2444,32.85,32.6585,pt-price-st-2025-7-18.xlsx
2025-07-18,gl95,ULG95,16.6335,,7.5,0.75,9.6,0.05,34.5335,2.4173,36.9508,3.9151,0.2741,41.14,32.6585,pt-price-st-2025-7-18.xlsx
2025-07-18,lpg,LPG (BAHT/KILOGRAM),20.5698,,2.17,0.217,-2.0389,0.0,20.9179,1.4643,22.3822,3.2566,0.228,25.8668,32.6585,pt-price-st-2025-7-18.xlsx
2025-07-21,ds,H-DIESEL,19.8893,,6.92,0.692,0.9,0.05,28.4513,1.9916,30.4429,1.3992,0.0979,31.94,32.6031,pt-price-st-2025-7-21.xlsx
2025-07-21,e20,GASOHOL95 E20,16.5599,,6.0,0.6,1.9,0.05,25.1099,1.7577,26.8676,3.5256,0.2468,30.64,32.6031,pt-price-st-2025-7-21.xlsx
2025-07-21,e85,GASOHOL95 E85,17.7906,,1.125,0.1125,3.6,0.05,22.6781,1.5875,24.2656,4.4153,0.3091,28.99,32.6031,pt-price-st-2025-7-21.xlsx
2025-07-21,fo1500,FO 1500 (2) 2%S,13.4995,,0.64,0.064,0.06,0.05,14.3135,1.0019,15.3154,,,,32.6031,pt-price-st-2025-7-21.xlsx
2025-07-21,fo600,FO 600 (1) 2%S,14.3614,,0.64,0.064,0.06,0.05,15.1754,1.0623,16.2377,,,,32.6031,pt-price-st-2025-7-21.xlsx
2025-07-21,gh91,GASOHOL91,16.3401,,6.75,0.675,3.0,0.05,26.8151,1.8771,28.6922,3.54,0.2478,32.48,32.6031,pt-price-st-2025-7-21.xlsx
2025-07-21,gh95,GASOHOL95 E10,16.7429,,6.75,0.675,3.0,0.05,27.2179,1.9053,29.1232,3.483,0.2438,32.85,32.6031,pt-price-st-2025-7-21.xlsx
2025-07-21,gl95,ULG95,16.6428,,7.5,0.75,9.6,0.05,34.5428,2.418,36.9608,3.9058,0.2734,41.14,32.6031,pt-price-st-2025-7-21.xlsx
2025-07-21,lpg,LPG (BAHT/KILOGRAM),20.5698,,2.17,0.217,-2.0389,0.0,20.9179,1.4643,22.3822,3.2566,0.228,25.8668,32.6031,pt-price-st-2025-7-21.xlsx
2025-07-22,ds,H-DIESEL,19.8412,,6.92,0.692,0.4,0.05,27.9032,1.9532,29.8564,1.9473,0.1363,31.94,32.5729,pt-price-st-2025-7-22.xlsx
2025-07-22,e20,GASOHOL95 E20,16.487,,6.0,0.6,1.9,0.05,25.037,1.7526,26.7896,3.5985,0.2519,30.64,32.5729,pt-price-st-2025-7-22.xlsx
2025-07-22,e85,GASOHOL95 E85,17.7681,,1.125,0.1125,3.6,0.05,22.6556,1.5859,24.2415,4.4379,0.3106,28.99,32.5729,pt-price-st-2025-7-22.xlsx
2025-07-22,fo1500,FO 1500 (2) 2%S,13.5776,,0.64,0.064,0.06,0.05,14.3916,1.0074,15.399,,,,32.5729,pt-price-st-2025-7-22.xlsx
2025-07-22,fo600,FO 600 (1) 2%S,14.417,,0.64,0.064,0.06,0.05,15.231,1.0662,16.2972,,,,32.5729,pt-price-st-2025-7-22.xlsx
2025-07-22,gh91,GASOHOL91,16.2582,,6.75,0.675,3.0,0.05,26.7332,1.8713,28.6045,3.622,0.2535,32.48,32.5729,pt-price-st-2025-7-22.xlsx
2025-07-22,gh95,GASOHOL95 E10,16.6606,,6.75,0.675,3.0,0.05,27.1356,1.8995,29.0351,3.5653,0.2496,32.85,32.5729,pt-price-st-2025-7-22.xlsx
2025-07-22,gl95,ULG95,16.5524,,7.5,0.75,9.6,0.05,34.4524,2.4117,36.8641,3.9962,0.2797,41.14,32.5729,pt-price-st-2025-7-22.xlsx
2025-07-22,lpg,LPG (BAHT/KILOGRAM),20.3604,,2.17,0.217,-1.8295,0.0,20.9179,1.4643,22.3822,3.2566,0.228,25.8668,32.5729,pt-price-st-2025-7-22.xlsx
2025-07-23,ds,H-DIESEL,19.7158,,6.92,0.692,0.4,0.05,27.7778,1.9444,29.7222,2.0727,0.1451,31.94,32.4361,pt-price-st-2025-7-23.xlsx
2025-07-23,e20,GASOHOL95 E20,16.327,,6.0,0.6,1.9,0.05,24.877,1.7414,26.6184,3.7585,0.2631,30.64,32.4361,pt-price-st-2025-7-23.xlsx
2025-07-23,e85,GASOHOL95 E85,17.7187,,1.125,0.1125,3.6,0.05,22.6062,1.5824,24.1886,4.4873,0.3141,28.99,32.4361,pt-price-st-2025-7-23.xlsx
2025-07-23,fo1500,FO 1500 (2) 2%S,13.4438,,0.64,0.064,0.06,0.05,14.2578,0.998,15.2558,,,,32.4361,pt-price-st-2025-7-23.xlsx
2025-07-23,fo600,FO 600 (1) 2%S,14.2834,,0.64,0.064,0.06,0.05,15.0974,1.0568,16.1542,,,,32.4361,pt-price-st-2025-7-23.xlsx
2025-07-23,gh91,GASOHOL91,16.0785,,6.75,0.675,3.0,0.05,26.5535,1.8587,28.4122,3.8017,0.2661,32.48,32.4361,pt-price-st-2025-7-23.xlsx
2025-07-23,gh95,GASOHOL95 E10,16.4791,,6.75,0.675,3.0,0.05,26.9541,1.8868,28.8409,3.7468,0.2623,32.85,32.4361,pt-price-st-2025-7-23.xlsx
2025-07-23,gl95,ULG95,16.3527,,7.5,0.75,9.6,0.05,34.2527,2.3977,36.6504,4.1959,0.2937,41.14,32.4361,pt-price-st-2025-7-23.xlsx
2025-07-23,lpg,LPG (BAHT/KILOGRAM),20.3604,,2.17,0.217,-1.8295,0.0,20.9179,1.4643,22.3822,3.2566,0.228,25.8668,32.4361,pt-price-st-2025-7-23.xlsx
2025-07-24,ds,H-DIESEL,19.5046,,6.92,0.692,0.4,0.05,27.5666,1.9297,29.4963,2.2838,0.1599,31.94,32.3505,pt-price-st-2025-7-24.xlsx
2025-07-24,e20,GASOHOL95 E20,16.1729,,6.0,0.6,1.9,0.05,24.7229,1.7306,26.4535,3.5388,0.2477,30.24,32.3505,pt-price-st-2025-7-24.xlsx
2025-07-24,e85,GASOHOL95 E85,17.6711,,1.125,0.1125,3.6,0.05,22.5587,1.5791,24.1378,4.1609,0.2913,28.59,32.3505,pt-price-st-2025-7-24.xlsx
2025-07-24,fo1500,FO 1500 (2) 2%S,13.3412,,0.64,0.064,0.06,0.05,14.1552,0.9909,15.1461,,,,32.3505,pt-price-st-2025-7-24.xlsx
2025-07-24,fo600,FO 600 (1) 2%S,14.1613,,0.64,0.064,0.06,0.05,14.9753,1.0483,16.0236,,,,32.3505,pt-price-st-2025-7-24.xlsx
2025-07-24,gh91,GASOHOL91,15.9054,,6.75,0.675,3.0,0.05,26.3804,1.8466,28.227,3.6009,0.2521,32.08,32.3505,pt-price-st-2025-7-24.xlsx
2025-07-24,gh95,GASOHOL95 E10,16.305,,6.75,0.675,3.0,0.05,26.78,1.8746,28.6546,3.5471,0.2483,32.45,32.3505,pt-price-st-2025-7-24.xlsx
2025-07-24,gl95,ULG95,16.1598,,7.5,0.75,9.6,0.05,34.0598,2.3842,36.444,4.015,0.281,40.74,32.3505,pt-price-st-2025-7-24.xlsx
2025-07-24,lpg,LPG (BAHT/KILOGRAM),20.3604,,2.17,0.217,-1.8295,0.0,20.9179,1.4643,22.3822,3.2566,0.228,25.8668,32.3505,pt-price-st-2025-7-24.xlsx
2025-07-25,ds,H-DIESEL,19.4915,,6.92,0.692,0.4,0.05,27.5535,1.9287,29.4822,2.297,0.1608,31.94,32.3414,pt-price-st-2025-7-25.xlsx
2025-07-25,e20,GASOHOL95 E20,16.2194,,6.0,0.6,1.9,0.05,24.7694,1.7339,26.5033,3.4922,0.2445,30.24,32.3414,pt-price-st-2025-7-25.xlsx
2025-07-25,e85,GASOHOL95 E85,17.6855,,1.125,0.1125,3.6,0.05,22.573,1.5801,24.1531,4.1466,0.2903,28.59,32.3414,pt-price-st-2025-7-25.xlsx
2025-07-25,fo1500,FO 1500 (2) 2%S,13.3992,,0.64,0.064,0.06,0.05,14.2132,0.9949,15.2081,,,,32.3414,pt-price-st-2025-7-25.xlsx
2025-07-25,fo600,FO 600 (1) 2%S,14.2078,,0.64,0.064,0.06,0.05,15.0218,1.0515,16.0733,,,,32.3414,pt-price-st-2025-7-25.xlsx
2025-07-25,gh91,GASOHOL91,15.9576,,6.75,0.675,3.0,0.05,26.4326,1.8503,28.2829,3.5487,0.2484,32.08,32.3414,pt-price-st-2025-7-25.xlsx
2025-07-25,gh95,GASOHOL95 E10,16.3572,,6.75,0.675,3.0,0.05,26.8322,1.8783,28.7105,3.4949,0.2446,32.45,32.3414,pt-price-st-2025-7-25.xlsx
2025-07-25,gl95,ULG95,16.2178,,7.5,0.75,9.6,0.05,34.1178,2.3882,36.506,3.957,0.277,40.74,32.3414,pt-price-st-2025-7-25.xlsx
2025-07-25,lpg,LPG (BAHT/KILOGRAM),20.3604,,2.17,0.217,-1.8295,0.0,20.9179,1.4643,22.3822,3.2566,0.228,25.8668,32.3414,pt-price-st-2025-7-25.xlsx
2025-07-29,ds,H-DIESEL,19.5406,,6.92,0.692,0.4,0.05,27.6026,1.9322,29.5348,2.2479,0.1573,31.94,32.4628,pt-price-st-2025-7-29.xlsx
2025-07-29,e20,GASOHOL95 E20,16.2965,,6.0,0.6,1.9,0.05,24.8465,1.7393,26.5858,3.4151,0.2391,30.24,32.4628,pt-price-st-2025-7-29.xlsx
2025-07-29,e85,GASOHOL95 E85,17.7093,,1.125,0.1125,3.6,0.05,22.5968,1.5818,24.1786,4.1228,0.2886,28.59,32.4628,pt-price-st-2025-7-29.xlsx
2025-07-29,fo1500,FO 1500 (2) 2%S,13.4501,,0.64,0.064,0.06,0.05,14.2641,0.9985,15.2626,,,,32.4628,pt-price-st-2025-7-29.xlsx
2025-07-29,fo600,FO 600 (1) 2%S,14.2533,,0.64,0.064,0.06,0.05,15.0673,1.0547,16.122,,,,32.4628,pt-price-st-2025-7-29.xlsx
2025-07-29,gh91,GASOHOL91,16.0442,,6.75,0.675,3.0,0.05,26.5192,1.8563,28.3755,3.4621,0.2424,32.08,32.4628,pt-price-st-2025-7-29.xlsx
2025-07-29,gh95,GASOHOL95 E10,16.4452,,6.75,0.675,3.0,0.05,26.9202,1.8844,28.8046,3.4069,0.2385,32.45,32.4628,pt-price-st-2025-7-29.xlsx
2025-07-29,gl95,ULG95,16.3134,,7.5,0.75,9.6,0.05,34.2134,2.3949,36.6083,3.8614,0.2703,40.74,32.4628,pt-price-st-2025-7-29.xlsx
2025-07-29,lpg,LPG (BAHT/KILOGRAM),20.3604,,2.17,0.217,-1.8295,0.0,20.9179,1.4643,22.3822,3.2566,0.228,25.8668,32.4628,pt-price-st-2025-7-29.xlsx
2025-07-30,ds,H-DIESEL,19.6982,,6.92,0.692,0.4,0.05,27.7602,1.9432,29.7034,2.0903,0.1463,31.94,32.6386,pt-price-st-2025-7-30.xlsx
2025-07-30,e20,GASOHOL95 E20,16.5181,,6.0,0.6,1.9,0.05,25.0681,1.7548,26.8229,3.1936,0.2235,30.24,32.6386,pt-price-st-2025-7-30.xlsx
2025-07-30,e85,GASOHOL95 E85,17.7777,,1.125,0.1125,3.6,0.05,22.6652,1.5866,24.2518,4.0544,0.2838,28.59,32.6386,pt-price-st-2025-7-30.xlsx
2025-07-30,fo1500,FO 1500 (2) 2%S,13.5975,,0.64,0.064,0.06,0.05,14.4115,1.0088,15.4203,,,,32.6386,pt-price-st-2025-7-30.xlsx
2025-07-30,fo600,FO 600 (1) 2%S,14.4041,,0.64,0.064,0.06,0.05,15.2181,1.0653,16.2834,,,,32.6386,pt-price-st-2025-7-30.xlsx
2025-07-30,gh91,GASOHOL91,16.2931,,6.75,0.675,3.0,0.05,26.7681,1.8738,28.6419,3.2132,0.2249,32.08,32.6386,pt-price-st-2025-7-30.xlsx
2025-07-30,gh95,GASOHOL95 E10,16.6964,,6.75,0.675,3.0,0.05,27.1714,1.902,29.0734,3.1557,0.2209,32.45,32.6386,pt-price-st-2025-7-30.xlsx
2025-07-30,gl95,ULG95,16.5925,,7.5,0.75,9.6,0.05,34.4925,2.4145,36.907,3.5822,0.2508,40.74,32.6386,pt-price-st-2025-7-30.xlsx
2025-07-30,lpg,LPG (BAHT/KILOGRAM),20.3604,,2.17,0.217,-1.8295,0.0,20.9179,1.4643,22.3822,3.2566,0.228,25.8668,32.6386,pt-price-st-2025-7-30.xlsx
2025-07-31,ds,H-DIESEL,19.8547,,6.92,0.692,0.4,0.05,27.9167,1.9542,29.8709,1.9337,0.1354,31.94,32.5723,pt-price-st-2025-7-31.xlsx
2025-07-31,e20,GASOHOL95 E20,16.8178,,6.0,0.6,1.9,0.05,25.3678,1.7757,27.1435,2.8939,0.2026,30.24,32.5723,pt-price-st-2025-7-31.xlsx
2025-07-31,e85,GASOHOL95 E85,17.8702,,1.125,0.1125,3.6,0.05,22.7577,1.593,24.3507,3.962,0.2773,28.59,32.5723,pt-price-st-2025-7-31.xlsx
2025-07-31,fo1500,FO 1500 (2) 2%S,13.8314,,0.64,0.064,0.06,0.05,14.6454,1.0252,15.6706,,,,32.5723,pt-price-st-2025-7-31.xlsx
2025-07-31,fo600,FO 600 (1) 2%S,14.6273,,0.64,0.064,0.06,0.05,15.4413,1.0809,16.5222,,,,32.5723,pt-price-st-2025-7-31.xlsx
2025-07-31,gh91,GASOHOL91,16.6298,,6.75,0.675,3.0,0.05,27.1048,1.8973,29.0021,2.8765,0.2014,32.08,32.5723,pt-price-st-2025-7-31.xlsx
2025-07-31,gh95,GASOHOL95 E10,17.0322,,6.75,0.675,3.0,0.05,27.5072,1.9255,29.4327,2.8199,0.1974,32.45,32.5723,pt-price-st-2025-7-31.xlsx
2025-07-31,gl95,ULG95,16.9629,,7.5,0.75,9.6,0.05,34.8629,2.4404,37.3033,3.2119,0.2248,40.74,32.5723,pt-price-st-2025-7-31.xlsx
2025-07-31,lpg,LPG (BAHT/KILOGRAM),20.3604,,2.17,0.217,-1.8295,0.0,20.9179,1.4643,22.3822,3.2566,0.228,25.8668,32.5723,pt-price-st-2025-7-31.xlsx
2025-08-01,ds,H-DIESEL,20.173,,6.92,0.692,0.4,0.05,28.235,1.9765,30.2115,1.6154,0.1131,31.94,32.8719,pt-price-st-2025-8-1.xlsx
2025-08-01,e20,GASOHOL95 E20,17.1362,,6.0,0.6,1.9,0.05,25.6862,1.798,27.4842,2.9493,0.2065,30.64,32.8719,pt-price-st-2025-8-1.xlsx
2025-08-01,e85,GASOHOL95 E85,17.9615,,1.125,0.1125,3.6,0.05,22.8491,1.5994,24.4485,4.2444,0.2971,28.99,32.8719,pt-price-st-2025-8-1.xlsx
2025-08-01,fo1500,FO 1500 (2) 2%S,14.0275,,0.64,0.064,0.06,0.05,14.8415,1.0389,15.8804,,,,32.8719,pt-price-st-2025-8-1.xlsx
2025-08-01,fo600,FO 600 (1) 2%S,14.8462,,0.64,0.064,0.06,0.05,15.6602,1.0962,16.7564,,,,32.8719,pt-price-st-2025-8-1.xlsx
2025-08-01,gh91,GASOHOL91,16.9888,,6.75,0.675,3.0,0.05,27.4638,1.9225,29.3863,2.8913,0.2024,32.48,32.8719,pt-price-st-2025-8-1.xlsx
2025-08-01,gh95,GASOHOL95 E10,17.3949,,6.75,0.675,3.0,0.05,27.8699,1.9509,29.8208,2.831,0.1982,32.85,32.8719,pt-price-st-2025-8-1.xlsx
2025-08-01,gl95,ULG95,17.3617,,7.5,0.75,9.6,0.05,35.2617,2.4683,37.73,3.1869,0.2231,41.14,32.8719,pt-price-st-2025-8-1.xlsx
2025-08-01,lpg,LPG (BAHT/KILOGRAM),20.3604,,2.17,0.217,-1.8295,0.0,20.9179,1.4643,22.3822,3.2566,0.228,25.8668,32.8719,pt-price-st-2025-8-1.xlsx
2025-08-04,ds,H-DIESEL,20.1512,,6.92,0.692,0.15,0.05,27.9632,1.9574,29.9206,1.8873,0.1321,31.94,32.9512,pt-price-st-2025-8-4.xlsx
2025-08-04,e20,GASOHOL95 E20,17.0896,,6.0,0.6,1.9,0.05,25.6396,1.7948,27.4344,2.9959,0.2097,30.64,32.9512,pt-price-st-2025-8-4.xlsx
2025-08-04,e85,GASOHOL95 E85,17.9472,,1.125,0.1125,3.6,0.05,22.8347,1.5984,24.4331,4.2588,0.2981,28.99,32.9512,pt-price-st-2025-8-4.xlsx
2025-08-04,fo1500,FO 1500 (2) 2%S,14.0894,,0.64,0.064,0.06,0.05,14.9034,1.0432,15.9466,,,,32.9512,pt-price-st-2025-8-4.xlsx
2025-08-04,fo600,FO 600 (1) 2%S,14.8936,,0.64,0.064,0.06,0.05,15.7076,1.0995,16.8071,,,,32.9512,pt-price-st-2025-8-4.xlsx
2025-08-04,gh91,GASOHOL91,16.9364,,6.75,0.675,3.0,0.05,27.4114,1.9188,29.3302,2.9437,0.2061,32.48,32.9512,pt-price-st-2025-8-4.xlsx
2025-08-04,gh95,GASOHOL95 E10,17.3435,,6.75,0.675,3.0,0.05,27.8185,1.9473,29.7658,2.8824,0.2018,32.85,32.9512,pt-price-st-2025-8-4.xlsx
2025-08-04,gl95,ULG95,17.3223,,7.5,0.75,9.6,0.05,35.2223,2.4656,37.6879,3.2263,0.2258,41.14,32.9512,pt-price-st-2025-8-4.xlsx
2025-08-04,lpg,LPG (BAHT/KILOGRAM),20.3604,,2.17,0.217,-1.8295,0.0,20.9179,1.4643,22.3822,3.2566,0.228,25.8668,32.9512,pt-price-st-2025-8-4.xlsx
2025-08-05,ds,H-DIESEL,19.5153,,6.92,0.692,0.15,0.05,27.3273,1.9129,29.2402,2.5232,0.1766,31.94,32.6562,pt-price-st-2025-8-5.xlsx
2025-08-05,e20,GASOHOL95 E20,16.6636,,6.0,0.6,1.9,0.05,25.2136,1.765,26.9786,3.7957,0.2657,31.04,32.6562,pt-price-st-2025-8-5.xlsx
2025-08-05,e85,GASOHOL95 E85,17.8157,,1.125,0.1125,3.6,0.05,22.7032,1.5892,24.2924,4.7641,0.3335,29.39,32.6562,pt-price-st-2025-8-5.xlsx
2025-08-05,fo1500,FO 1500 (2) 2%S,13.7329,,0.64,0.064,0.06,0.05,14.5469,1.0183,15.5652,,,,32.6562,pt-price-st-2025-8-5.xlsx
2025-08-05,fo600,FO 600 (1) 2%S,14.4854,,0.64,0.064,0.06,0.05,15.2994,1.071,16.3704,,,,32.6562,pt-price-st-2025-8-5.xlsx
2025-08-05,gh91,GASOHOL91,16.4579,,6.75,0.675,3.0,0.05,26.9329,1.8853,28.8182,3.7961,0.2657,32.88,32.6562,pt-price-st-2025-8-5.xlsx
2025-08-05,gh95,GASOHOL95 E10,16.8613,,6.75,0.675,3.0,0.05,27.3363,1.9135,29.2498,3.7385,0.2617,33.25,32.6562,pt-price-st-2025-8-5.xlsx
2025-08-05,gl95,ULG95,16.7976,,7.5,0.75,9.6,0.05,34.6976,2.4288,37.1264,4.1249,0.2887,41.54,32.6562,pt-price-st-2025-8-5.xlsx
2025-08-05,lpg,LPG (BAHT/KILOGRAM),18.3569,,2.17,0.217,0.174,0.0,20.9179,1.4643,22.3822,3.2566,0.228,25.8668,32.6562,pt-price-st-2025-8-5.xlsx
2025-08-06,ds,H-DIESEL,19.2364,,6.92,0.692,0.7,0.05,27.5984,1.9319,29.5303,2.2521,0.1576,31.94,32.5249,pt-price-st-2025-8-6.xlsx
2025-08-06,e20,GASOHOL95 E20,16.4697,,6.0,0.6,1.9,0.05,25.0197,1.7514,26.7711,3.6158,0.2531,30.64,32.5249,pt-price-st-2025-8-6.xlsx
2025-08-06,e85,GASOHOL95 E85,17.7558,,1.125,0.1125,3.6,0.05,22.6433,1.585,24.2283,4.4502,0.3115,28.99,32.5249,pt-price-st-2025-8-6.xlsx
2025-08-06,fo1500,FO 1500 (2) 2%S,13.5872,,0.64,0.064,0.06,0.05,14.4012,1.0081,15.4093,,,,32.5249,pt-price-st-2025-8-6.xlsx
2025-08-06,fo600,FO 600 (1) 2%S,14.3155,,0.64,0.064,0.06,0.05,15.1295,1.0591,16.1886,,,,32.5249,pt-price-st-2025-8-6.xlsx
2025-08-06,gh91,GASOHOL91,16.24,,6.75,0.675,3.0,0.05,26.715,1.8701,28.5851,3.6401,0.2548,32.48,32.5249,pt-price-st-2025-8-6.xlsx
2025-08-06,gh95,GASOHOL95 E10,16.6419,,6.75,0.675,3.0,0.05,27.1169,1.8982,29.0151,3.584,0.2509,32.85,32.5249,pt-price-st-2025-8-6.xlsx
2025-08-06,gl95,ULG95,16.5561,,7.5,0.75,9.6,0.05,34.4561,2.4119,36.868,3.9925,0.2795,41.14,32.5249,pt-price-st-2025-8-6.xlsx
2025-08-06,lpg,LPG (BAHT/KILOGRAM),18.3569,,2.17,0.217,0.174,0.0,20.9179,1.4643,22.3822,3.2566,0.228,25.8668,32.5249,pt-price-st-2025-8-6.xlsx
2025-08-07,ds,H-DIESEL,19.0487,,6.92,0.692,0.7,0.05,27.4107,1.9187,29.3294,2.4398,0.1708,31.94,32.5318,pt-price-st-2025-8-7.xlsx
2025-08-07,e20,GASOHOL95 E20,16.4871,,6.0,0.6,1.9,0.05,25.0371,1.7526,26.7897,3.5984,0.2519,30.64,32.5318,pt-price-st-2025-8-7.xlsx
2025-08-07,e85,GASOHOL95 E85,17.7612,,1.125,0.1125,3.6,0.05,22.6487,1.5854,24.2341,4.4448,0.3111,28.99,32.5318,pt-price-st-2025-8-7.xlsx
2025-08-07,fo1500,FO 1500 (2) 2%S,13.636,,0.64,0.064,0.06,0.05,14.45,1.0115,15.4615,,,,32.5318,pt-price-st-2025-8-7.xlsx
2025-08-07,fo600,FO 600 (1) 2%S,14.3238,,0.64,0.064,0.06,0.05,15.1378,1.0596,16.1974,,,,32.5318,pt-price-st-2025-8-7.xlsx
2025-08-07,gh91,GASOHOL91,16.2596,,6.75,0.675,3.0,0.05,26.7346,1.8714,28.606,3.6206,0.2534,32.48,32.5318,pt-price-st-2025-8-7.xlsx
2025-08-07,gh95,GASOHOL95 E10,16.6614,,6.75,0.675,3.0,0.05,27.1364,1.8995,29.0359,3.5646,0.2495,32.85,32.5318,pt-price-st-2025-8-7.xlsx
2025-08-07,gl95,ULG95,16.5368,,7.5,0.75,9.6,0.05,34.4368,2.4106,36.8474,4.0118,0.2808,41.14,32.5318,pt-price-st-2025-8-7.xlsx
2025-08-07,lpg,LPG (BAHT/KILOGRAM),18.3569,,2.17,0.217,0.174,0.0,20.9179,1.4643,22.3822,3.2566,0.228,25.8668,32.5318,pt-price-st-2025-8-7.xlsx
2025-08-08,ds,H-DIESEL,18.7192,,6.92,0.692,1.2,0.05,27.5812,1.9307,29.5119,2.2693,0.1588,31.94,32.4896,pt-price-st-2025-8-8.xlsx
2025-08-08,e20,GASOHOL95 E20,16.3688,,6.0,0.6,1.9,0.05,24.9188,1.7443,26.6631,3.7167,0.2602,30.64,32.4896,pt-price-st-2025-8-8.xlsx
2025-08-08,e85,GASOHOL95 E85,17.7247,,1.125,0.1125,3.6,0.05,22.6122,1.5829,24.1951,4.4812,0.3137,28.99,32.4896,pt-price-st-2025-8-8.xlsx
2025-08-08,fo1500,FO 1500 (2) 2%S,13.5273,,0.64,0.064,0.06,0.05,14.3413,1.0039,15.3452,,,,32.4896,pt-price-st-2025-8-8.xlsx
2025-08-08,fo600,FO 600 (1) 2%S,14.1778,,0.64,0.064,0.06,0.05,14.9918,1.0494,16.0412,,,,32.4896,pt-price-st-2025-8-8.xlsx
2025-08-08,gh91,GASOHOL91,16.1267,,6.75,0.675,3.0,0.05,26.6017,1.8621,28.4638,3.7535,0.2627,32.48,32.4896,pt-price-st-2025-8-8.xlsx
2025-08-08,gh95,GASOHOL95 E10,16.5281,,6.75,0.675,3.0,0.05,27.0031,1.8902,28.8933,3.6979,0.2588,32.85,32.4896,pt-price-st-2025-8-8.xlsx
2025-08-08,gl95,ULG95,16.3708,,7.5,0.75,9.6,0.05,34.2708,2.399,36.6698,4.1778,0.2924,41.14,32.4896,pt-price-st-2025-8-8.xlsx
2025-08-08,lpg,LPG (BAHT/KILOGRAM),18.3569,,2.17,0.217,0.174,0.0,20.9179,1.4643,22.3822,3.2566,0.228,25.8668,32.4896,pt-price-st-2025-8-8.xlsx
2025-08-13,ds,H-DIESEL,18.6504,,6.92,0.692,1.5,0.05,27.8124,1.9469,29.7593,2.038,0.1427,31.94,32.4924,pt-price-st-2025-8-13.xlsx
2025-08-13,e20,GASOHOL95 E20,16.593,,6.0,0.6,1.9,0.05,25.143,1.76,26.903,3.2121,0.2249,30.34,32.4924,pt-price-st-2025-8-13.xlsx
2025-08-13,e85,GASOHOL95 E85,17.7939,,1.125,0.1125,3.6,0.05,22.6814,1.5877,24.2691,4.1317,0.2892,28.69,32.4924,pt-price-st-2025-8-13.xlsx
2025-08-13,fo1500,FO 1500 (2) 2%S,13.2096,,0.64,0.064,0.06,0.05,14.0236,0.9817,15.0053,,,,32.4924,pt-price-st-2025-8-13.xlsx
2025-08-13,fo600,FO 600 (1) 2%S,13.9004,,0.64,0.064,0.06,0.05,14.7144,1.03,15.7444,,,,32.4924,pt-price-st-2025-8-13.xlsx
2025-08-13,gh91,GASOHOL91,16.3786,,6.75,0.675,3.0,0.05,26.8536,1.8798,28.7334,3.2211,0.2255,32.18,32.4924,pt-price-st-2025-8-13.xlsx
2025-08-13,gh95,GASOHOL95 E10,16.7799,,6.75,0.675,3.0,0.05,27.2549,1.9078,29.1627,3.1657,0.2216,32.55,32.4924,pt-price-st-2025-8-13.xlsx
2025-08-13,gl95,ULG95,16.7412,,7.5,0.75,9.6,0.05,34.6412,2.4249,37.0661,3.527,0.2469,40.84,32.4924,pt-price-st-2025-8-13.xlsx
2025-08-13,lpg,LPG (BAHT/KILOGRAM),18.3569,,2.17,0.217,0.174,0.0,20.9179,1.4643,22.3822,3.2566,0.228,25.8668,32.4924,pt-price-st-2025-8-13.xlsx
2025-08-14,ds,H-DIESEL,18.5148,,6.92,0.692,1.5,0.05,27.6768,1.9374,29.6142,2.1736,0.1522,31.94,32.5311,pt-price-st-2025-8-14.xlsx
2025-08-14,e20,GASOHOL95 E20,16.5312,,6.0,0.6,1.9,0.05,25.0812,1.7557,26.8369,3.2739,0.2292,30.34,32.5311,pt-price-st-2025-8-14.xlsx
2025-08-14,e85,GASOHOL95 E85,17.7748,,1.125,0.1125,3.6,0.05,22.6623,1.5864,24.2487,4.1507,0.2906,28.69,32.5311,pt-price-st-2025-8-14.xlsx
2025-08-14,fo1500,FO 1500 (2) 2%S,13.1254,,0.64,0.064,0.06,0.05,13.9394,0.9758,14.9152,,,,32.5311,pt-price-st-2025-8-14.xlsx
2025-08-14,fo600,FO 600 (1) 2%S,13.8061,,0.64,0.064,0.06,0.05,14.6201,1.0234,15.6435,,,,32.5311,pt-price-st-2025-8-14.xlsx
2025-08-14,gh91,GASOHOL91,16.3091,,6.75,0.675,3.0,0.05,26.7841,1.8749,28.659,3.2907,0.2303,32.18,32.5311,pt-price-st-2025-8-14.xlsx
2025-08-14,gh95,GASOHOL95 E10,16.7109,,6.75,0.675,3.0,0.05,27.1859,1.903,29.0889,3.2347,0.2264,32.55,32.5311,pt-price-st-2025-8-14.xlsx
2025-08-14,gl95,ULG95,16.7009,,7.5,0.75,9.6,0.05,34.6009,2.4221,37.023,3.5673,0.2497,40.84,32.5311,pt-price-st-2025-8-14.xlsx
2025-08-14,lpg,LPG (BAHT/KILOGRAM),18.3569,,2.17,0.217,0.174,0.0,20.9179,1.4643,22.3822,3.2566,0.228,25.8668,32.5311,pt-price-st-2025-8-14.xlsx
2025-08-15,ds,H-DIESEL,18.3186,,6.92,0.692,1.5,0.05,27.4806,1.9236,29.4042,2.3699,0.1659,31.94,32.4577,pt-price-st-2025-8-15.xlsx
2025-08-15,e20,GASOHOL95 E20,16.473,,6.0,0.6,1.9,0.05,25.023,1.7516,26.7746,3.3321,0.2333,30.34,32.4577,pt-price-st-2025-8-15.xlsx
2025-08-15,e85,GASOHOL95 E85,17.7569,,1.125,0.1125,3.6,0.05,22.6444,1.5851,24.2295,4.1687,0.2918,28.69,32.4577,pt-price-st-2025-8-15.xlsx
2025-08-15,fo1500,FO 1500 (2) 2%S,13.0366,,0.64,0.064,0.06,0.05,13.8506,0.9695,14.8201,,,,32.4577,pt-price-st-2025-8-15.xlsx
2025-08-15,fo600,FO 600 (1) 2%S,13.6976,,0.64,0.064,0.06,0.05,14.5116,1.0158,15.5274,,,,32.4577,pt-price-st-2025-8-15.xlsx
2025-08-15,gh91,GASOHOL91,16.2437,,6.75,0.675,3.0,0.05,26.7187,1.8703,28.589,3.3561,0.2349,32.18,32.4577,pt-price-st-2025-8-15.xlsx
2025-08-15,gh95,GASOHOL95 E10,16.6447,,6.75,0.675,3.0,0.05,27.1197,1.8984,29.0181,3.3008,0.2311,32.55,32.4577,pt-price-st-2025-8-15.xlsx
2025-08-15,gl95,ULG95,16.6445,,7.5,0.75,9.6,0.05,34.5445,2.4181,36.9626,3.6237,0.2537,40.84,32.4577,pt-price-st-2025-8-15.xlsx
2025-08-15,lpg,LPG (BAHT/KILOGRAM),18.3569,,2.17,0.217,0.174,0.0,20.9179,1.4643,22.3822,3.2566,0.228,25.8668,32.4577,pt-price-st-2025-8-15.xlsx
2025-08-18,ds,H-DIESEL,18.2528,,6.92,0.692,1.9,0.05,27.8148,1.947,29.7618,2.0357,0.1425,31.94,32.6119,pt-price-st-2025-8-18.xlsx
2025-08-18,e20,GASOHOL95 E20,16.639,,6.0,0.6,1.9,0.05,25.189,1.7632,26.9522,3.1662,0.2216,30.34,32.6119,pt-price-st-2025-8-18.xlsx
2025-08-18,e85,GASOHOL95 E85,17.8081,,1.125,0.1125,3.6,0.05,22.6956,1.5887,24.2843,4.1175,0.2882,28.69,32.6119,pt-price-st-2025-8-18.xlsx
2025-08-18,fo1500,FO 1500 (2) 2%S,13.1242,,0.64,0.064,0.06,0.05,13.9382,0.9757,14.9139,,,,32.6119,pt-price-st-2025-8-18.xlsx
2025-08-18,fo600,FO 600 (1) 2%S,13.7601,,0.64,0.064,0.06,0.05,14.5741,1.0202,15.5943,,,,32.6119,pt-price-st-2025-8-18.xlsx
2025-08-18,gh91,GASOHOL91,16.4303,,6.75,0.675,3.0,0.05,26.9053,1.8834,28.7887,3.1694,0.2219,32.18,32.6119,pt-price-st-2025-8-18.xlsx
2025-08-18,gh95,GASOHOL95 E10,16.8331,,6.75,0.675,3.0,0.05,27.3081,1.9116,29.2197,3.1124,0.2179,32.55,32.6119,pt-price-st-2025-8-18.xlsx
2025-08-18,gl95,ULG95,16.8531,,7.5,0.75,9.6,0.05,34.7531,2.4327,37.1858,3.4151,0.2391,40.84,32.6119,pt-price-st-2025-8-18.xlsx
2025-08-18,lpg,LPG (BAHT/KILOGRAM),18.3569,,2.17,0.217,0.174,0.0,20.9179,1.4643,22.3822,3.2566,0.228,25.8668,32.6119,pt-price-st-2025-8-18.xlsx
2025-08-19,ds,H-DIESEL,18.1217,,6.92,0.692,1.9,0.05,27.6837,1.9379,29.6216,2.1667,0.1517,31.94,32.6071,pt-price-st-2025-8-19.xlsx
2025-08-19,e20,GASOHOL95 E20,16.5181,,6.0,0.6,1.9,0.05,25.0681,1.7548,26.8229,3.287,0.2301,30.34,32.6071,pt-price-st-2025-8-19.xlsx
2025-08-19,e85,GASOHOL95 E85,17.7708,,1.125,0.1125,3.6,0.05,22.6583,1.5861,24.2444,4.1548,0.2908,28.69,32.6071,pt-price-st-2025-8-19.xlsx
2025-08-19,fo1500,FO 1500 (2) 2%S,13.1419,,0.64,0.064,0.06,0.05,13.9559,0.9769,14.9328,,,,32.6071,pt-price-st-2025-8-19.xlsx
2025-08-19,fo600,FO 600 (1) 2%S,13.7538,,0.64,0.064,0.06,0.05,14.5678,1.0197,15.5875,,,,32.6071,pt-price-st-2025-8-19.xlsx
2025-08-19,gh91,GASOHOL91,16.2944,,6.75,0.675,3.0,0.05,26.7694,1.8739,28.6433,3.3053,0.2314,32.18,32.6071,pt-price-st-2025-8-19.xlsx
2025-08-19,gh95,GASOHOL95 E10,16.6973,,6.75,0.675,3.0,0.05,27.1723,1.9021,29.0744,3.2482,0.2274,32.55,32.6071,pt-price-st-2025-8-19.xlsx
2025-08-19,gl95,ULG95,16.7433,,7.5,0.75,9.6,0.05,34.6433,2.425,37.0683,3.525,0.2467,40.84,32.6071,pt-price-st-2025-8-19.xlsx
2025-08-19,lpg,LPG (BAHT/KILOGRAM),18.7209,,2.17,0.217,-0.19,0.0,20.9179,1.4643,22.3822,3.2566,0.228,25.8668,32.6071,pt-price-st-2025-8-19.xlsx
2025-08-20,ds,H-DIESEL,18.2253,,6.92,0.692,1.9,0.05,27.7873,1.9451,29.7324,2.0632,0.1444,31.94,32.6856,pt-price-st-2025-8-20.xlsx
2025-08-20,e20,GASOHOL95 E20,16.4945,,6.0,0.6,1.9,0.05,25.0445,1.7531,26.7976,3.3107,0.2317,30.34,32.6856,pt-price-st-2025-8-20.xlsx
2025-08-20,e85,GASOHOL95 E85,17.7635,,1.125,0.1125,3.6,0.05,22.651,1.5856,24.2366,4.1621,0.2913,28.69,32.6856,pt-price-st-2025-8-20.xlsx
2025-08-20,fo1500,FO 1500 (2) 2%S,13.1078,,0.64,0.064,0.06,0.05,13.9218,0.9745,14.8963,,,,32.6856,pt-price-st-2025-8-20.xlsx
2025-08-20,fo600,FO 600 (1) 2%S,13.7431,,0.64,0.064,0.06,0.05,14.5571,1.019,15.5761,,,,32.6856,pt-price-st-2025-8-20.xlsx
2025-08-20,gh91,GASOHOL91,16.2679,,6.75,0.675,3.0,0.05,26.7429,1.872,28.6149,3.3319,0.2332,32.18,32.6856,pt-price-st-2025-8-20.xlsx
2025-08-20,gh95,GASOHOL95 E10,16.6717,,6.75,0.675,3.0,0.05,27.1467,1.9003,29.047,3.2738,0.2292,32.55,32.6856,pt-price-st-2025-8-20.xlsx
2025-08-20,gl95,ULG95,16.7352,,7.5,0.75,9.6,0.05,34.6352,2.4245,37.0597,3.533,0.2473,40.84,32.6856,pt-price-st-2025-8-20.xlsx
2025-08-20,lpg,LPG (BAHT/KILOGRAM),18.7209,,2.17,0.217,-0.19,0.0,20.9179,1.4643,22.3822,3.2566,0.228,25.8668,32.6856,pt-price-st-2025-8-20.xlsx
2025-08-21,ds,H-DIESEL,18.5096,,6.92,0.692,1.9,0.05,28.0716,1.965,30.0366,1.7789,0.1245,31.94,32.7686,pt-price-st-2025-8-21.xlsx
2025-08-21,e20,GASOHOL95 E20,16.6723,,6.0,0.6,1.9,0.05,25.2223,1.7656,26.9879,3.1328,0.2193,30.34,32.7686,pt-price-st-2025-8-21.xlsx
2025-08-21,e85,GASOHOL95 E85,17.8183,,1.125,0.1125,3.6,0.05,22.7059,1.5894,24.2953,4.1072,0.2875,28.69,32.7686,pt-price-st-2025-8-21.xlsx
2025-08-21,fo1500,FO 1500 (2) 2%S,13.158,,0.64,0.064,0.06,0.05,13.972,0.978,14.95,,,,32.7686,pt-price-st-2025-8-21.xlsx
2025-08-21,fo600,FO 600 (1) 2%S,13.8337,,0.64,0.064,0.06,0.05,14.6477,1.0253,15.673,,,,32.7686,pt-price-st-2025-8-21.xlsx
2025-08-21,gh91,GASOHOL91,16.4676,,6.75,0.675,3.0,0.05,26.9426,1.886,28.8286,3.1321,0.2193,32.18,32.7686,pt-price-st-2025-8-21.xlsx
2025-08-21,gh95,GASOHOL95 E10,16.8724,,6.75,0.675,3.0,0.05,27.3474,1.9143,29.2617,3.0732,0.2151,32.55,32.7686,pt-price-st-2025-8-21.xlsx
2025-08-21,gl95,ULG95,16.9442,,7.5,0.75,9.6,0.05,34.8442,2.4391,37.2833,3.324,0.2327,40.84,32.7686,pt-price-st-2025-8-21.xlsx
2025-08-21,lpg,LPG (BAHT/KILOGRAM),18.7209,,2.17,0.217,-0.19,0.0,20.9179,1.4643,22.3822,3.2566,0.228,25.8668,32.7686,pt-price-st-2025-8-21.xlsx
2025-08-22,ds,H-DIESEL,18.6299,,6.92,0.692,1.9,0.05,28.1919,1.9734,30.1653,1.6586,0.1161,31.94,32.7353,pt-price-st-2025-8-22.xlsx
2025-08-22,e20,GASOHOL95 E20,16.8176,,6.0,0.6,1.9,0.05,25.3676,1.7757,27.1433,3.3614,0.2353,30.74,32.7353,pt-price-st-2025-8-22.xlsx
2025-08-22,e85,GASOHOL95 E85,17.8632,,1.125,0.1125,3.6,0.05,22.7507,1.5925,24.3432,4.0624,0.2844,28.69,32.7353,pt-price-st-2025-8-22.xlsx
2025-08-22,fo1500,FO 1500 (2) 2%S,13.1616,,0.64,0.064,0.06,0.05,13.9756,0.9783,14.9539,,,,32.7353,pt-price-st-2025-8-22.xlsx
2025-08-22,fo600,FO 600 (1) 2%S,13.8577,,0.64,0.064,0.06,0.05,14.6717,1.027,15.6987,,,,32.7353,pt-price-st-2025-8-22.xlsx
2025-08-22,gh91,GASOHOL91,16.6308,,6.75,0.675,3.0,0.05,27.1058,1.8974,29.0032,3.3428,0.234,32.58,32.7353,pt-price-st-2025-8-22.xlsx
2025-08-22,gh95,GASOHOL95 E10,17.0352,,6.75,0.675,3.0,0.05,27.5102,1.9257,29.4359,3.2842,0.2299,32.95,32.7353,pt-price-st-2025-8-22.xlsx
2025-08-22,gl95,ULG95,17.1372,,7.5,0.75,9.6,0.05,35.0372,2.4526,37.4898,3.5049,0.2453,41.24,32.7353,pt-price-st-2025-8-22.xlsx
2025-08-22,lpg,LPG (BAHT/KILOGRAM),18.7209,,2.17,0.217,-0.19,0.0,20.9179,1.4643,22.3822,3.2566,0.228,25.8668,32.7353,pt-price-st-2025-8-22.xlsx
2025-08-25,ds,H-DIESEL,18.8526,,6.92,0.692,1.9,0.05,28.4146,1.989,30.4036,1.4359,0.1005,31.94,32.8239,pt-price-st-2025-8-25.xlsx
2025-08-25,e20,GASOHOL95 E20,17.0018,,6.0,0.6,1.9,0.05,25.5518,1.7886,27.3404,3.1772,0.2224,30.74,32.8239,pt-price-st-2025-8-25.xlsx
2025-08-25,e85,GASOHOL95 E85,17.9201,,1.125,0.1125,3.6,0.05,22.8076,1.5965,24.4041,4.0055,0.2804,28.69,32.8239,pt-price-st-2025-8-25.xlsx
2025-08-25,fo1500,FO 1500 (2) 2%S,13.2388,,0.64,0.064,0.06,0.05,14.0528,0.9837,15.0365,,,,32.8239,pt-price-st-2025-8-25.xlsx
2025-08-25,fo600,FO 600 (1) 2%S,13.9583,,0.64,0.064,0.06,0.05,14.7723,1.0341,15.8064,,,,32.8239,pt-price-st-2025-8-25.xlsx
2025-08-25,gh91,GASOHOL91,16.8379,,6.75,0.675,3.0,0.05,27.3129,1.9119,29.2248,3.1357,0.2195,32.58,32.8239,pt-price-st-2025-8-25.xlsx
2025-08-25,gh95,GASOHOL95 E10,17.2434,,6.75,0.675,3.0,0.05,27.7184,1.9403,29.6587,3.076,0.2153,32.95,32.8239,pt-price-st-2025-8-25.xlsx
2025-08-25,gl95,ULG95,17.3753,,7.5,0.75,9.6,0.05,35.2753,2.4693,37.7446,3.2667,0.2287,41.24,32.8239,pt-price-st-2025-8-25.xlsx
2025-08-25,lpg,LPG (BAHT/KILOGRAM),18.7209,,2.17,0.217,-0.19,0.0,20.9179,1.4643,22.3822,3.2566,0.228,25.8668,32.8239,pt-price-st-2025-8-25.xlsx
2025-08-26,ds,H-DIESEL,18.8172,,6.92,0.692,1.4,0.05,27.8792,1.9515,29.8307,1.9713,0.138,31.94,32.5895,pt-price-st-2025-8-26.xlsx
2025-08-26,e20,GASOHOL95 E20,16.9188,,6.0,0.6,1.9,0.05,25.4688,1.7828,27.2516,3.2602,0.2282,30.74,32.5895,pt-price-st-2025-8-26.xlsx
2025-08-26,e85,GASOHOL95 E85,17.8944,,1.125,0.1125,3.6,0.05,22.782,1.5947,24.3767,4.0311,0.2822,28.69,32.5895,pt-price-st-2025-8-26.xlsx
2025-08-26,fo1500,FO 1500 (2) 2%S,13.316,,0.64,0.064,0.06,0.05,14.13,0.9891,15.1191,,,,32.5895,pt-price-st-2025-8-26.xlsx
2025-08-26,fo600,FO 600 (1) 2%S,14.017,,0.64,0.064,0.06,0.05,14.831,1.0382,15.8692,,,,32.5895,pt-price-st-2025-8-26.xlsx
2025-08-26,gh91,GASOHOL91,16.7446,,6.75,0.675,3.0,0.05,27.2196,1.9054,29.125,3.229,0.226,32.58,32.5895,pt-price-st-2025-8-26.xlsx
2025-08-26,gh95,GASOHOL95 E10,17.1472,,6.75,0.675,3.0,0.05,27.6222,1.9336,29.5558,3.1721,0.2221,32.95,32.5895,pt-price-st-2025-8-26.xlsx
2025-08-26,gl95,ULG95,17.1587,,7.5,0.75,9.6,0.05,35.0587,2.4541,37.5128,3.4834,0.2438,41.24,32.5895,pt-price-st-2025-8-26.xlsx
2025-08-26,lpg,LPG (BAHT/KILOGRAM),18.7209,,2.17,0.217,-0.19,0.0,20.9179,1.4643,22.3822,3.2566,0.228,25.8668,32.5895,pt-price-st-2025-8-26.xlsx
2025-08-27,ds,H-DIESEL,18.811,,6.92,0.692,1.4,0.05,27.873,1.9511,29.8241,1.9775,0.1384,31.94,32.6084,pt-price-st-2025-8-27.xlsx
2025-08-27,e20,GASOHOL95 E20,16.8637,,6.0,0.6,1.9,0.05,25.4137,1.779,27.1927,3.3152,0.2321,30.74,32.6084,pt-price-st-2025-8-27.xlsx
2025-08-27,e85,GASOHOL95 E85,17.8774,,1.125,0.1125,3.6,0.05,22.7649,1.5935,24.3584,4.0482,0.2834,28.69,32.6084,pt-price-st-2025-8-27.xlsx
2025-08-27,fo1500,FO 1500 (2) 2%S,13.3779,,0.64,0.064,0.06,0.05,14.1919,0.9934,15.1853,,,,32.6084,pt-price-st-2025-8-27.xlsx
2025-08-27,fo600,FO 600 (1) 2%S,14.068,,0.64,0.064,0.06,0.05,14.882,1.0417,15.9237,,,,32.6084,pt-price-st-2025-8-27.xlsx
2025-08-27,gh91,GASOHOL91,16.6826,,6.75,0.675,3.0,0.05,27.1576,1.901,29.0586,3.291,0.2304,32.58,32.6084,pt-price-st-2025-8-27.xlsx
2025-08-27,gh95,GASOHOL95 E10,17.0854,,6.75,0.675,3.0,0.05,27.5604,1.9292,29.4896,3.234,0.2264,32.95,32.6084,pt-price-st-2025-8-27.xlsx
2025-08-27,gl95,ULG95,17.0351,,7.5,0.75,9.6,0.05,34.9351,2.4455,37.3806,3.6069,0.2525,41.24,32.6084,pt-price-st-2025-8-27.xlsx
2025-08-27,lpg,LPG (BAHT/KILOGRAM),18.7209,,2.17,0.217,-0.19,0.0,20.9179,1.4643,22.3822,3.2566,0.228,25.8668,32.6084,pt-price-st-2025-8-27.xlsx
2025-08-28,ds,H-DIESEL,18.6707,,6.92,0.692,1.4,0.05,27.7327,1.9413,29.674,2.1178,0.1482,31.94,32.6554,pt-price-st-2025-8-28.xlsx
2025-08-28,e20,GASOHOL95 E20,16.668,,6.0,0.6,1.9,0.05,25.218,1.7653,26.9833,3.5109,0.2458,30.74,32.6554,pt-price-st-2025-8-28.xlsx
2025-08-28,e85,GASOHOL95 E85,17.817,,1.125,0.1125,3.6,0.05,22.7046,1.5893,24.2939,4.1085,0.2876,28.69,32.6554,pt-price-st-2025-8-28.xlsx
2025-08-28,fo1500,FO 1500 (2) 2%S,13.2772,,0.64,0.064,0.06,0.05,14.0912,0.9864,15.0776,,,,32.6554,pt-price-st-2025-8-28.xlsx
2025-08-28,fo600,FO 600 (1) 2%S,13.9596,,0.64,0.064,0.06,0.05,14.7736,1.0342,15.8078,,,,32.6554,pt-price-st-2025-8-28.xlsx
2025-08-28,gh91,GASOHOL91,16.4629,,6.75,0.675,3.0,0.05,26.9379,1.8857,28.8236,3.5107,0.2457,32.58,32.6554,pt-price-st-2025-8-28.xlsx
2025-08-28,gh95,GASOHOL95 E10,16.8663,,6.75,0.675,3.0,0.05,27.3413,1.9139,29.2552,3.4531,0.2417,32.95,32.6554,pt-price-st-2025-8-28.xlsx
2025-08-28,gl95,ULG95,16.7936,,7.5,0.75,9.6,0.05,34.6936,2.4286,37.1222,3.8484,0.2694,41.24,32.6554,pt-price-st-2025-8-28.xlsx
2025-08-28,lpg,LPG (BAHT/KILOGRAM),18.7209,,2.17,0.217,-0.19,0.0,20.9179,1.4643,22.3822,3.2566,0.228,25.8668,32.6554,pt-price-st-2025-8-28.xlsx
2025-08-29,ds,H-DIESEL,18.576,,6.92,0.692,1.4,0.05,27.638,1.9347,29.5727,2.2124,0.1549,31.94,32.5662,pt-price-st-2025-8-29.xlsx
2025-08-29,e20,GASOHOL95 E20,16.6326,,6.0,0.6,1.9,0.05,25.1826,1.7628,26.9454,3.5464,0.2482,30.74,32.5662,pt-price-st-2025-8-29.xlsx
2025-08-29,e85,GASOHOL95 E85,17.8061,,1.125,0.1125,3.6,0.05,22.6936,1.5886,24.2822,4.1194,0.2884,28.69,32.5662,pt-price-st-2025-8-29.xlsx
2025-08-29,fo1500,FO 1500 (2) 2%S,13.2214,,0.64,0.064,0.06,0.05,14.0354,0.9825,15.0179,,,,32.5662,pt-price-st-2025-8-29.xlsx
2025-08-29,fo600,FO 600 (1) 2%S,13.8964,,0.64,0.064,0.06,0.05,14.7104,1.0297,15.7401,,,,32.5662,pt-price-st-2025-8-29.xlsx
2025-08-29,gh91,GASOHOL91,16.423,,6.75,0.675,3.0,0.05,26.898,1.8829,28.7809,3.5506,0.2485,32.58,32.5662,pt-price-st-2025-8-29.xlsx
2025-08-29,gh95,GASOHOL95 E10,16.8253,,6.75,0.675,3.0,0.05,27.3003,1.911,29.2113,3.4941,0.2446,32.95,32.5662,pt-price-st-2025-8-29.xlsx
2025-08-29,gl95,ULG95,16.7484,,7.5,0.75,9.6,0.05,34.6484,2.4254,37.0738,3.8936,0.2726,41.24,32.5662,pt-price-st-2025-8-29.xlsx
2025-08-29,lpg,LPG (BAHT/KILOGRAM),18.7209,,2.17,0.217,-0.19,0.0,20.9179,1.4643,22.3822,3.2566,0.228,25.8668,32.5662,pt-price-st-2025-8-29.xlsx
2025-09-01,ds,H-DIESEL,18.6393,,6.92,0.692,1.4,0.05,27.7013,1.9391,29.6404,2.1492,0.1504,31.94,32.4736,pt-price-st-2025-9-1.xlsx
2025-09-01,e20,GASOHOL95 E20,16.7656,,6.0,0.6,1.9,0.05,25.3156,1.7721,27.0877,3.4134,0.2389,30.74,32.4736,pt-price-st-2025-9-1.xlsx
2025-09-01,e85,GASOHOL95 E85,17.8471,,1.125,0.1125,3.6,0.05,22.7347,1.5914,24.3261,4.0784,0.2855,28.69,32.4736,pt-price-st-2025-9-1.xlsx
2025-09-01,fo1500,FO 1500 (2) 2%S,13.3926,,0.64,0.064,0.06,0.05,14.2066,0.9945,15.2011,,,,32.4736,pt-price-st-2025-9-1.xlsx
2025-09-01,fo600,FO 600 (1) 2%S,14.0467,,0.64,0.064,0.06,0.05,14.8607,1.0402,15.9009,,,,32.4736,pt-price-st-2025-9-1.xlsx
2025-09-01,gh91,GASOHOL91,16.5724,,6.75,0.675,3.0,0.05,27.0474,1.8933,28.9407,3.4012,0.2381,32.58,32.4736,pt-price-st-2025-9-1.xlsx
2025-09-01,gh95,GASOHOL95 E10,16.9736,,6.75,0.675,3.0,0.05,27.4486,1.9214,29.37,3.3458,0.2342,32.95,32.4736,pt-price-st-2025-9-1.xlsx
2025-09-01,gl95,ULG95,16.9113,,7.5,0.75,9.6,0.05,34.8113,2.4368,37.2481,3.7307,0.2612,41.24,32.4736,pt-price-st-2025-9-1.xlsx
2025-09-01,lpg,LPG (BAHT/KILOGRAM),18.7209,,2.17,0.217,-0.19,0.0,20.9179,1.4643,22.3822,3.2566,0.228,25.8668,32.4736,pt-price-st-2025-9-1.xlsx
2025-09-02,ds,H-DIESEL,18.6736,,6.92,0.692,1.4,0.05,27.7356,1.9415,29.6771,2.1149,0.148,31.94,32.4975,pt-price-st-2025-9-2.xlsx
2025-09-02,e20,GASOHOL95 E20,16.8236,,6.0,0.6,1.9,0.05,25.3736,1.7762,27.1498,3.3553,0.2349,30.74,32.4975,pt-price-st-2025-9-2.xlsx
2025-09-02,e85,GASOHOL95 E85,17.865,,1.125,0.1125,3.6,0.05,22.7526,1.5927,24.3453,4.0605,0.2842,28.69,32.4975,pt-price-st-2025-9-2.xlsx
2025-09-02,fo1500,FO 1500 (2) 2%S,13.3809,,0.64,0.064,0.06,0.05,14.1949,0.9936,15.1885,,,,32.4975,pt-price-st-2025-9-2.xlsx
2025-09-02,fo600,FO 600 (1) 2%S,14.043,,0.64,0.064,0.06,0.05,14.857,1.04,15.897,,,,32.4975,pt-price-st-2025-9-2.xlsx
2025-09-02,gh91,GASOHOL91,16.6376,,6.75,0.675,3.0,0.05,27.1126,1.8979,29.0105,3.336,0.2335,32.58,32.4975,pt-price-st-2025-9-2.xlsx
2025-09-02,gh95,GASOHOL95 E10,17.039,,6.75,0.675,3.0,0.05,27.514,1.926,29.44,3.2804,0.2296,32.95,32.4975,pt-price-st-2025-9-2.xlsx
2025-09-02,gl95,ULG95,16.9832,,7.5,0.75,9.6,0.05,34.8832,2.4418,37.325,3.6589,0.2561,41.24,32.4975,pt-price-st-2025-9-2.xlsx
2025-09-02,lpg,LPG (BAHT/KILOGRAM),18.3846,,2.17,0.217,0.1463,0.0,20.9179,1.4643,22.3822,3.2566,0.228,25.8668,32.4975,pt-price-st-2025-9-2.xlsx
2025-09-03,ds,H-DIESEL,18.8941,,6.92,0.692,1.4,0.05,27.9561,1.9569,29.913,1.8944,0.1326,31.94,32.4713,pt-price-st-2025-9-3.xlsx
2025-09-03,e20,GASOHOL95 E20,16.9664,,6.0,0.6,1.9,0.05,25.5164,1.7861,27.3025,3.2126,0.2249,30.74,32.4713,pt-price-st-2025-9-3.xlsx
2025-09-03,e85,GASOHOL95 E85,17.9091,,1.125,0.1125,3.6,0.05,22.7967,1.5958,24.3925,4.0164,0.2811,28.69,32.4713,pt-price-st-2025-9-3.xlsx
2025-09-03,fo1500,FO 1500 (2) 2%S,13.3627,,0.64,0.064,0.06,0.05,14.1767,0.9924,15.1691,,,,32.4713,pt-price-st-2025-9-3.xlsx
2025-09-03,fo600,FO 600 (1) 2%S,14.066,,0.64,0.064,0.06,0.05,14.88,1.0416,15.9216,,,,32.4713,pt-price-st-2025-9-3.xlsx
2025-09-03,gh91,GASOHOL91,16.7981,,6.75,0.675,3.0,0.05,27.2731,1.9091,29.1822,3.1755,0.2223,32.58,32.4713,pt-price-st-2025-9-3.xlsx
2025-09-03,gh95,GASOHOL95 E10,17.1992,,6.75,0.675,3.0,0.05,27.6742,1.9372,29.6114,3.1202,0.2184,32.95,32.4713,pt-price-st-2025-9-3.xlsx
2025-09-03,gl95,ULG95,17.158,,7.5,0.75,9.6,0.05,35.058,2.4541,37.5121,3.484,0.2439,41.24,32.4713,pt-price-st-2025-9-3.xlsx
2025-09-03,lpg,LPG (BAHT/KILOGRAM),18.3846,,2.17,0.217,0.1463,0.0,20.9179,1.4643,22.3822,3.2566,0.228,25.8668,32.4713,pt-price-st-2025-9-3.xlsx
2025-09-04,ds,H-DIESEL,19.2745,,6.92,0.692,1.4,0.05,28.3365,1.9836,30.3201,1.5139,0.106,31.94,32.5438,pt-price-st-2025-9-4.xlsx
2025-09-04,e20,GASOHOL95 E20,17.0377,,6.0,0.6,1.9,0.05,25.5877,1.7911,27.3788,3.1413,0.2199,30.74,32.5438,pt-price-st-2025-9-4.xlsx
2025-09-04,e85,GASOHOL95 E85,17.9311,,1.125,0.1125,3.6,0.05,22.8187,1.5973,24.416,3.9944,0.2796,28.69,32.5438,pt-price-st-2025-9-4.xlsx
2025-09-04,fo1500,FO 1500 (2) 2%S,13.3372,,0.64,0.064,0.06,0.05,14.1512,0.9906,15.1418,,,,32.5438,pt-price-st-2025-9-4.xlsx
2025-09-04,fo600,FO 600 (1) 2%S,14.1099,,0.64,0.064,0.06,0.05,14.9239,1.0447,15.9686,,,,32.5438,pt-price-st-2025-9-4.xlsx
2025-09-04,gh91,GASOHOL91,16.8782,,6.75,0.675,3.0,0.05,27.3532,1.9147,29.2679,3.0954,0.2167,32.58,32.5438,pt-price-st-2025-9-4.xlsx
2025-09-04,gh95,GASOHOL95 E10,17.2802,,6.75,0.675,3.0,0.05,27.7552,1.9429,29.6981,3.0392,0.2127,32.95,32.5438,pt-price-st-2025-9-4.xlsx
2025-09-04,gl95,ULG95,17.3255,,7.5,0.75,9.6,0.05,35.2255,2.4658,37.6913,3.3165,0.2322,41.24,32.5438,pt-price-st-2025-9-4.xlsx
2025-09-04,lpg,LPG (BAHT/KILOGRAM),18.3846,,2.17,0.217,0.1463,0.0,20.9179,1.4643,22.3822,3.2566,0.228,25.8668,32.5438,pt-price-st-2025-9-4.xlsx
2025-09-05,ds,H-DIESEL,19.1635,,6.92,0.692,1.0,0.05,27.8255,1.9478,29.7733,2.025,0.1417,31.94,32.4643,pt-price-st-2025-9-5.xlsx
2025-09-05,e20,GASOHOL95 E20,16.8078,,6.0,0.6,1.9,0.05,25.3578,1.775,27.1328,3.3712,0.236,30.74,32.4643,pt-price-st-2025-9-5.xlsx
2025-09-05,e85,GASOHOL95 E85,17.8602,,1.125,0.1125,3.6,0.05,22.7477,1.5923,24.34,4.0654,0.2846,28.69,32.4643,pt-price-st-2025-9-5.xlsx
2025-09-05,fo1500,FO 1500 (2) 2%S,13.0325,,0.64,0.064,0.06,0.05,13.8465,0.9693,14.8158,,,,32.4643,pt-price-st-2025-9-5.xlsx
2025-09-05,fo600,FO 600 (1) 2%S,13.835,,0.64,0.064,0.06,0.05,14.649,1.0254,15.6744,,,,32.4643,pt-price-st-2025-9-5.xlsx
2025-09-05,gh91,GASOHOL91,16.6198,,6.75,0.675,3.0,0.05,27.0948,1.8966,28.9914,3.3538,0.2348,32.58,32.4643,pt-price-st-2025-9-5.xlsx
2025-09-05,gh95,GASOHOL95 E10,17.0209,,6.75,0.675,3.0,0.05,27.4959,1.9247,29.4206,3.2985,0.2309,32.95,32.4643,pt-price-st-2025-9-5.xlsx
2025-09-05,gl95,ULG95,17.0981,,7.5,0.75,9.6,0.05,34.9981,2.4499,37.448,3.5439,0.2481,41.24,32.4643,pt-price-st-2025-9-5.xlsx
2025-09-05,lpg,LPG (BAHT/KILOGRAM),18.3846,,2.17,0.217,0.1463,0.0,20.9179,1.4643,22.3822,3.2566,0.228,25.8668,32.4643,pt-price-st-2025-9-5.xlsx
2025-09-08,ds,H-DIESEL,19.05,,6.92,0.692,1.0,0.05,27.712,1.9398,29.6518,2.1385,0.1497,31.94,32.4153,pt-price-st-2025-9-8.xlsx
2025-09-08,e20,GASOHOL95 E20,16.6936,,6.0,0.6,1.9,0.05,25.2436,1.7671,27.0107,3.4853,0.244,30.74,32.4153,pt-price-st-2025-9-8.xlsx
2025-09-08,e85,GASOHOL95 E85,17.8249,,1.125,0.1125,3.6,0.05,22.7125,1.5899,24.3024,4.1006,0.287,28.69,32.4153,pt-price-st-2025-9-8.xlsx
2025-09-08,fo1500,FO 1500 (2) 2%S,12.8985,,0.64,0.064,0.06,0.05,13.7125,0.9599,14.6724,,,,32.4153,pt-price-st-2025-9-8.xlsx
2025-09-08,fo600,FO 600 (1) 2%S,13.7027,,0.64,0.064,0.06,0.05,14.5167,1.0162,15.5329,,,,32.4153,pt-price-st-2025-9-8.xlsx
2025-09-08,gh91,GASOHOL91,16.4916,,6.75,0.675,3.0,0.05,26.9666,1.8877,28.8543,3.482,0.2437,32.58,32.4153,pt-price-st-2025-9-8.xlsx
2025-09-08,gh95,GASOHOL95 E10,16.8921,,6.75,0.675,3.0,0.05,27.3671,1.9157,29.2828,3.4273,0.2399,32.95,32.4153,pt-price-st-2025-9-8.xlsx
2025-09-08,gl95,ULG95,16.9923,,7.5,0.75,9.6,0.05,34.8923,2.4425,37.3348,3.6497,0.2555,41.24,32.4153,pt-price-st-2025-9-8.xlsx
2025-09-08,lpg,LPG (BAHT/KILOGRAM),18.3846,,2.17,0.217,0.1463,0.0,20.9179,1.4643,22.3822,3.2566,0.228,25.8668,32.4153,pt-price-st-2025-9-8.xlsx
2025-09-09,ds,H-DIESEL,18.8987,,6.92,0.692,1.0,0.05,27.5607,1.9292,29.4899,2.2898,0.1603,31.94,32.2099,pt-price-st-2025-9-9.xlsx
2025-09-09,e20,GASOHOL95 E20,16.5647,,6.0,0.6,1.9,0.05,25.1147,1.758,26.8727,3.6143,0.253,30.74,32.2099,pt-price-st-2025-9-9.xlsx
2025-09-09,e85,GASOHOL95 E85,17.7851,,1.125,0.1125,3.6,0.05,22.6727,1.5871,24.2598,4.1404,0.2898,28.69,32.2099,pt-price-st-2025-9-9.xlsx
2025-09-09,fo1500,FO 1500 (2) 2%S,12.8188,,0.64,0.064,0.06,0.05,13.6328,0.9543,14.5871,,,,32.2099,pt-price-st-2025-9-9.xlsx
2025-09-09,fo600,FO 600 (1) 2%S,13.6105,,0.64,0.064,0.06,0.05,14.4245,1.0097,15.4342,,,,32.2099,pt-price-st-2025-9-9.xlsx
2025-09-09,gh91,GASOHOL91,16.3467,,6.75,0.675,3.0,0.05,26.8217,1.8775,28.6992,3.6269,0.2539,32.58,32.2099,pt-price-st-2025-9-9.xlsx
2025-09-09,gh95,GASOHOL95 E10,16.7447,,6.75,0.675,3.0,0.05,27.2197,1.9054,29.1251,3.5747,0.2502,32.95,32.2099,pt-price-st-2025-9-9.xlsx
2025-09-09,gl95,ULG95,16.842,,7.5,0.75,9.6,0.05,34.742,2.4319,37.1739,3.8001,0.266,41.24,32.2099,pt-price-st-2025-9-9.xlsx
2025-09-09,lpg,LPG (BAHT/KILOGRAM),18.3846,,2.17,0.217,0.1463,0.0,20.9179,1.4643,22.3822,3.2566,0.228,25.8668,32.2099,pt-price-st-2025-9-9.xlsx
2025-09-10,ds,H-DIESEL,18.7616,,6.92,0.692,1.4,0.05,27.8236,1.9477,29.7713,2.0268,0.1419,31.94,31.8233,pt-price-st-2025-9-10.xlsx
2025-09-10,e20,GASOHOL95 E20,16.4252,,6.0,0.6,1.9,0.05,24.9752,1.7483,26.7235,3.7537,0.2628,30.74,31.8233,pt-price-st-2025-9-10.xlsx
2025-09-10,e85,GASOHOL95 E85,17.7421,,1.125,0.1125,3.6,0.05,22.6296,1.5841,24.2137,4.1835,0.2928,28.69,31.8233,pt-price-st-2025-9-10.xlsx
2025-09-10,fo1500,FO 1500 (2) 2%S,12.8187,,0.64,0.064,0.06,0.05,13.6327,0.9543,14.587,,,,31.8233,pt-price-st-2025-9-10.xlsx
2025-09-10,fo600,FO 600 (1) 2%S,13.5877,,0.64,0.064,0.06,0.05,14.4017,1.0081,15.4098,,,,31.8233,pt-price-st-2025-9-10.xlsx
2025-09-10,gh91,GASOHOL91,16.19,,6.75,0.675,3.0,0.05,26.665,1.8666,28.5316,3.7836,0.2648,32.58,31.8233,pt-price-st-2025-9-10.xlsx
2025-09-10,gh95,GASOHOL95 E10,16.5832,,6.75,0.675,3.0,0.05,27.0582,1.8941,28.9523,3.7362,0.2615,32.95,31.8233,pt-price-st-2025-9-10.xlsx
2025-09-10,gl95,ULG95,16.6615,,7.5,0.75,9.6,0.05,34.5615,2.4193,36.9808,3.9806,0.2786,41.24,31.8233,pt-price-st-2025-9-10.xlsx
2025-09-10,lpg,LPG (BAHT/KILOGRAM),18.3846,,2.17,0.217,0.1463,0.0,20.9179,1.4643,22.3822,3.2566,0.228,25.8668,31.8233,pt-price-st-2025-9-10.xlsx
2025-09-11,ds,H-DIESEL,18.8659,,6.92,0.692,1.4,0.05,27.9279,1.955,29.8829,1.9225,0.1346,31.94,31.9483,pt-price-st-2025-9-11.xlsx
2025-09-11,e20,GASOHOL95 E20,16.5223,,6.0,0.6,1.9,0.05,25.0723,1.7551,26.8274,3.6566,0.256,30.74,31.9483,pt-price-st-2025-9-11.xlsx
2025-09-11,e85,GASOHOL95 E85,17.7721,,1.125,0.1125,3.6,0.05,22.6596,1.5862,24.2458,4.1535,0.2907,28.69,31.9483,pt-price-st-2025-9-11.xlsx
2025-09-11,fo1500,FO 1500 (2) 2%S,12.9327,,0.64,0.064,0.06,0.05,13.7467,0.9623,14.709,,,,31.9483,pt-price-st-2025-9-11.xlsx
2025-09-11,fo600,FO 600 (1) 2%S,13.7011,,0.64,0.064,0.06,0.05,14.5151,1.0161,15.5312,,,,31.9483,pt-price-st-2025-9-11.xlsx
2025-09-11,gh91,GASOHOL91,16.2992,,6.75,0.675,3.0,0.05,26.7742,1.8742,28.6484,3.6744,0.2572,32.58,31.9483,pt-price-st-2025-9-11.xlsx
2025-09-11,gh95,GASOHOL95 E10,16.6938,,6.75,0.675,3.0,0.05,27.1688,1.9018,29.0706,3.6256,0.2538,32.95,31.9483,pt-price-st-2025-9-11.xlsx
2025-09-11,gl95,ULG95,16.7841,,7.5,0.75,9.6,0.05,34.6841,2.4279,37.112,3.8579,0.2701,41.24,31.9483,pt-price-st-2025-9-11.xlsx
2025-09-11,lpg,LPG (BAHT/KILOGRAM),18.3846,,2.17,0.217,0.1463,0.0,20.9179,1.4643,22.3822,3.2566,0.228,25.8668,31.9483,pt-price-st-2025-9-11.xlsx
2025-09-12,ds,H-DIESEL,18.9087,,6.92,0.692,1.4,0.05,27.9707,1.9579,29.9286,1.8798,0.1316,31.94,31.9483,pt-price-st-2025-9-12.xlsx
2025-09-12,e20,GASOHOL95 E20,16.5698,,6.0,0.6,1.9,0.05,25.1198,1.7584,26.8782,3.6092,0.2526,30.74,31.9483,pt-price-st-2025-9-12.xlsx
2025-09-12,e85,GASOHOL95 E85,17.7867,,1.125,0.1125,3.6,0.05,22.6742,1.5872,24.2614,4.1389,0.2897,28.69,31.9483,pt-price-st-2025-9-12.xlsx
2025-09-12,fo1500,FO 1500 (2) 2%S,12.8763,,0.64,0.064,0.06,0.05,13.6903,0.9583,14.6486,,,,31.9483,pt-price-st-2025-9-12.xlsx
2025-09-12,fo600,FO 600 (1) 2%S,13.6615,,0.64,0.064,0.06,0.05,14.4755,1.0133,15.4888,,,,31.9483,pt-price-st-2025-9-12.xlsx
2025-09-12,gh91,GASOHOL91,16.3525,,6.75,0.675,3.0,0.05,26.8275,1.8779,28.7054,3.6211,0.2535,32.58,31.9483,pt-price-st-2025-9-12.xlsx
2025-09-12,gh95,GASOHOL95 E10,16.7471,,6.75,0.675,3.0,0.05,27.2221,1.9055,29.1276,3.5723,0.2501,32.95,31.9483,pt-price-st-2025-9-12.xlsx
2025-09-12,gl95,ULG95,16.8296,,7.5,0.75,9.6,0.05,34.7296,2.4311,37.1607,3.8124,0.2669,41.24,31.9483,pt-price-st-2025-9-12.xlsx
2025-09-12,lpg,LPG (BAHT/KILOGRAM),18.3846,,2.17,0.217,0.1463,0.0,20.9179,1.4643,22.3822,3.2566,0.228,25.8668,31.9483,pt-price-st-2025-9-12.xlsx
2025-09-15,ds,H-DIESEL,18.732,,6.92,0.692,1.4,0.05,27.794,1.9456,29.7396,2.0564,0.144,31.94,31.8812,pt-price-st-2025-9-15.xlsx
2025-09-15,e20,GASOHOL95 E20,16.4987,,6.0,0.6,1.9,0.05,25.0487,1.7534,26.8021,3.6803,0.2576,30.74,31.8812,pt-price-st-2025-9-15.xlsx
2025-09-15,e85,GASOHOL95 E85,17.7648,,1.125,0.1125,3.6,0.05,22.6523,1.5857,24.238,4.1607,0.2913,28.69,31.8812,pt-price-st-2025-9-15.xlsx
2025-09-15,fo1500,FO 1500 (2) 2%S,12.6727,,0.64,0.064,0.06,0.05,13.4867,0.9441,14.4308,,,,31.8812,pt-price-st-2025-9-15.xlsx
2025-09-15,fo600,FO 600 (1) 2%S,13.4625,,0.64,0.064,0.06,0.05,14.2765,0.9994,15.2759,,,,31.8812,pt-price-st-2025-9-15.xlsx
2025-09-15,gh91,GASOHOL91,16.2726,,6.75,0.675,3.0,0.05,26.7476,1.8723,28.6199,3.701,0.2591,32.58,31.8812,pt-price-st-2025-9-15.xlsx
2025-09-15,gh95,GASOHOL95 E10,16.6664,,6.75,0.675,3.0,0.05,27.1414,1.8999,29.0413,3.653,0.2557,32.95,31.8812,pt-price-st-2025-9-15.xlsx
2025-09-15,gl95,ULG95,16.722,,7.5,0.75,9.6,0.05,34.622,2.4235,37.0455,3.9201,0.2744,41.24,31.8812,pt-price-st-2025-9-15.xlsx
2025-09-15,lpg,LPG (BAHT/KILOGRAM),18.3846,,2.17,0.217,0.1463,0.0,20.9179,1.4643,22.3822,3.2566,0.228,25.8668,31.8812,pt-price-st-2025-9-15.xlsx
2025-09-16,ds,H-DIESEL,18.8058,,6.92,0.692,1.4,0.05,27.8679,1.9508,29.8187,1.9825,0.1388,31.94,31.9773,pt-price-st-2025-9-16.xlsx
2025-09-16,e20,GASOHOL95 E20,16.7127,,6.0,0.6,1.9,0.05,25.2627,1.7684,27.0311,3.4663,0.2426,30.74,31.9773,pt-price-st-2025-9-16.xlsx
2025-09-16,e85,GASOHOL95 E85,17.8308,,1.125,0.1125,3.6,0.05,22.7183,1.5903,24.3086,4.0948,0.2866,28.69,31.9773,pt-price-st-2025-9-16.xlsx
2025-09-16,fo1500,FO 1500 (2) 2%S,12.8118,,0.64,0.064,0.06,0.05,13.6258,0.9538,14.5796,,,,31.9773,pt-price-st-2025-9-16.xlsx
2025-09-16,fo600,FO 600 (1) 2%S,13.5909,,0.64,0.064,0.06,0.05,14.4049,1.0083,15.4132,,,,31.9773,pt-price-st-2025-9-16.xlsx
2025-09-16,gh91,GASOHOL91,16.513,,6.75,0.675,3.0,0.05,26.988,1.8892,28.8772,3.4606,0.2422,32.58,31.9773,pt-price-st-2025-9-16.xlsx
2025-09-16,gh95,GASOHOL95 E10,16.908,,6.75,0.675,3.0,0.05,27.383,1.9168,29.2998,3.4114,0.2388,32.95,31.9773,pt-price-st-2025-9-16.xlsx
2025-09-16,gl95,ULG95,16.9823,,7.5,0.75,9.6,0.05,34.8823,2.4418,37.3241,3.6597,0.2562,41.24,31.9773,pt-price-st-2025-9-16.xlsx
2025-09-16,lpg,LPG (BAHT/KILOGRAM),18.9092,,2.17,0.217,-0.3783,0.0,20.9179,1.4643,22.3822,3.2566,0.228,25.8668,31.9773,pt-price-st-2025-9-16.xlsx
2025-09-17,ds,H-DIESEL,18.8571,,6.92,0.692,1.4,0.05,27.9192,1.9543,29.8735,1.9313,0.1352,31.94,31.9326,pt-price-st-2025-9-17.xlsx
2025-09-17,e20,GASOHOL95 E20,16.8049,,6.0,0.6,1.9,0.05,25.3549,1.7748,27.1297,3.3741,0.2362,30.74,31.9326,pt-price-st-2025-9-17.xlsx
2025-09-17,e85,GASOHOL95 E85,17.8593,,1.125,0.1125,3.6,0.05,22.7468,1.5923,24.3391,4.0663,0.2846,28.69,31.9326,pt-price-st-2025-9-17.xlsx
2025-09-17,fo1500,FO 1500 (2) 2%S,12.9058,,0.64,0.064,0.06,0.05,13.7198,0.9604,14.6802,,,,31.9326,pt-price-st-2025-9-17.xlsx
2025-09-17,fo600,FO 600 (1) 2%S,13.6784,,0.64,0.064,0.06,0.05,14.4924,1.0145,15.5069,,,,31.9326,pt-price-st-2025-9-17.xlsx
2025-09-17,gh91,GASOHOL91,16.6166,,6.75,0.675,3.0,0.05,27.0916,1.8964,28.988,3.357,0.235,32.58,31.9326,pt-price-st-2025-9-17.xlsx
2025-09-17,gh95,GASOHOL95 E10,17.011,,6.75,0.675,3.0,0.05,27.486,1.924,29.41,3.3084,0.2316,32.95,31.9326,pt-price-st-2025-9-17.xlsx
2025-09-17,gl95,ULG95,17.0952,,7.5,0.75,9.6,0.05,34.9952,2.4497,37.4449,3.5468,0.2483,41.24,31.9326,pt-price-st-2025-9-17.xlsx
2025-09-17,lpg,LPG (BAHT/KILOGRAM),18.9092,,2.17,0.217,-0.3783,0.0,20.9179,1.4643,22.3822,3.2566,0.228,25.8668,31.9326,pt-price-st-2025-9-17.xlsx
2025-09-18,ds,H-DIESEL,19.0569,,6.92,0.692,1.4,0.05,28.1189,1.9683,30.0872,1.7316,0.1212,31.94,31.8957,pt-price-st-2025-9-18.xlsx
2025-09-18,e20,GASOHOL95 E20,16.8574,,6.0,0.6,1.9,0.05,25.4074,1.7785,27.1859,3.3216,0.2325,30.74,31.8957,pt-price-st-2025-9-18.xlsx
2025-09-18,e85,GASOHOL95 E85,17.8755,,1.125,0.1125,3.6,0.05,22.763,1.5934,24.3564,4.0501,0.2835,28.69,31.8957,pt-price-st-2025-9-18.xlsx
2025-09-18,fo1500,FO 1500 (2) 2%S,12.9637,,0.64,0.064,0.06,0.05,13.7777,0.9644,14.7421,,,,31.8957,pt-price-st-2025-9-18.xlsx
2025-09-18,fo600,FO 600 (1) 2%S,13.7618,,0.64,0.064,0.06,0.05,14.5758,1.0203,15.5961,,,,31.8957,pt-price-st-2025-9-18.xlsx
2025-09-18,gh91,GASOHOL91,16.6756,,6.75,0.675,3.0,0.05,27.1506,1.9005,29.0511,3.298,0.2309,32.58,31.8957,pt-price-st-2025-9-18.xlsx
2025-09-18,gh95,GASOHOL95 E10,17.0696,,6.75,0.675,3.0,0.05,27.5447,1.9281,29.4728,3.2497,0.2275,32.95,31.8957,pt-price-st-2025-9-18.xlsx
2025-09-18,gl95,ULG95,17.0557,,7.5,0.75,9.6,0.05,34.9557,2.4469,37.4026,3.5864,0.251,41.24,31.8957,pt-price-st-2025-9-18.xlsx
2025-09-18,lpg,LPG (BAHT/KILOGRAM),18.9092,,2.17,0.217,-0.3783,0.0,20.9179,1.4643,22.3822,3.2566,0.228,25.8668,31.8957,pt-price-st-2025-9-18.xlsx
2025-09-19,ds,H-DIESEL,19.0426,,6.92,0.692,1.4,0.05,28.1046,1.9673,30.0719,1.7459,0.1222,31.94,31.9525,pt-price-st-2025-9-19.xlsx
2025-09-19,e20,GASOHOL95 E20,16.7833,,6.0,0.6,1.9,0.05,25.3333,1.7733,27.1066,3.3957,0.2377,30.74,31.9525,pt-price-st-2025-9-19.xlsx
2025-09-19,e85,GASOHOL95 E85,17.8526,,1.125,0.1125,3.6,0.05,22.7401,1.5918,24.3319,4.073,0.2851,28.69,31.9525,pt-price-st-2025-9-19.xlsx
2025-09-19,fo1500,FO 1500 (2) 2%S,12.9921,,0.64,0.064,0.06,0.05,13.8061,0.9664,14.7725,,,,31.9525,pt-price-st-2025-9-19.xlsx
2025-09-19,fo600,FO 600 (1) 2%S,13.7833,,0.64,0.064,0.06,0.05,14.5973,1.0218,15.6191,,,,31.9525,pt-price-st-2025-9-19.xlsx
2025-09-19,gh91,GASOHOL91,16.5924,,6.75,0.675,3.0,0.05,27.0674,1.8947,28.9621,3.3812,0.2367,32.58,31.9525,pt-price-st-2025-9-19.xlsx
2025-09-19,gh95,GASOHOL95 E10,16.9871,,6.75,0.675,3.0,0.05,27.4621,1.9223,29.3844,3.3323,0.2333,32.95,31.9525,pt-price-st-2025-9-19.xlsx
2025-09-19,gl95,ULG95,16.9434,,7.5,0.75,9.6,0.05,34.8434,2.439,37.2824,3.6987,0.2589,41.24,31.9525,pt-price-st-2025-9-19.xlsx
2025-09-19,lpg,LPG (BAHT/KILOGRAM),18.9092,,2.17,0.217,-0.3783,0.0,20.9179,1.4643,22.3822,3.2566,0.228,25.8668,31.9525,pt-price-st-2025-9-19.xlsx
2025-09-22,ds,H-DIESEL,18.9102,,6.92,0.692,1.4,0.05,27.9722,1.9581,29.9303,1.8782,0.1315,31.94,32.0679,pt-price-st-2025-9-22.xlsx
2025-09-22,e20,GASOHOL95 E20,16.6262,,6.0,0.6,1.9,0.05,25.1762,1.7623,26.9385,3.5528,0.2487,30.74,32.0679,pt-price-st-2025-9-22.xlsx
2025-09-22,e85,GASOHOL95 E85,17.8041,,1.125,0.1125,3.6,0.05,22.6916,1.5884,24.28,4.1215,0.2885,28.69,32.0679,pt-price-st-2025-9-22.xlsx
2025-09-22,fo1500,FO 1500 (2) 2%S,12.908,,0.64,0.064,0.06,0.05,13.722,0.9605,14.6825,,,,32.0679,pt-price-st-2025-9-22.xlsx
2025-09-22,fo600,FO 600 (1) 2%S,13.6961,,0.64,0.064,0.06,0.05,14.5101,1.0157,15.5258,,,,32.0679,pt-price-st-2025-9-22.xlsx
2025-09-22,gh91,GASOHOL91,16.4158,,6.75,0.675,3.0,0.05,26.8908,1.8824,28.7732,3.5578,0.249,32.58,32.0679,pt-price-st-2025-9-22.xlsx
2025-09-22,gh95,GASOHOL95 E10,16.812,,6.75,0.675,3.0,0.05,27.287,1.9101,29.1971,3.5074,0.2455,32.95,32.0679,pt-price-st-2025-9-22.xlsx
2025-09-22,gl95,ULG95,16.7638,,7.5,0.75,9.6,0.05,34.6638,2.4265,37.0903,3.8782,0.2715,41.24,32.0679,pt-price-st-2025-9-22.xlsx
2025-09-22,lpg,LPG (BAHT/KILOGRAM),18.9092,,2.17,0.217,-0.3783,0.0,20.9179,1.4643,22.3822,3.2566,0.228,25.8668,32.0679,pt-price-st-2025-9-22.xlsx
2025-09-23,ds,H-DIESEL,18.7604,,6.92,0.692,1.4,0.05,27.8224,1.9476,29.77,2.028,0.142,31.94,32.0043,pt-price-st-2025-9-23.xlsx
2025-09-23,e20,GASOHOL95 E20,16.3799,,6.0,0.6,1.9,0.05,24.9299,1.7451,26.675,3.7991,0.2659,30.74,32.0043,pt-price-st-2025-9-23.xlsx
2025-09-23,e85,GASOHOL95 E85,17.7281,,1.125,0.1125,3.6,0.05,22.6156,1.5831,24.1987,4.1975,0.2938,28.69,32.0043,pt-price-st-2025-9-23.xlsx
2025-09-23,fo1500,FO 1500 (2) 2%S,12.8711,,0.64,0.064,0.06,0.05,13.6851,0.958,14.6431,,,,32.0043,pt-price-st-2025-9-23.xlsx
2025-09-23,fo600,FO 600 (1) 2%S,13.6394,,0.64,0.064,0.06,0.05,14.4534,1.0117,15.4651,,,,32.0043,pt-price-st-2025-9-23.xlsx
2025-09-23,gh91,GASOHOL91,16.1392,,6.75,0.675,3.0,0.05,26.6142,1.863,28.4772,3.8344,0.2684,32.58,32.0043,pt-price-st-2025-9-23.xlsx
2025-09-23,gh95,GASOHOL95 E10,16.5345,,6.75,0.675,3.0,0.05,27.0095,1.8907,28.9002,3.7849,0.2649,32.95,32.0043,pt-price-st-2025-9-23.xlsx
2025-09-23,gl95,ULG95,16.4994,,7.5,0.75,9.6,0.05,34.3994,2.408,36.8074,4.1426,0.29,41.24,32.0043,pt-price-st-2025-9-23.xlsx
2025-09-23,lpg,LPG (BAHT/KILOGRAM),18.9092,,2.17,0.217,-0.3783,0.0,20.9179,1.4643,22.3822,3.2566,0.228,25.8668,32.0043,pt-price-st-2025-9-23.xlsx
2025-09-24,ds,H-DIESEL,18.6322,,6.92,0.692,1.4,0.05,27.6942,1.9386,29.6328,2.1563,0.1509,31.94,31.9739,pt-price-st-2025-9-24.xlsx
2025-09-24,e20,GASOHOL95 E20,16.2329,,6.0,0.6,1.9,0.05,24.7829,1.7348,26.5177,3.6657,0.2566,30.44,31.9739,pt-price-st-2025-9-24.xlsx
2025-09-24,e85,GASOHOL95 E85,17.6827,,1.125,0.1125,3.6,0.05,22.5703,1.5799,24.1502,3.9624,0.2774,28.39,31.9739,pt-price-st-2025-9-24.xlsx
2025-09-24,fo1500,FO 1500 (2) 2%S,12.9132,,0.64,0.064,0.06,0.05,13.7272,0.9609,14.6881,,,,31.9739,pt-price-st-2025-9-24.xlsx
2025-09-24,fo600,FO 600 (1) 2%S,13.6522,,0.64,0.064,0.06,0.05,14.4662,1.0126,15.4788,,,,31.9739,pt-price-st-2025-9-24.xlsx
2025-09-24,gh91,GASOHOL91,15.974,,6.75,0.675,3.0,0.05,26.449,1.8514,28.3004,3.7193,0.2603,32.28,31.9739,pt-price-st-2025-9-24.xlsx
2025-09-24,gh95,GASOHOL95 E10,16.369,,6.75,0.675,3.0,0.05,26.844,1.8791,28.7231,3.67,0.2569,32.65,31.9739,pt-price-st-2025-9-24.xlsx
2025-09-24,gl95,ULG95,16.337,,7.5,0.75,9.6,0.05,34.237,2.3966,36.6336,4.0247,0.2817,40.94,31.9739,pt-price-st-2025-9-24.xlsx
2025-09-24,lpg,LPG (BAHT/KILOGRAM),18.9092,,2.17,0.217,-0.3783,0.0,20.9179,1.4643,22.3822,3.2566,0.228,25.8668,31.9739,pt-price-st-2025-9-24.xlsx
2025-09-25,ds,H-DIESEL,18.8817,,6.92,0.692,1.4,0.05,27.9437,1.9561,29.8998,1.9067,0.1335,31.94,32.0855,pt-price-st-2025-9-25.xlsx
2025-09-25,e20,GASOHOL95 E20,16.3555,,6.0,0.6,1.9,0.05,24.9055,1.7434,26.6489,3.5431,0.248,30.44,32.0855,pt-price-st-2025-9-25.xlsx
2025-09-25,e85,GASOHOL95 E85,17.7206,,1.125,0.1125,3.6,0.05,22.6081,1.5826,24.1907,3.9246,0.2747,28.39,32.0855,pt-price-st-2025-9-25.xlsx
2025-09-25,fo1500,FO 1500 (2) 2%S,13.1853,,0.64,0.064,0.06,0.05,13.9993,0.98,14.9793,,,,32.0855,pt-price-st-2025-9-25.xlsx
2025-09-25,fo600,FO 600 (1) 2%S,13.9225,,0.64,0.064,0.06,0.05,14.7365,1.0316,15.7681,,,,32.0855,pt-price-st-2025-9-25.xlsx
2025-09-25,gh91,GASOHOL91,16.1117,,6.75,0.675,3.0,0.05,26.5867,1.8611,28.4478,3.5815,0.2507,32.28,32.0855,pt-price-st-2025-9-25.xlsx
2025-09-25,gh95,GASOHOL95 E10,16.508,,6.75,0.675,3.0,0.05,26.983,1.8888,28.8718,3.531,0.2472,32.65,32.0855,pt-price-st-2025-9-25.xlsx
2025-09-25,gl95,ULG95,16.4885,,7.5,0.75,9.6,0.05,34.3885,2.4072,36.7957,3.8732,0.2711,40.94,32.0855,pt-price-st-2025-9-25.xlsx
2025-09-25,lpg,LPG (BAHT/KILOGRAM),18.9092,,2.17,0.217,-0.3783,0.0,20.9179,1.4643,22.3822,3.2566,0.228,25.8668,32.0855,pt-price-st-2025-9-25.xlsx
2025-09-26,ds,H-DIESEL,19.2836,,6.92,0.692,1.4,0.05,28.3456,1.9842,30.3298,1.5049,0.1053,31.94,32.2975,pt-price-st-2025-9-26.xlsx
2025-09-26,e20,GASOHOL95 E20,16.6024,,6.0,0.6,1.9,0.05,25.1524,1.7607,26.9131,3.2962,0.2307,30.44,32.2975,pt-price-st-2025-9-26.xlsx
2025-09-26,e85,GASOHOL95 E85,17.7968,,1.125,0.1125,3.6,0.05,22.6843,1.5879,24.2722,3.8484,0.2694,28.39,32.2975,pt-price-st-2025-9-26.xlsx
2025-09-26,fo1500,FO 1500 (2) 2%S,13.4004,,0.64,0.064,0.06,0.05,14.2144,0.995,15.2094,,,,32.2975,pt-price-st-2025-9-26.xlsx
2025-09-26,fo600,FO 600 (1) 2%S,14.1711,,0.64,0.064,0.06,0.05,14.9851,1.049,16.0341,,,,32.2975,pt-price-st-2025-9-26.xlsx
2025-09-26,gh91,GASOHOL91,16.3892,,6.75,0.675,3.0,0.05,26.8642,1.8805,28.7447,3.304,0.2313,32.28,32.2975,pt-price-st-2025-9-26.xlsx
2025-09-26,gh95,GASOHOL95 E10,16.7882,,6.75,0.675,3.0,0.05,27.2632,1.9084,29.1716,3.2508,0.2276,32.65,32.2975,pt-price-st-2025-9-26.xlsx
2025-09-26,gl95,ULG95,16.7728,,7.5,0.75,9.6,0.05,34.6728,2.4271,37.0999,3.5889,0.2512,40.94,32.2975,pt-price-st-2025-9-26.xlsx
2025-09-26,lpg,LPG (BAHT/KILOGRAM),18.9092,,2.17,0.217,-0.3783,0.0,20.9179,1.4643,22.3822,3.2566,0.228,25.8668,32.2975,pt-price-st-2025-9-26.xlsx
2025-09-29,ds,H-DIESEL,19.6306,,6.92,0.692,1.0,0.05,28.2926,1.9805,30.2731,1.5579,0.109,31.94,32.384,pt-price-st-2025-9-29.xlsx
2025-09-29,e20,GASOHOL95 E20,16.7887,,6.0,0.6,1.9,0.05,25.3387,1.7737,27.1124,3.1099,0.2177,30.44,32.384,pt-price-st-2025-9-29.xlsx
2025-09-29,e85,GASOHOL95 E85,17.8543,,1.125,0.1125,3.6,0.05,22.7418,1.5919,24.3337,3.7909,0.2654,28.39,32.384,pt-price-st-2025-9-29.xlsx
2025-09-29,fo1500,FO 1500 (2) 2%S,13.5734,,0.64,0.064,0.06,0.05,14.3874,1.0071,15.3945,,,,32.384,pt-price-st-2025-9-29.xlsx
2025-09-29,fo600,FO 600 (1) 2%S,14.3781,,0.64,0.064,0.06,0.05,15.1921,1.0634,16.2555,,,,32.384,pt-price-st-2025-9-29.xlsx
2025-09-29,gh91,GASOHOL91,16.5984,,6.75,0.675,3.0,0.05,27.0734,1.8951,28.9685,3.0949,0.2166,32.28,32.384,pt-price-st-2025-9-29.xlsx
2025-09-29,gh95,GASOHOL95 E10,16.9984,,6.75,0.675,3.0,0.05,27.4734,1.9231,29.3965,3.0407,0.2128,32.65,32.384,pt-price-st-2025-9-29.xlsx
2025-09-29,gl95,ULG95,16.9777,,7.5,0.75,9.6,0.05,34.8777,2.4414,37.3191,3.384,0.2369,40.94,32.384,pt-price-st-2025-9-29.xlsx
2025-09-29,lpg,LPG (BAHT/KILOGRAM),18.9092,,2.17,0.217,-0.3783,0.0,20.9179,1.4643,22.3822,3.2566,0.228,25.8668,32.384,pt-price-st-2025-9-29.xlsx
2025-09-30,ds,H-DIESEL,19.658,,6.92,0.692,0.6,0.05,27.92,1.9544,29.8744,1.9305,0.1351,31.94,32.3876,pt-price-st-2025-9-30.xlsx
2025-09-30,e20,GASOHOL95 E20,16.8117,,6.0,0.6,1.9,0.05,25.3617,1.7753,27.137,3.0869,0.2161,30.44,32.3876,pt-price-st-2025-9-30.xlsx
2025-09-30,e85,GASOHOL95 E85,17.8614,,1.125,0.1125,3.6,0.05,22.7489,1.5924,24.3413,3.7838,0.2649,28.39,32.3876,pt-price-st-2025-9-30.xlsx
2025-09-30,fo1500,FO 1500 (2) 2%S,13.5924,,0.64,0.064,0.06,0.05,14.4064,1.0084,15.4148,,,,32.3876,pt-price-st-2025-9-30.xlsx
2025-09-30,fo600,FO 600 (1) 2%S,14.3979,,0.64,0.064,0.06,0.05,15.2119,1.0648,16.2767,,,,32.3876,pt-price-st-2025-9-30.xlsx
2025-09-30,gh91,GASOHOL91,16.6243,,6.75,0.675,3.0,0.05,27.0993,1.897,28.9963,3.0689,0.2148,32.28,32.3876,pt-price-st-2025-9-30.xlsx
2025-09-30,gh95,GASOHOL95 E10,17.0243,,6.75,0.675,3.0,0.05,27.4993,1.925,29.4243,3.0147,0.211,32.65,32.3876,pt-price-st-2025-9-30.xlsx
2025-09-30,gl95,ULG95,17.0242,,7.5,0.75,9.6,0.05,34.9242,2.4447,37.3689,3.3375,0.2336,40.94,32.3876,pt-price-st-2025-9-30.xlsx
2025-09-30,lpg,LPG (BAHT/KILOGRAM),18.9133,,2.17,0.217,-0.3824,0.0,20.9179,1.4643,22.3822,3.2566,0.228,25.8668,32.3876,pt-price-st-2025-9-30.xlsx
2025-10-01,ds,H-DIESEL,19.2598,,6.92,0.692,0.6,0.05,27.5218,1.9265,29.4483,2.3287,0.163,31.94,32.4616,pt-price-st-2025-10-01.xlsx
2025-10-01,e20,GASOHOL95 E20,16.8319,,6.0,0.6,1.9,0.05,25.3819,1.7767,27.1586,3.0667,0.2147,30.44,32.4616,pt-price-st-2025-10-01.xlsx
2025-10-01,e85,GASOHOL95 E85,18.8908,,1.125,0.1125,3.6,0.05,23.7783,1.6645,25.4428,2.7544,0.1928,28.39,32.4616,pt-price-st-2025-10-01.xlsx
2025-10-01,fo1500,FO 1500 (2) 2%S,13.3661,,0.64,0.064,0.06,0.05,14.1801,0.9926,15.1727,,,,32.4616,pt-price-st-2025-10-01.xlsx
2025-10-01,fo600,FO 600 (1) 2%S,14.1392,,0.64,0.064,0.06,0.05,14.9532,1.0467,15.9999,,,,32.4616,pt-price-st-2025-10-01.xlsx
2025-10-01,gh91,GASOHOL91,16.4642,,6.75,0.675,3.0,0.05,26.9392,1.8857,28.8249,3.2291,0.226,32.28,32.4616,pt-price-st-2025-10-01.xlsx
2025-10-01,gh95,GASOHOL95 E10,16.8652,,6.75,0.675,3.0,0.05,27.3402,1.9138,29.254,3.1738,0.2222,32.65,32.4616,pt-price-st-2025-10-01.xlsx
2025-10-01,gl95,ULG95,16.7145,,7.5,0.75,9.6,0.05,34.6145,2.423,37.0375,3.6472,0.2553,40.94,32.4616,pt-price-st-2025-10-01.xlsx
2025-10-01,lpg,LPG (BAHT/KILOGRAM),18.9133,,2.17,0.217,-0.3824,0.0,20.9179,1.4643,22.3822,3.2566,0.228,25.8668,32.4616,pt-price-st-2025-10-01.xlsx
2025-10-02,ds,H-DIESEL,19.3142,,6.92,0.692,1.0,0.05,27.9762,1.9583,29.9345,1.8743,0.1312,31.94,32.594,pt-price-st-2025-10-02.xlsx
2025-10-02,e20,GASOHOL95 E20,16.7044,,6.0,0.6,1.9,0.05,25.2544,1.7678,27.0222,3.1942,0.2236,30.44,32.594,pt-price-st-2025-10-02.xlsx
2025-10-02,e85,GASOHOL95 E85,18.8515,,1.125,0.1125,3.6,0.05,23.739,1.6617,25.4007,2.7937,0.1956,28.39,32.594,pt-price-st-2025-10-02.xlsx
2025-10-02,fo1500,FO 1500 (2) 2%S,13.1353,,0.64,0.064,0.06,0.05,13.9493,0.9765,14.9258,,,,32.594,pt-price-st-2025-10-02.xlsx
2025-10-02,fo600,FO 600 (1) 2%S,13.9542,,0.64,0.064,0.06,0.05,14.7682,1.0338,15.802,,,,32.594,pt-price-st-2025-10-02.xlsx
2025-10-02,gh91,GASOHOL91,16.321,,6.75,0.675,3.0,0.05,26.796,1.8757,28.6717,3.3722,0.2361,32.28,32.594,pt-price-st-2025-10-02.xlsx
2025-10-02,gh95,GASOHOL95 E10,16.7236,,6.75,0.675,3.0,0.05,27.1986,1.9039,29.1025,3.3154,0.2321,32.65,32.594,pt-price-st-2025-10-02.xlsx
2025-10-02,gl95,ULG95,16.6592,,7.5,0.75,9.6,0.05,34.5592,2.4191,36.9783,3.7025,0.2592,40.94,32.594,pt-price-st-2025-10-02.xlsx
2025-10-02,lpg,LPG (BAHT/KILOGRAM),18.9133,,2.17,0.217,-0.3824,0.0,20.9179,1.4643,22.3822,3.2566,0.228,25.8668,32.594,pt-price-st-2025-10-02.xlsx
2025-10-03,ds,H-DIESEL,19.3036,,6.92,0.692,1.0,0.05,27.9656,1.9576,29.9232,1.8849,0.1319,31.94,32.5726,pt-price-st-2025-10-03.xlsx
2025-10-03,e20,GASOHOL95 E20,16.5971,,6.0,0.6,1.9,0.05,25.1471,1.7603,26.9074,3.3015,0.2311,30.44,32.5726,pt-price-st-2025-10-03.xlsx
2025-10-03,e85,GASOHOL95 E85,18.8183,,1.125,0.1125,3.6,0.05,23.7059,1.6594,25.3653,2.8268,0.1979,28.39,32.5726,pt-price-st-2025-10-03.xlsx
2025-10-03,fo1500,FO 1500 (2) 2%S,12.8914,,0.64,0.064,0.06,0.05,13.7054,0.9594,14.6648,,,,32.5726,pt-price-st-2025-10-03.xlsx
2025-10-03,fo600,FO 600 (1) 2%S,13.7475,,0.64,0.064,0.06,0.05,14.5615,1.0193,15.5808,,,,32.5726,pt-price-st-2025-10-03.xlsx
2025-10-03,gh91,GASOHOL91,16.2004,,6.75,0.675,3.0,0.05,26.6754,1.8673,28.5427,3.4928,0.2445,32.28,32.5726,pt-price-st-2025-10-03.xlsx
2025-10-03,gh95,GASOHOL95 E10,16.6028,,6.75,0.675,3.0,0.05,27.0778,1.8954,28.9732,3.4363,0.2405,32.65,32.5726,pt-price-st-2025-10-03.xlsx
2025-10-03,gl95,ULG95,16.4801,,7.5,0.75,9.6,0.05,34.3801,2.4066,36.7867,3.8816,0.2717,40.94,32.5726,pt-price-st-2025-10-03.xlsx
2025-10-03,lpg,LPG (BAHT/KILOGRAM),18.9133,,2.17,0.217,-0.3824,0.0,20.9179,1.4643,22.3822,3.2566,0.228,25.8668,32.5726,pt-price-st-2025-10-03.xlsx
2025-10-06,ds,H-DIESEL,19.107,,6.92,0.692,0.5,0.05,27.269,1.9088,29.1778,2.1142,0.148,31.44,32.6137,pt-price-st-2025-10-06.xlsx
2025-10-06,e20,GASOHOL95 E20,16.4688,,6.0,0.6,1.9,0.05,25.0188,1.7513,26.7701,2.9625,0.2074,29.94,32.6137,pt-price-st-2025-10-06.xlsx
2025-10-06,e85,GASOHOL95 E85,18.7787,,1.125,0.1125,3.6,0.05,23.6663,1.6566,25.3229,2.3992,0.1679,27.89,32.6137,pt-price-st-2025-10-06.xlsx
2025-10-06,fo1500,FO 1500 (2) 2%S,12.6601,,0.64,0.064,0.06,0.05,13.4741,0.9432,14.4173,,,,32.6137,pt-price-st-2025-10-06.xlsx
2025-10-06,fo600,FO 600 (1) 2%S,13.5159,,0.64,0.064,0.06,0.05,14.3299,1.0031,15.333,,,,32.6137,pt-price-st-2025-10-06.xlsx
2025-10-06,gh91,GASOHOL91,16.0563,,6.75,0.675,3.0,0.05,26.5313,1.8572,28.3885,3.1696,0.2219,31.78,32.6137,pt-price-st-2025-10-06.xlsx
2025-10-06,gh95,GASOHOL95 E10,16.4591,,6.75,0.675,3.0,0.05,26.9341,1.8854,28.8195,3.1126,0.2179,32.15,32.6137,pt-price-st-2025-10-06.xlsx
2025-10-06,gl95,ULG95,16.2593,,7.5,0.75,9.6,0.05,34.1593,2.3912,36.5505,3.635,0.2545,40.44,32.6137,pt-price-st-2025-10-06.xlsx
2025-10-06,lpg,LPG (BAHT/KILOGRAM),18.9133,,2.17,0.217,-0.3824,0.0,20.9179,1.4643,22.3822,3.2566,0.228,25.8668,32.6137,pt-price-st-2025-10-06.xlsx
2025-10-07,ds,H-DIESEL,18.9602,,6.92,0.692,0.5,0.05,27.1222,1.8986,29.0208,2.2609,0.1583,31.44,32.5528,pt-price-st-2025-10-07.xlsx
2025-10-07,e20,GASOHOL95 E20,16.4461,,6.0,0.6,1.9,0.05,24.9961,1.7497,26.7458,2.9852,0.209,29.94,32.5528,pt-price-st-2025-10-07.xlsx
2025-10-07,e85,GASOHOL95 E85,18.7717,,1.125,0.1125,3.6,0.05,23.6593,1.6562,25.3155,2.4061,0.1684,27.89,32.5528,pt-price-st-2025-10-07.xlsx
2025-10-07,fo1500,FO 1500 (2) 2%S,12.6857,,0.64,0.064,0.06,0.05,13.4997,0.945,14.4447,,,,32.5528,pt-price-st-2025-10-07.xlsx
2025-10-07,fo600,FO 600 (1) 2%S,13.511,,0.64,0.064,0.06,0.05,14.325,1.0028,15.3278,,,,32.5528,pt-price-st-2025-10-07.xlsx
2025-10-07,gh91,GASOHOL91,16.0308,,6.75,0.675,3.0,0.05,26.5058,1.8554,28.3612,3.1951,0.2237,31.78,32.5528,pt-price-st-2025-10-07.xlsx
2025-10-07,gh95,GASOHOL95 E10,16.4329,,6.75,0.675,3.0,0.05,26.9079,1.8836,28.7915,3.1388,0.2197,32.15,32.5528,pt-price-st-2025-10-07.xlsx
2025-10-07,gl95,ULG95,16.2911,,7.5,0.75,9.6,0.05,34.1911,2.3934,36.5845,3.6033,0.2522,40.44,32.5528,pt-price-st-2025-10-07.xlsx
2025-10-07,lpg,LPG (BAHT/KILOGRAM),18.9133,,2.17,0.217,-0.3824,0.0,20.9179,1.4643,22.3822,3.2566,0.228,25.8668,32.5528,pt-price-st-2025-10-07.xlsx
2025-10-08,ds,H-DIESEL,18.9831,,6.92,0.692,0.5,0.05,27.1451,1.9002,29.0453,2.238,0.1567,31.44,32.647,pt-price-st-2025-10-08.xlsx
2025-10-08,e20,GASOHOL95 E20,16.5877,,6.0,0.6,1.9,0.05,25.1377,1.7596,26.8973,2.8436,0.1991,29.94,32.647,pt-price-st-2025-10-08.xlsx
2025-10-08,e85,GASOHOL95 E85,18.8155,,1.125,0.1125,3.6,0.05,23.703,1.6592,25.3622,2.3624,0.1654,27.89,32.647,pt-price-st-2025-10-08.xlsx
2025-10-08,fo1500,FO 1500 (2) 2%S,12.8985,,0.64,0.064,0.06,0.05,13.7125,0.9599,14.6724,,,,32.647,pt-price-st-2025-10-08.xlsx
2025-10-08,fo600,FO 600 (1) 2%S,13.6919,,0.64,0.064,0.06,0.05,14.5059,1.0154,15.5213,,,,32.647,pt-price-st-2025-10-08.xlsx
2025-10-08,gh91,GASOHOL91,16.1899,,6.75,0.675,3.0,0.05,26.6649,1.8665,28.5314,3.0361,0.2125,31.78,32.647,pt-price-st-2025-10-08.xlsx
2025-10-08,gh95,GASOHOL95 E10,16.5932,,6.75,0.675,3.0,0.05,27.0682,1.8948,28.963,2.9785,0.2085,32.15,32.647,pt-price-st-2025-10-08.xlsx
2025-10-08,gl95,ULG95,16.5236,,7.5,0.75,9.6,0.05,34.4236,2.4097,36.8333,3.3707,0.236,40.44,32.647,pt-price-st-2025-10-08.xlsx
2025-10-08,lpg,LPG (BAHT/KILOGRAM),18.9133,,2.17,0.217,-0.3824,0.0,20.9179,1.4643,22.3822,3.2566,0.228,25.8668,32.647,pt-price-st-2025-10-08.xlsx
2025-10-09,ds,H-DIESEL,19.0858,,6.92,0.692,0.5,0.05,27.2478,1.9073,29.1551,2.1354,0.1495,31.44,32.6496,pt-price-st-2025-10-09.xlsx
2025-10-09,e20,GASOHOL95 E20,16.6845,,6.0,0.6,1.9,0.05,25.2345,1.7664,27.0009,2.7468,0.1923,29.94,32.6496,pt-price-st-2025-10-09.xlsx
2025-10-09,e85,GASOHOL95 E85,18.8453,,1.125,0.1125,3.6,0.05,23.7328,1.6613,25.3941,2.3326,0.1633,27.89,32.6496,pt-price-st-2025-10-09.xlsx
2025-10-09,fo1500,FO 1500 (2) 2%S,13.0364,,0.64,0.064,0.06,0.05,13.8504,0.9695,14.8199,,,,32.6496,pt-price-st-2025-10-09.xlsx
2025-10-09,fo600,FO 600 (1) 2%S,13.8251,,0.64,0.064,0.06,0.05,14.6391,1.0247,15.6638,,,,32.6496,pt-price-st-2025-10-09.xlsx
2025-10-09,gh91,GASOHOL91,16.2986,,6.75,0.675,3.0,0.05,26.7736,1.8742,28.6478,2.9273,0.2049,31.78,32.6496,pt-price-st-2025-10-09.xlsx
2025-10-09,gh95,GASOHOL95 E10,16.7019,,6.75,0.675,3.0,0.05,27.1769,1.9024,29.0793,2.8698,0.2009,32.15,32.6496,pt-price-st-2025-10-09.xlsx
2025-10-09,gl95,ULG95,16.6539,,7.5,0.75,9.6,0.05,34.5539,2.4188,36.9727,3.2405,0.2268,40.44,32.6496,pt-price-st-2025-10-09.xlsx
2025-10-09,lpg,LPG (BAHT/KILOGRAM),18.9133,,2.17,0.217,-0.3824,0.0,20.9179,1.4643,22.3822,3.2566,0.228,25.8668,32.6496,pt-price-st-2025-10-09.xlsx
2025-10-10,ds,H-DIESEL,19.3108,,6.92,0.692,0.5,0.05,27.4728,1.9231,29.3959,1.9104,0.1337,31.44,32.7271,pt-price-st-2025-10-10.xlsx
2025-10-10,e20,GASOHOL95 E20,16.8046,,6.0,0.6,1.9,0.05,25.3546,1.7748,27.1294,2.6267,0.1839,29.94,32.7271,pt-price-st-2025-10-10.xlsx
2025-10-10,e85,GASOHOL95 E85,18.8824,,1.125,0.1125,3.6,0.05,23.7699,1.6639,25.4338,2.2955,0.1607,27.89,32.7271,pt-price-st-2025-10-10.xlsx
2025-10-10,fo1500,FO 1500 (2) 2%S,13.0124,,0.64,0.064,0.06,0.05,13.8264,0.9678,14.7942,,,,32.7271,pt-price-st-2025-10-10.xlsx
2025-10-10,fo600,FO 600 (1) 2%S,13.8435,,0.64,0.064,0.06,0.05,14.6575,1.026,15.6835,,,,32.7271,pt-price-st-2025-10-10.xlsx
2025-10-10,gh91,GASOHOL91,16.4335,,6.75,0.675,3.0,0.05,26.9085,1.8836,28.7921,2.7924,0.1955,31.78,32.7271,pt-price-st-2025-10-10.xlsx
2025-10-10,gh95,GASOHOL95 E10,16.8378,,6.75,0.675,3.0,0.05,27.3128,1.9119,29.2247,2.7339,0.1914,32.15,32.7271,pt-price-st-2025-10-10.xlsx
2025-10-10,gl95,ULG95,16.843,,7.5,0.75,9.6,0.05,34.743,2.432,37.175,3.0514,0.2136,40.44,32.7271,pt-price-st-2025-10-10.xlsx
2025-10-10,lpg,LPG (BAHT/KILOGRAM),18.9133,,2.17,0.217,-0.3824,0.0,20.9179,1.4643,22.3822,3.2566,0.228,25.8668,32.7271,pt-price-st-2025-10-10.xlsx
2025-10-14,ds,H-DIESEL,19.0946,,6.92,0.692,0.5,0.05,27.2566,1.908,29.1646,2.1265,0.1489,31.44,32.9205,pt-price-st-2025-10-14.xlsx
2025-10-14,e20,GASOHOL95 E20,16.6842,,6.0,0.6,1.9,0.05,25.2342,1.7664,27.0006,2.7471,0.1923,29.94,32.9205,pt-price-st-2025-10-14.xlsx
2025-10-14,e85,GASOHOL95 E85,18.8453,,1.125,0.1125,3.6,0.05,23.7328,1.6613,25.3941,2.3326,0.1633,27.89,32.9205,pt-price-st-2025-10-14.xlsx
2025-10-14,fo1500,FO 1500 (2) 2%S,12.4745,,0.64,0.064,0.06,0.05,13.2885,0.9302,14.2187,,,,32.9205,pt-price-st-2025-10-14.xlsx
2025-10-14,fo600,FO 600 (1) 2%S,13.35,,0.64,0.064,0.06,0.05,14.164,0.9915,15.1555,,,,32.9205,pt-price-st-2025-10-14.xlsx
2025-10-14,gh91,GASOHOL91,16.2983,,6.75,0.675,3.0,0.05,26.7733,1.8741,28.6474,2.9277,0.2049,31.78,32.9205,pt-price-st-2025-10-14.xlsx
2025-10-14,gh95,GASOHOL95 E10,16.7049,,6.75,0.675,3.0,0.05,27.1799,1.9026,29.0825,2.8668,0.2007,32.15,32.9205,pt-price-st-2025-10-14.xlsx
2025-10-14,gl95,ULG95,16.725,,7.5,0.75,9.6,0.05,34.625,2.4238,37.0488,3.1693,0.2219,40.44,32.9205,pt-price-st-2025-10-14.xlsx
2025-10-14,lpg,LPG (BAHT/KILOGRAM),18.9133,,2.17,0.217,-0.3824,0.0,20.9179,1.4643,22.3822,3.2566,0.228,25.8668,32.9205,pt-price-st-2025-10-14.xlsx
2025-10-15,ds,H-DIESEL,18.7669,,6.92,0.692,0.5,0.05,26.9289,1.885,28.8139,2.4543,0.1718,31.44,32.7742,pt-price-st-2025-10-15.xlsx
2025-10-15,e20,GASOHOL95 E20,16.5557,,6.0,0.6,1.9,0.05,25.1057,1.7574,26.8631,2.8756,0.2013,29.94,32.7742,pt-price-st-2025-10-15.xlsx
2025-10-15,e85,GASOHOL95 E85,18.8056,,1.125,0.1125,3.6,0.05,23.6931,1.6585,25.3516,2.3723,0.1661,27.89,32.7742,pt-price-st-2025-10-15.xlsx
2025-10-15,fo1500,FO 1500 (2) 2%S,12.0947,,0.64,0.064,0.06,0.05,12.9087,0.9036,13.8123,,,,32.7742,pt-price-st-2025-10-15.xlsx
2025-10-15,fo600,FO 600 (1) 2%S,12.9764,,0.64,0.064,0.06,0.05,13.7904,0.9653,14.7557,,,,32.7742,pt-price-st-2025-10-15.xlsx
2025-10-15,gh91,GASOHOL91,16.154,,6.75,0.675,3.0,0.05,26.629,1.864,28.493,3.072,0.215,31.78,32.7742,pt-price-st-2025-10-15.xlsx
2025-10-15,gh95,GASOHOL95 E10,16.5588,,6.75,0.675,3.0,0.05,27.0338,1.8924,28.9262,3.0129,0.2109,32.15,32.7742,pt-price-st-2025-10-15.xlsx
2025-10-15,gl95,ULG95,16.5543,,7.5,0.75,9.6,0.05,34.4543,2.4118,36.8661,3.3401,0.2338,40.44,32.7742,pt-price-st-2025-10-15.xlsx
2025-10-15,lpg,LPG (BAHT/KILOGRAM),17.6201,,2.17,0.217,0.9108,0.0,20.9179,1.4643,22.3822,3.2566,0.228,25.8668,32.7742,pt-price-st-2025-10-15.xlsx
2025-10-16,ds,H-DIESEL,18.6187,,6.92,0.692,1.0,0.05,27.2807,1.9096,29.1903,2.1025,0.1472,31.44,32.7459,pt-price-st-2025-10-16.xlsx
2025-10-16,e20,GASOHOL95 E20,16.542,,6.0,0.6,1.9,0.05,25.092,1.7564,26.8484,2.8893,0.2023,29.94,32.7459,pt-price-st-2025-10-16.xlsx
2025-10-16,e85,GASOHOL95 E85,18.8013,,1.125,0.1125,3.6,0.05,23.6889,1.6582,25.3471,2.3765,0.1664,27.89,32.7459,pt-price-st-2025-10-16.xlsx
2025-10-16,fo1500,FO 1500 (2) 2%S,12.0992,,0.64,0.064,0.06,0.05,12.9132,0.9039,13.8171,,,,32.7459,pt-price-st-2025-10-16.xlsx
2025-10-16,fo600,FO 600 (1) 2%S,12.9547,,0.64,0.064,0.06,0.05,13.7687,0.9638,14.7325,,,,32.7459,pt-price-st-2025-10-16.xlsx
2025-10-16,gh91,GASOHOL91,16.1385,,6.75,0.675,3.0,0.05,26.6135,1.8629,28.4764,3.0875,0.2161,31.78,32.7459,pt-price-st-2025-10-16.xlsx
2025-10-16,gh95,GASOHOL95 E10,16.5431,,6.75,0.675,3.0,0.05,27.0181,1.8913,28.9094,3.0286,0.212,32.15,32.7459,pt-price-st-2025-10-16.xlsx
2025-10-16,gl95,ULG95,16.5366,,7.5,0.75,9.6,0.05,34.4366,2.4106,36.8472,3.3578,0.235,40.44,32.7459,pt-price-st-2025-10-16.xlsx
2025-10-16,lpg,LPG (BAHT/KILOGRAM),17.6201,,2.17,0.217,0.9108,0.0,20.9179,1.4643,22.3822,3.2566,0.228,25.8668,32.7459,pt-price-st-2025-10-16.xlsx
2025-10-17,ds,H-DIESEL,18.4913,,6.92,0.692,1.0,0.05,27.1533,1.9007,29.054,2.2299,0.1561,31.44,32.6844,pt-price-st-2025-10-17.xlsx
2025-10-17,e20,GASOHOL95 E20,16.5779,,6.0,0.6,1.9,0.05,25.1279,1.759,26.8869,2.8534,0.1997,29.94,32.6844,pt-price-st-2025-10-17.xlsx
2025-10-17,e85,GASOHOL95 E85,18.8124,,1.125,0.1125,3.6,0.05,23.7,1.659,25.359,2.3654,0.1656,27.89,32.6844,pt-price-st-2025-10-17.xlsx
2025-10-17,fo1500,FO 1500 (2) 2%S,12.2053,,0.64,0.064,0.06,0.05,13.0193,0.9114,13.9307,,,,32.6844,pt-price-st-2025-10-17.xlsx
2025-10-17,fo600,FO 600 (1) 2%S,13.0214,,0.64,0.064,0.06,0.05,13.8354,0.9685,14.8039,,,,32.6844,pt-price-st-2025-10-17.xlsx
2025-10-17,gh91,GASOHOL91,16.1789,,6.75,0.675,3.0,0.05,26.6539,1.8658,28.5197,3.047,0.2133,31.78,32.6844,pt-price-st-2025-10-17.xlsx
2025-10-17,gh95,GASOHOL95 E10,16.5826,,6.75,0.675,3.0,0.05,27.0576,1.894,28.9516,2.9892,0.2092,32.15,32.6844,pt-price-st-2025-10-17.xlsx
2025-10-17,gl95,ULG95,16.5795,,7.5,0.75,9.6,0.05,34.4795,2.4136,36.8931,3.3149,0.232,40.44,32.6844,pt-price-st-2025-10-17.xlsx
2025-10-17,lpg,LPG (BAHT/KILOGRAM),17.6201,,2.17,0.217,0.9108,0.0,20.9179,1.4643,22.3822,3.2566,0.228,25.8668,32.6844,pt-price-st-2025-10-17.xlsx
2025-10-20,ds,H-DIESEL,18.3558,,6.92,0.692,1.0,0.05,27.0178,1.8912,28.909,2.3654,0.1656,31.44,32.7352,pt-price-st-2025-10-20.xlsx
2025-10-20,e20,GASOHOL95 E20,16.4691,,6.0,0.6,1.9,0.05,25.0191,1.7513,26.7704,2.9622,0.2074,29.94,32.7352,pt-price-st-2025-10-20.xlsx
2025-10-20,e85,GASOHOL95 E85,18.7788,,1.125,0.1125,3.6,0.05,23.6664,1.6566,25.323,2.3991,0.1679,27.89,32.7352,pt-price-st-2025-10-20.xlsx
2025-10-20,fo1500,FO 1500 (2) 2%S,12.0756,,0.64,0.064,0.06,0.05,12.8896,0.9023,13.7919,,,,32.7352,pt-price-st-2025-10-20.xlsx
2025-10-20,fo600,FO 600 (1) 2%S,12.8811,,0.64,0.064,0.06,0.05,13.6951,0.9587,14.6538,,,,32.7352,pt-price-st-2025-10-20.xlsx
2025-10-20,gh91,GASOHOL91,16.0566,,6.75,0.675,3.0,0.05,26.5316,1.8572,28.3888,3.1693,0.2219,31.78,32.7352,pt-price-st-2025-10-20.xlsx
2025-10-20,gh95,GASOHOL95 E10,16.461,,6.75,0.675,3.0,0.05,26.936,1.8855,28.8215,3.1107,0.2178,32.15,32.7352,pt-price-st-2025-10-20.xlsx
2025-10-20,gl95,ULG95,16.4504,,7.5,0.75,9.6,0.05,34.3504,2.4045,36.7549,3.444,0.2411,40.44,32.7352,pt-price-st-2025-10-20.xlsx
2025-10-20,lpg,LPG (BAHT/KILOGRAM),17.6201,,2.17,0.217,0.9108,0.0,20.9179,1.4643,22.3822,3.2566,0.228,25.8668,32.7352,pt-price-st-2025-10-20.xlsx
2025-10-21,ds,H-DIESEL,18.4485,,6.92,0.692,1.0,0.05,27.1105,1.8977,29.0082,1.8054,0.1264,30.94,32.92,pt-price-st-2025-10-21.xlsx
2025-10-21,e20,GASOHOL95 E20,16.5408,,6.0,0.6,1.6,0.05,24.7908,1.7354,26.5262,2.9101,0.2037,29.64,32.92,pt-price-st-2025-10-21.xlsx
2025-10-21,e85,GASOHOL95 E85,18.801,,1.125,0.1125,2.7,0.05,22.7885,1.5952,24.3837,2.9965,0.2098,27.59,32.92,pt-price-st-2025-10-21.xlsx
2025-10-21,fo1500,FO 1500 (2) 2%S,12.1437,,0.64,0.064,0.06,0.05,12.9577,0.907,13.8647,,,,32.92,pt-price-st-2025-10-21.xlsx
2025-10-21,fo600,FO 600 (1) 2%S,12.9538,,0.64,0.064,0.06,0.05,13.7678,0.9637,14.7315,,,,32.92,pt-price-st-2025-10-21.xlsx
2025-10-21,gh91,GASOHOL91,16.1372,,6.75,0.675,2.7,0.05,26.3122,1.8419,28.1541,3.1083,0.2176,31.48,32.92,pt-price-st-2025-10-21.xlsx
2025-10-21,gh95,GASOHOL95 E10,16.5439,,6.75,0.675,2.7,0.05,26.7189,1.8703,28.5892,3.0475,0.2133,31.85,32.92,pt-price-st-2025-10-21.xlsx
2025-10-21,gl95,ULG95,16.5432,,7.5,0.75,9.3,0.05,34.1432,2.39,36.5332,3.3708,0.236,40.14,32.92,pt-price-st-2025-10-21.xlsx
2025-10-21,lpg,LPG (BAHT/KILOGRAM),17.6201,,2.17,0.217,0.9108,0.0,20.9179,1.4643,22.3822,3.2566,0.228,25.8668,32.92,pt-price-st-2025-10-21.xlsx
2025-10-22,ds,H-DIESEL,18.428,,6.92,0.692,1.0,0.05,27.09,1.8963,28.9863,1.8259,0.1278,30.94,32.7827,pt-price-st-2025-10-22.xlsx
2025-10-22,e20,GASOHOL95 E20,16.4155,,6.0,0.6,1.6,0.05,24.6655,1.7266,26.3921,3.0354,0.2125,29.64,32.7827,pt-price-st-2025-10-22.xlsx
2025-10-22,e85,GASOHOL95 E85,18.7623,,1.125,0.1125,2.7,0.05,22.7498,1.5925,24.3423,3.0352,0.2125,27.59,32.7827,pt-price-st-2025-10-22.xlsx
2025-10-22,fo1500,FO 1500 (2) 2%S,12.0162,,0.64,0.064,0.06,0.05,12.8302,0.8981,13.7283,,,,32.7827,pt-price-st-2025-10-22.xlsx
2025-10-22,fo600,FO 600 (1) 2%S,12.8424,,0.64,0.064,0.06,0.05,13.6564,0.9559,14.6123,,,,32.7827,pt-price-st-2025-10-22.xlsx
2025-10-22,gh91,GASOHOL91,15.9964,,6.75,0.675,2.7,0.05,26.1714,1.832,28.0034,3.2492,0.2274,31.48,32.7827,pt-price-st-2025-10-22.xlsx
2025-10-22,gh95,GASOHOL95 E10,16.4013,,6.75,0.675,2.7,0.05,26.5763,1.8603,28.4366,3.1901,0.2233,31.85,32.7827,pt-price-st-2025-10-22.xlsx
2025-10-22,gl95,ULG95,16.3886,,7.5,0.75,9.3,0.05,33.9886,2.3792,36.3678,3.5254,0.2468,40.14,32.7827,pt-price-st-2025-10-22.xlsx
2025-10-22,lpg,LPG (BAHT/KILOGRAM),17.6201,,2.17,0.217,0.9108,0.0,20.9179,1.4643,22.3822,3.2566,0.228,25.8668,32.7827,pt-price-st-2025-10-22.xlsx
2025-10-24,ds,H-DIESEL,19.4892,,6.92,0.692,1.0,0.05,28.1512,1.9706,30.1218,0.7647,0.0535,30.94,32.9727,pt-price-st-2025-10-24.xlsx
2025-10-24,e20,GASOHOL95 E20,16.8843,,6.0,0.6,1.6,0.05,25.1343,1.7594,26.8937,2.5666,0.1797,29.64,32.9727,pt-price-st-2025-10-24.xlsx
2025-10-24,e85,GASOHOL95 E85,18.907,,1.125,0.1125,2.7,0.05,22.8945,1.6026,24.4971,2.8906,0.2023,27.59,32.9727,pt-price-st-2025-10-24.xlsx
2025-10-24,fo1500,FO 1500 (2) 2%S,12.6236,,0.64,0.064,0.06,0.05,13.4376,0.9406,14.3782,,,,32.9727,pt-price-st-2025-10-24.xlsx
2025-10-24,fo600,FO 600 (1) 2%S,13.5327,,0.64,0.064,0.06,0.05,14.3467,1.0043,15.351,,,,32.9727,pt-price-st-2025-10-24.xlsx
2025-10-24,gh91,GASOHOL91,16.5231,,6.75,0.675,2.7,0.05,26.6981,1.8689,28.567,2.7224,0.1906,31.48,32.9727,pt-price-st-2025-10-24.xlsx
2025-10-24,gh95,GASOHOL95 E10,16.9304,,6.75,0.675,2.7,0.05,27.1054,1.8974,29.0028,2.6609,0.1863,31.85,32.9727,pt-price-st-2025-10-24.xlsx
2025-10-24,gl95,ULG95,17.0195,,7.5,0.75,9.3,0.05,34.6195,2.4234,37.0429,2.8945,0.2026,40.14,32.9727,pt-price-st-2025-10-24.xlsx
2025-10-24,lpg,LPG (BAHT/KILOGRAM),17.6201,,2.17,0.217,0.9108,0.0,20.9179,1.4643,22.3822,3.2566,0.228,25.8668,32.9727,pt-price-st-2025-10-24.xlsx
2025-10-27,ds,H-DIESEL,20.107,,6.92,0.692,0.3,0.05,28.069,1.9648,30.0338,0.8469,0.0593,30.94,32.9574,pt-price-st-2025-10-27.xlsx
2025-10-27,e20,GASOHOL95 E20,17.2159,,6.0,0.6,1.1,0.05,24.9659,1.7476,26.7135,2.735,0.1915,29.64,32.9574,pt-price-st-2025-10-27.xlsx
2025-10-27,e85,GASOHOL95 E85,19.0093,,1.125,0.1125,2.2,0.05,22.4969,1.5748,24.0717,3.2881,0.2302,27.59,32.9574,pt-price-st-2025-10-27.xlsx
2025-10-27,fo1500,FO 1500 (2) 2%S,13.0362,,0.64,0.064,0.06,0.05,13.8502,0.9695,14.8197,,,,32.9574,pt-price-st-2025-10-27.xlsx
2025-10-27,fo600,FO 600 (1) 2%S,13.9792,,0.64,0.064,0.06,0.05,14.7932,1.0355,15.8287,,,,32.9574,pt-price-st-2025-10-27.xlsx
2025-10-27,gh91,GASOHOL91,16.8956,,6.75,0.675,2.2,0.05,26.5706,1.8599,28.4305,2.85,0.1995,31.48,32.9574,pt-price-st-2025-10-27.xlsx
2025-10-27,gh95,GASOHOL95 E10,17.3028,,6.75,0.675,2.2,0.05,26.9778,1.8884,28.8662,2.7886,0.1952,31.85,32.9574,pt-price-st-2025-10-27.xlsx
2025-10-27,gl95,ULG95,17.4152,,7.5,0.75,8.8,0.05,34.5152,2.4161,36.9313,2.9988,0.2099,40.14,32.9574,pt-price-st-2025-10-27.xlsx
2025-10-27,lpg,LPG (BAHT/KILOGRAM),17.6201,,2.17,0.217,0.9108,0.0,20.9179,1.4643,22.3822,3.2566,0.228,25.8668,32.9574,pt-price-st-2025-10-27.xlsx
2025-10-28,ds,H-DIESEL,20.2627,,6.92,0.692,-0.7,0.05,27.2247,1.9057,29.1304,1.6912,0.1184,30.94,32.8398,pt-price-st-2025-10-28.xlsx
2025-10-28,e20,GASOHOL95 E20,17.2566,,6.0,0.6,1.1,0.05,25.0066,1.7505,26.7571,2.6943,0.1886,29.64,32.8398,pt-price-st-2025-10-28.xlsx
2025-10-28,e85,GASOHOL95 E85,19.0219,,1.125,0.1125,2.2,0.05,22.5094,1.5757,24.0851,3.2756,0.2293,27.59,32.8398,pt-price-st-2025-10-28.xlsx
2025-10-28,fo1500,FO 1500 (2) 2%S,12.9032,,0.64,0.064,0.06,0.05,13.7172,0.9602,14.6774,,,,32.8398,pt-price-st-2025-10-28.xlsx
2025-10-28,fo600,FO 600 (1) 2%S,13.895,,0.64,0.064,0.06,0.05,14.709,1.0296,15.7386,,,,32.8398,pt-price-st-2025-10-28.xlsx
2025-10-28,gh91,GASOHOL91,16.9413,,6.75,0.675,2.2,0.05,26.6163,1.8631,28.4794,2.8043,0.1963,31.48,32.8398,pt-price-st-2025-10-28.xlsx
2025-10-28,gh95,GASOHOL95 E10,17.3469,,6.75,0.675,2.2,0.05,27.0219,1.8915,28.9134,2.7445,0.1921,31.85,32.8398,pt-price-st-2025-10-28.xlsx
2025-10-28,gl95,ULG95,17.4273,,7.5,0.75,8.8,0.05,34.5273,2.4169,36.9442,2.9867,0.2091,40.14,32.8398,pt-price-st-2025-10-28.xlsx
2025-10-28,lpg,LPG (BAHT/KILOGRAM),16.6537,,2.17,0.217,1.8772,0.0,20.9179,1.4643,22.3822,3.2566,0.228,25.8668,32.8398,pt-price-st-2025-10-28.xlsx
2025-10-29,ds,H-DIESEL,20.2996,,6.92,0.692,-0.7,0.05,27.2616,1.9083,29.1699,1.6543,0.1158,30.94,32.7891,pt-price-st-2025-10-29.xlsx
2025-10-29,e20,GASOHOL95 E20,17.1701,,6.0,0.6,1.1,0.05,24.9201,1.7444,26.6645,2.7808,0.1947,29.64,32.7891,pt-price-st-2025-10-29.xlsx
2025-10-29,e85,GASOHOL95 E85,18.9952,,1.125,0.1125,2.2,0.05,22.4827,1.5738,24.0565,3.3023,0.2312,27.59,32.7891,pt-price-st-2025-10-29.xlsx
2025-10-29,fo1500,FO 1500 (2) 2%S,12.7309,,0.64,0.064,0.06,0.05,13.5449,0.9481,14.493,,,,32.7891,pt-price-st-2025-10-29.xlsx
2025-10-29,fo600,FO 600 (1) 2%S,13.7581,,0.64,0.064,0.06,0.05,14.5721,1.02,15.5921,,,,32.7891,pt-price-st-2025-10-29.xlsx
2025-10-29,gh91,GASOHOL91,16.8442,,6.75,0.675,2.2,0.05,26.5192,1.8563,28.3755,2.9014,0.2031,31.48,32.7891,pt-price-st-2025-10-29.xlsx
2025-10-29,gh95,GASOHOL95 E10,17.2493,,6.75,0.675,2.2,0.05,26.9243,1.8847,28.809,2.8421,0.1989,31.85,32.7891,pt-price-st-2025-10-29.xlsx
2025-10-29,gl95,ULG95,17.3215,,7.5,0.75,8.8,0.05,34.4215,2.4095,36.831,3.0925,0.2165,40.14,32.7891,pt-price-st-2025-10-29.xlsx
2025-10-29,lpg,LPG (BAHT/KILOGRAM),16.6537,,2.17,0.217,1.8772,0.0,20.9179,1.4643,22.3822,3.2566,0.228,25.8668,32.7891,pt-price-st-2025-10-29.xlsx
2025-10-30,ds,H-DIESEL,19.9526,,6.92,0.692,-0.7,0.05,26.9147,1.884,28.7987,2.0012,0.1401,30.94,32.4962,pt-price-st-2025-10-30.xlsx
2025-10-30,e20,GASOHOL95 E20,17.0422,,6.0,0.6,1.1,0.05,24.7922,1.7355,26.5277,2.9087,0.2036,29.64,32.4962,pt-price-st-2025-10-30.xlsx
2025-10-30,e85,GASOHOL95 E85,18.9557,,1.125,0.1125,2.2,0.05,22.4433,1.571,24.0143,3.3418,0.2339,27.59,32.4962,pt-price-st-2025-10-30.xlsx
2025-10-30,fo1500,FO 1500 (2) 2%S,12.3764,,0.64,0.064,0.06,0.05,13.1904,0.9233,14.1137,,,,32.4962,pt-price-st-2025-10-30.xlsx
2025-10-30,fo600,FO 600 (1) 2%S,13.4028,,0.64,0.064,0.06,0.05,14.2168,0.9952,15.212,,,,32.4962,pt-price-st-2025-10-30.xlsx
2025-10-30,gh91,GASOHOL91,16.7005,,6.75,0.675,2.2,0.05,26.3755,1.8463,28.2218,3.045,0.2132,31.48,32.4962,pt-price-st-2025-10-30.xlsx
2025-10-30,gh95,GASOHOL95 E10,17.102,,6.75,0.675,2.2,0.05,26.777,1.8744,28.6514,2.9893,0.2093,31.85,32.4962,pt-price-st-2025-10-30.xlsx
2025-10-30,gl95,ULG95,17.1648,,7.5,0.75,8.8,0.05,34.2648,2.3985,36.6633,3.2493,0.2274,40.14,32.4962,pt-price-st-2025-10-30.xlsx
2025-10-30,lpg,LPG (BAHT/KILOGRAM),16.6537,,2.17,0.217,1.8772,0.0,20.9179,1.4643,22.3822,3.2566,0.228,25.8668,32.4962,pt-price-st-2025-10-30.xlsx
2025-10-31,ds,H-DIESEL,19.9798,,6.92,0.692,-0.7,0.05,26.9418,1.8859,28.8277,1.9741,0.1382,30.94,32.5696,pt-price-st-2025-10-31.xlsx
2025-10-31,e20,GASOHOL95 E20,17.1211,,6.0,0.6,1.1,0.05,24.8711,1.741,26.6121,2.8298,0.1981,29.64,32.5696,pt-price-st-2025-10-31.xlsx
2025-10-31,e85,GASOHOL95 E85,18.9801,,1.125,0.1125,2.2,0.05,22.4676,1.5727,24.0403,3.3175,0.2322,27.59,32.5696,pt-price-st-2025-10-31.xlsx
2025-10-31,fo1500,FO 1500 (2) 2%S,12.2855,,0.64,0.064,0.06,0.05,13.0995,0.917,14.0165,,,,32.5696,pt-price-st-2025-10-31.xlsx
2025-10-31,fo600,FO 600 (1) 2%S,13.3322,,0.64,0.064,0.06,0.05,14.1462,0.9902,15.1364,,,,32.5696,pt-price-st-2025-10-31.xlsx
2025-10-31,gh91,GASOHOL91,16.7892,,6.75,0.675,2.2,0.05,26.4642,1.8525,28.3167,2.9564,0.2069,31.48,32.5696,pt-price-st-2025-10-31.xlsx
2025-10-31,gh95,GASOHOL95 E10,17.1915,,6.75,0.675,2.2,0.05,26.8665,1.8807,28.7472,2.8998,0.203,31.85,32.5696,pt-price-st-2025-10-31.xlsx
2025-10-31,gl95,ULG95,17.2625,,7.5,0.75,8.8,0.05,34.3625,2.4054,36.7679,3.1515,0.2206,40.14,32.5696,pt-price-st-2025-10-31.xlsx
2025-10-31,lpg,LPG (BAHT/KILOGRAM),16.6537,,2.17,0.217,1.8772,0.0,20.9179,1.4643,22.3822,3.2566,0.228,25.8668,32.5696,pt-price-st-2025-10-31.xlsx
2025-11-03,ds,H-DIESEL,20.1073,,6.92,0.692,-0.7,0.05,27.0693,1.8949,28.9642,1.8465,0.1293,30.94,32.507,pt-price-st-2025-11-3.xlsx
2025-11-03,e20,GASOHOL95 E20,16.9988,,6.0,0.6,1.1,0.05,24.7488,1.7324,26.4812,2.9521,0.2067,29.64,32.507,pt-price-st-2025-11-3.xlsx
2025-11-03,e85,GASOHOL95 E85,18.9354,,1.125,0.1125,2.2,0.05,22.4229,1.5696,23.9925,3.3621,0.2354,27.59,32.507,pt-price-st-2025-11-3.xlsx
2025-11-03,fo1500,FO 1500 (2) 2%S,12.2976,,0.64,0.064,0.06,0.05,13.1116,0.9178,14.0294,,,,32.507,pt-price-st-2025-11-3.xlsx
2025-11-03,fo600,FO 600 (1) 2%S,13.3724,,0.64,0.064,0.06,0.05,14.1864,0.993,15.1794,,,,32.507,pt-price-st-2025-11-3.xlsx
2025-11-03,gh91,GASOHOL91,16.6529,,6.75,0.675,2.2,0.05,26.3279,1.843,28.1709,3.0926,0.2165,31.48,32.507,pt-price-st-2025-11-3.xlsx
2025-11-03,gh95,GASOHOL95 E10,17.0544,,6.75,0.675,2.2,0.05,26.7294,1.8711,28.6005,3.0369,0.2126,31.85,32.507,pt-price-st-2025-11-3.xlsx
2025-11-03,gl95,ULG95,17.1397,,7.5,0.75,8.8,0.05,34.2397,2.3968,36.6365,3.2743,0.2292,40.14,32.507,pt-price-st-2025-11-3.xlsx
2025-11-03,lpg,LPG (BAHT/KILOGRAM),16.6537,,2.17,0.217,1.8772,0.0,20.9179,1.4643,22.3822,3.2566,0.228,25.8668,32.507,pt-price-st-2025-11-3.xlsx
2025-11-04,ds,H-DIESEL,20.2518,,6.92,0.692,-0.7,0.05,27.2138,1.905,29.1188,1.7021,0.1191,30.94,32.5918,pt-price-st-2025-11-4.xlsx
2025-11-04,e20,GASOHOL95 E20,17.0349,,6.0,0.6,1.1,0.05,24.7849,1.7349,26.5198,2.9161,0.2041,29.64,32.5918,pt-price-st-2025-11-4.xlsx
2025-11-04,e85,GASOHOL95 E85,18.9466,,1.125,0.1125,2.2,0.05,22.4341,1.5704,24.0045,3.3509,0.2346,27.59,32.5918,pt-price-st-2025-11-4.xlsx
2025-11-04,fo1500,FO 1500 (2) 2%S,12.3912,,0.64,0.064,0.06,0.05,13.2052,0.9244,14.1296,,,,32.5918,pt-price-st-2025-11-4.xlsx
2025-11-04,fo600,FO 600 (1) 2%S,13.4764,,0.64,0.064,0.06,0.05,14.2904,1.0003,15.2907,,,,32.5918,pt-price-st-2025-11-4.xlsx
2025-11-04,gh91,GASOHOL91,16.6935,,6.75,0.675,2.2,0.05,26.3685,1.8458,28.2143,3.0521,0.2136,31.48,32.5918,pt-price-st-2025-11-4.xlsx
2025-11-04,gh95,GASOHOL95 E10,17.0961,,6.75,0.675,2.2,0.05,26.7711,1.874,28.6451,2.9952,0.2097,31.85,32.5918,pt-price-st-2025-11-4.xlsx
2025-11-04,gl95,ULG95,17.2421,,7.5,0.75,8.8,0.05,34.3421,2.4039,36.746,3.172,0.222,40.14,32.5918,pt-price-st-2025-11-4.xlsx
2025-11-04,lpg,LPG (BAHT/KILOGRAM),16.6537,,2.17,0.217,1.8772,0.0,20.9179,1.4643,22.3822,3.2566,0.228,25.8668,32.5918,pt-price-st-2025-11-4.xlsx
2025-11-05,ds,H-DIESEL,20.1607,,6.92,0.692,-0.7,0.05,27.1227,1.8986,29.0213,1.7932,0.1255,30.94,32.6888,pt-price-st-2025-11-5.xlsx
2025-11-05,e20,GASOHOL95 E20,17.0101,,6.0,0.6,1.1,0.05,24.7601,1.7332,26.4933,2.9408,0.2059,29.64,32.6888,pt-price-st-2025-11-5.xlsx
2025-11-05,e85,GASOHOL95 E85,18.9389,,1.125,0.1125,2.2,0.05,22.4264,1.5698,23.9962,3.3587,0.2351,27.59,32.6888,pt-price-st-2025-11-5.xlsx
2025-11-05,fo1500,FO 1500 (2) 2%S,12.3657,,0.64,0.064,0.06,0.05,13.1797,0.9226,14.1023,,,,32.6888,pt-price-st-2025-11-5.xlsx
2025-11-05,fo600,FO 600 (1) 2%S,13.4394,,0.64,0.064,0.06,0.05,14.2534,0.9977,15.2511,,,,32.6888,pt-price-st-2025-11-5.xlsx
2025-11-05,gh91,GASOHOL91,16.6657,,6.75,0.675,2.2,0.05,26.3407,1.8438,28.1845,3.0799,0.2156,31.48,32.6888,pt-price-st-2025-11-5.xlsx
2025-11-05,gh95,GASOHOL95 E10,17.0695,,6.75,0.675,2.2,0.05,26.7445,1.8721,28.6166,3.0219,0.2115,31.85,32.6888,pt-price-st-2025-11-5.xlsx
2025-11-05,gl95,ULG95,17.1488,,7.5,0.75,8.8,0.05,34.2488,2.3974,36.6462,3.2652,0.2286,40.14,32.6888,pt-price-st-2025-11-5.xlsx
2025-11-05,lpg,LPG (BAHT/KILOGRAM),16.6537,,2.17,0.217,1.8772,0.0,20.9179,1.4643,22.3822,3.2566,0.228,25.8668,32.6888,pt-price-st-2025-11-5.xlsx
2025-11-06,ds,H-DIESEL,20.2931,,6.92,0.692,-0.7,0.05,27.2551,1.9079,29.163,1.6607,0.1163,30.94,32.7383,pt-price-st-2025-11-6.xlsx
2025-11-06,e20,GASOHOL95 E20,16.9484,,6.0,0.6,1.1,0.05,24.6984,1.7289,26.4273,3.0025,0.2102,29.64,32.7383,pt-price-st-2025-11-6.xlsx
2025-11-06,e85,GASOHOL95 E85,18.9199,,1.125,0.1125,2.2,0.05,22.4074,1.5685,23.9759,3.3777,0.2364,27.59,32.7383,pt-price-st-2025-11-6.xlsx
2025-11-06,fo1500,FO 1500 (2) 2%S,12.256,,0.64,0.064,0.06,0.05,13.07,0.9149,13.9849,,,,32.7383,pt-price-st-2025-11-6.xlsx
2025-11-06,fo600,FO 600 (1) 2%S,13.3707,,0.64,0.064,0.06,0.05,14.1847,0.9929,15.1776,,,,32.7383,pt-price-st-2025-11-6.xlsx
2025-11-06,gh91,GASOHOL91,16.5963,,6.75,0.675,2.2,0.05,26.2713,1.839,28.1103,3.1493,0.2204,31.48,32.7383,pt-price-st-2025-11-6.xlsx
2025-11-06,gh95,GASOHOL95 E10,17.0007,,6.75,0.675,2.2,0.05,26.6757,1.8673,28.543,3.0907,0.2163,31.85,32.7383,pt-price-st-2025-11-6.xlsx
2025-11-06,gl95,ULG95,17.0292,,7.5,0.75,8.8,0.05,34.1292,2.389,36.5182,3.3849,0.2369,40.14,32.7383,pt-price-st-2025-11-6.xlsx
2025-11-06,lpg,LPG (BAHT/KILOGRAM),16.6537,,2.17,0.217,1.8772,0.0,20.9179,1.4643,22.3822,3.2566,0.228,25.8668,32.7383,pt-price-st-2025-11-6.xlsx
2025-11-07,ds,H-DIESEL,20.3583,,6.92,0.692,-0.7,0.05,27.3203,1.9124,29.2327,1.5956,0.1117,30.94,32.6078,pt-price-st-2025-11-7.xlsx
2025-11-07,e20,GASOHOL95 E20,16.9284,,6.0,0.6,1.1,0.05,24.6784,1.7275,26.4059,3.0225,0.2116,29.64,32.6078,pt-price-st-2025-11-7.xlsx
2025-11-07,e85,GASOHOL95 E85,18.9137,,1.125,0.1125,2.2,0.05,22.4012,1.5681,23.9693,3.3838,0.2369,27.59,32.6078,pt-price-st-2025-11-7.xlsx
2025-11-07,fo1500,FO 1500 (2) 2%S,12.0976,,0.64,0.064,0.06,0.05,12.9116,0.9038,13.8154,,,,32.6078,pt-price-st-2025-11-7.xlsx
2025-11-07,fo600,FO 600 (1) 2%S,13.2488,,0.64,0.064,0.06,0.05,14.0628,0.9844,15.0472,,,,32.6078,pt-price-st-2025-11-7.xlsx
2025-11-07,gh91,GASOHOL91,16.5739,,6.75,0.675,2.2,0.05,26.2489,1.8374,28.0863,3.1717,0.222,31.48,32.6078,pt-price-st-2025-11-7.xlsx
2025-11-07,gh95,GASOHOL95 E10,16.9767,,6.75,0.675,2.2,0.05,26.6517,1.8656,28.5173,3.1147,0.218,31.85,32.6078,pt-price-st-2025-11-7.xlsx
2025-11-07,gl95,ULG95,16.9996,,7.5,0.75,8.8,0.05,34.0996,2.387,36.4866,3.4144,0.239,40.14,32.6078,pt-price-st-2025-11-7.xlsx
2025-11-07,lpg,LPG (BAHT/KILOGRAM),16.6537,,2.17,0.217,1.8772,0.0,20.9179,1.4643,22.3822,3.2566,0.228,25.8668,32.6078,pt-price-st-2025-11-7.xlsx
2025-11-10,ds,H-DIESEL,20.5752,,6.92,0.692,-0.7,0.05,27.5372,1.9276,29.4648,1.3787,0.0965,30.94,32.556,pt-price-st-2025-11-10.xlsx
2025-11-10,e20,GASOHOL95 E20,17.0052,,6.0,0.6,1.1,0.05,24.7552,1.7329,26.4881,2.9457,0.2062,29.64,32.556,pt-price-st-2025-11-10.xlsx
2025-11-10,e85,GASOHOL95 E85,18.9374,,1.125,0.1125,2.2,0.05,22.4249,1.5697,23.9946,3.3602,0.2352,27.59,32.556,pt-price-st-2025-11-10.xlsx
2025-11-10,fo1500,FO 1500 (2) 2%S,12.0264,,0.64,0.064,0.06,0.05,12.8404,0.8988,13.7392,,,,32.556,pt-price-st-2025-11-10.xlsx
2025-11-10,fo600,FO 600 (1) 2%S,13.2389,,0.64,0.064,0.06,0.05,14.0529,0.9837,15.0366,,,,32.556,pt-price-st-2025-11-10.xlsx
2025-11-10,gh91,GASOHOL91,16.6601,,6.75,0.675,2.2,0.05,26.3351,1.8435,28.1786,3.0854,0.216,31.48,32.556,pt-price-st-2025-11-10.xlsx
2025-11-10,gh95,GASOHOL95 E10,17.0623,,6.75,0.675,2.2,0.05,26.7373,1.8716,28.6089,3.0291,0.212,31.85,32.556,pt-price-st-2025-11-10.xlsx
2025-11-10,gl95,ULG95,17.0926,,7.5,0.75,8.8,0.05,34.1926,2.3935,36.5861,3.3214,0.2325,40.14,32.556,pt-price-st-2025-11-10.xlsx
2025-11-10,lpg,LPG (BAHT/KILOGRAM),16.6537,,2.17,0.217,1.8772,0.0,20.9179,1.4643,22.3822,3.2566,0.228,25.8668,32.556,pt-price-st-2025-11-10.xlsx
2025-11-11,ds,H-DIESEL,20.5227,,6.92,0.692,-1.0,0.05,27.1847,1.9029,29.0876,1.7312,0.1212,30.94,32.4938,pt-price-st-2025-11-11.xlsx
2025-11-11,e20,GASOHOL95 E20,17.1125,,6.0,0.6,0.8,0.05,24.5625,1.7194,26.2819,3.1384,0.2197,29.64,32.4938,pt-price-st-2025-11-11.xlsx
2025-11-11,e85,GASOHOL95 E85,18.9705,,1.125,0.1125,2.2,0.05,22.458,1.5721,24.0301,3.327,0.2329,27.59,32.4938,pt-price-st-2025-11-11.xlsx
2025-11-11,fo1500,FO 1500 (2) 2%S,11.9629,,0.64,0.064,0.06,0.05,12.7769,0.8944,13.6713,,,,32.4938,pt-price-st-2025-11-11.xlsx
2025-11-11,fo600,FO 600 (1) 2%S,13.1759,,0.64,0.064,0.06,0.05,13.9899,0.9793,14.9692,,,,32.4938,pt-price-st-2025-11-11.xlsx
2025-11-11,gh91,GASOHOL91,16.7807,,6.75,0.675,1.9,0.05,26.1557,1.8309,27.9866,3.2649,0.2285,31.48,32.4938,pt-price-st-2025-11-11.xlsx
2025-11-11,gh95,GASOHOL95 E10,17.1821,,6.75,0.675,1.9,0.05,26.5571,1.859,28.4161,3.2093,0.2246,31.85,32.4938,pt-price-st-2025-11-11.xlsx
2025-11-11,gl95,ULG95,17.2251,,7.5,0.75,8.8,0.05,34.3251,2.4028,36.7279,3.1889,0.2232,40.14,32.4938,pt-price-st-2025-11-11.xlsx
2025-11-11,lpg,LPG (BAHT/KILOGRAM),16.9959,,2.17,0.217,1.535,0.0,20.9179,1.4643,22.3822,3.2566,0.228,25.8668,32.4938,pt-price-st-2025-11-11.xlsx
2025-11-12,ds,H-DIESEL,20.5518,,6.92,0.692,-1.0,0.05,27.2138,1.905,29.1188,1.7021,0.1191,30.94,32.5485,pt-price-st-2025-11-12.xlsx
2025-11-12,e20,GASOHOL95 E20,17.1832,,6.0,0.6,0.8,0.05,24.6332,1.7243,26.3575,3.0678,0.2147,29.64,32.5485,pt-price-st-2025-11-12.xlsx
2025-11-12,e85,GASOHOL95 E85,18.9924,,1.125,0.1125,2.2,0.05,22.4799,1.5736,24.0535,3.3051,0.2314,27.59,32.5485,pt-price-st-2025-11-12.xlsx
2025-11-12,fo1500,FO 1500 (2) 2%S,11.9405,,0.64,0.064,0.06,0.05,12.7545,0.8928,13.6473,,,,32.5485,pt-price-st-2025-11-12.xlsx
2025-11-12,fo600,FO 600 (1) 2%S,13.1617,,0.64,0.064,0.06,0.05,13.9757,0.9783,14.954,,,,32.5485,pt-price-st-2025-11-12.xlsx
2025-11-12,gh91,GASOHOL91,16.8602,,6.75,0.675,1.9,0.05,26.2352,1.8365,28.0717,3.1853,0.223,31.48,32.5485,pt-price-st-2025-11-12.xlsx
2025-11-12,gh95,GASOHOL95 E10,17.2622,,6.75,0.675,1.9,0.05,26.6372,1.8646,28.5018,3.1292,0.219,31.85,32.5485,pt-price-st-2025-11-12.xlsx
2025-11-12,gl95,ULG95,17.3626,,7.5,0.75,8.8,0.05,34.4626,2.4124,36.875,3.0514,0.2136,40.14,32.5485,pt-price-st-2025-11-12.xlsx
2025-11-12,lpg,LPG (BAHT/KILOGRAM),16.9959,,2.17,0.217,1.535,0.0,20.9179,1.4643,22.3822,3.2566,0.228,25.8668,32.5485,pt-price-st-2025-11-12.xlsx
2025-11-13,ds,H-DIESEL,20.885,,6.92,0.692,-1.0,0.05,27.547,1.9283,29.4753,1.3689,0.0958,30.94,32.618,pt-price-st-2025-11-13.xlsx
2025-11-13,e20,GASOHOL95 E20,17.3646,,6.0,0.6,0.8,0.05,24.8146,1.737,26.5516,2.8864,0.202,29.64,32.618,pt-price-st-2025-11-13.xlsx
2025-11-13,e85,GASOHOL95 E85,19.0483,,1.125,0.1125,2.2,0.05,22.5358,1.5775,24.1133,3.2493,0.2274,27.59,32.618,pt-price-st-2025-11-13.xlsx
2025-11-13,fo1500,FO 1500 (2) 2%S,12.0093,,0.64,0.064,0.06,0.05,12.8233,0.8976,13.7209,,,,32.618,pt-price-st-2025-11-13.xlsx
2025-11-13,fo600,FO 600 (1) 2%S,13.2767,,0.64,0.064,0.06,0.05,14.0907,0.9863,15.077,,,,32.618,pt-price-st-2025-11-13.xlsx
2025-11-13,gh91,GASOHOL91,17.0639,,6.75,0.675,1.9,0.05,26.4389,1.8507,28.2896,2.9817,0.2087,31.48,32.618,pt-price-st-2025-11-13.xlsx
2025-11-13,gh95,GASOHOL95 E10,17.4669,,6.75,0.675,1.9,0.05,26.8419,1.8789,28.7208,2.9245,0.2047,31.85,32.618,pt-price-st-2025-11-13.xlsx
2025-11-13,gl95,ULG95,17.5091,,7.5,0.75,8.8,0.05,34.6091,2.4226,37.0317,2.905,0.2033,40.14,32.618,pt-price-st-2025-11-13.xlsx
2025-11-13,lpg,LPG (BAHT/KILOGRAM),16.9959,,2.17,0.217,1.535,0.0,20.9179,1.4643,22.3822,3.2566,0.228,25.8668,32.618,pt-price-st-2025-11-13.xlsx
2025-11-14,ds,H-DIESEL,20.4705,,6.92,0.692,-1.4,0.05,26.7325,1.8713,28.6038,2.1834,0.1528,30.94,32.511,pt-price-st-2025-11-14.xlsx
2025-11-14,e20,GASOHOL95 E20,17.1515,,6.0,0.6,0.5,0.05,24.3015,1.7011,26.0026,3.3994,0.238,29.64,32.511,pt-price-st-2025-11-14.xlsx
2025-11-14,e85,GASOHOL95 E85,18.9826,,1.125,0.1125,2.2,0.05,22.4701,1.5729,24.043,3.315,0.232,27.59,32.511,pt-price-st-2025-11-14.xlsx
2025-11-14,fo1500,FO 1500 (2) 2%S,11.7149,,0.64,0.064,0.06,0.05,12.5289,0.877,13.4059,,,,32.511,pt-price-st-2025-11-14.xlsx
2025-11-14,fo600,FO 600 (1) 2%S,12.9586,,0.64,0.064,0.06,0.05,13.7726,0.9641,14.7367,,,,32.511,pt-price-st-2025-11-14.xlsx
2025-11-14,gh91,GASOHOL91,16.8246,,6.75,0.675,1.6,0.05,25.8996,1.813,27.7126,3.5209,0.2465,31.48,32.511,pt-price-st-2025-11-14.xlsx
2025-11-14,gh95,GASOHOL95 E10,17.2262,,6.75,0.675,1.6,0.05,26.3012,1.8411,28.1423,3.4651,0.2426,31.85,32.511,pt-price-st-2025-11-14.xlsx
2025-11-14,gl95,ULG95,17.1921,,7.5,0.75,8.8,0.05,34.2921,2.4004,36.6925,3.222,0.2255,40.14,32.511,pt-price-st-2025-11-14.xlsx
2025-11-14,lpg,LPG (BAHT/KILOGRAM),16.9959,,2.17,0.217,1.535,0.0,20.9179,1.4643,22.3822,3.2566,0.228,25.8668,32.511,pt-price-st-2025-11-14.xlsx
2025-11-17,ds,H-DIESEL,20.2539,,6.92,0.692,-1.4,0.05,26.5159,1.8561,28.372,2.4,0.168,30.94,32.5097,pt-price-st-2025-11-17.xlsx
2025-11-17,e20,GASOHOL95 E20,17.1467,,6.0,0.6,0.5,0.05,24.2967,1.7008,25.9975,3.4042,0.2383,29.64,32.5097,pt-price-st-2025-11-17.xlsx
2025-11-17,e85,GASOHOL95 E85,18.9811,,1.125,0.1125,2.2,0.05,22.4686,1.5728,24.0414,3.3164,0.2322,27.59,32.5097,pt-price-st-2025-11-17.xlsx
2025-11-17,fo1500,FO 1500 (2) 2%S,11.6726,,0.64,0.064,0.06,0.05,12.4866,0.8741,13.3607,,,,32.5097,pt-price-st-2025-11-17.xlsx
2025-11-17,fo600,FO 600 (1) 2%S,12.8888,,0.64,0.064,0.06,0.05,13.7028,0.9592,14.662,,,,32.5097,pt-price-st-2025-11-17.xlsx
2025-11-17,gh91,GASOHOL91,16.8191,,6.75,0.675,1.6,0.05,25.8941,1.8126,27.7067,3.5264,0.2469,31.48,32.5097,pt-price-st-2025-11-17.xlsx
2025-11-17,gh95,GASOHOL95 E10,17.2207,,6.75,0.675,1.6,0.05,26.2957,1.8407,28.1364,3.4707,0.2429,31.85,32.5097,pt-price-st-2025-11-17.xlsx
2025-11-17,gl95,ULG95,17.257,,7.5,0.75,8.8,0.05,34.357,2.405,36.762,3.157,0.221,40.14,32.5097,pt-price-st-2025-11-17.xlsx
2025-11-17,lpg,LPG (BAHT/KILOGRAM),16.9959,,2.17,0.217,1.535,0.0,20.9179,1.4643,22.3822,3.2566,0.228,25.8668,32.5097,pt-price-st-2025-11-17.xlsx
2025-11-18,ds,H-DIESEL,20.3756,,6.92,0.692,-1.4,0.05,26.6376,1.8646,28.5022,2.2783,0.1595,30.94,32.5961,pt-price-st-2025-11-18.xlsx
2025-11-18,e20,GASOHOL95 E20,17.2598,,6.0,0.6,0.5,0.05,24.4098,1.7087,26.1185,3.2911,0.2304,29.64,32.5961,pt-price-st-2025-11-18.xlsx
2025-11-18,e85,GASOHOL95 E85,19.016,,1.125,0.1125,2.2,0.05,22.5035,1.5752,24.0787,3.2816,0.2297,27.59,32.5961,pt-price-st-2025-11-18.xlsx
2025-11-18,fo1500,FO 1500 (2) 2%S,11.7348,,0.64,0.064,0.06,0.05,12.5488,0.8784,13.4272,,,,32.5961,pt-price-st-2025-11-18.xlsx
2025-11-18,fo600,FO 600 (1) 2%S,12.9619,,0.64,0.064,0.06,0.05,13.7759,0.9643,14.7402,,,,32.5961,pt-price-st-2025-11-18.xlsx
2025-11-18,gh91,GASOHOL91,16.9462,,6.75,0.675,1.6,0.05,26.0212,1.8215,27.8427,3.3993,0.238,31.48,32.5961,pt-price-st-2025-11-18.xlsx
2025-11-18,gh95,GASOHOL95 E10,17.3489,,6.75,0.675,1.6,0.05,26.4239,1.8497,28.2736,3.3424,0.234,31.85,32.5961,pt-price-st-2025-11-18.xlsx
2025-11-18,gl95,ULG95,17.4343,,7.5,0.75,8.8,0.05,34.5343,2.4174,36.9517,2.9797,0.2086,40.14,32.5961,pt-price-st-2025-11-18.xlsx
2025-11-18,lpg,LPG (BAHT/KILOGRAM),16.9959,,2.17,0.217,1.535,0.0,20.9179,1.4643,22.3822,3.2566,0.228,25.8668,32.5961,pt-price-st-2025-11-18.xlsx
2025-11-19,ds,H-DIESEL,20.5965,,6.92,0.692,-1.4,0.05,26.8585,1.8801,28.7386,2.0574,0.144,30.94,32.6338,pt-price-st-2025-11-19.xlsx
2025-11-19,e20,GASOHOL95 E20,17.2206,,6.0,0.6,0.5,0.05,24.3706,1.7059,26.0765,3.3304,0.2331,29.64,32.6338,pt-price-st-2025-11-19.xlsx
2025-11-19,e85,GASOHOL95 E85,19.0039,,1.125,0.1125,2.2,0.05,22.4914,1.5744,24.0658,3.2936,0.2306,27.59,32.6338,pt-price-st-2025-11-19.xlsx
2025-11-19,fo1500,FO 1500 (2) 2%S,11.5953,,0.64,0.064,0.06,0.05,12.4093,0.8687,13.278,,,,32.6338,pt-price-st-2025-11-19.xlsx
2025-11-19,fo600,FO 600 (1) 2%S,12.8841,,0.64,0.064,0.06,0.05,13.6981,0.9589,14.657,,,,32.6338,pt-price-st-2025-11-19.xlsx
2025-11-19,gh91,GASOHOL91,16.9021,,6.75,0.675,1.6,0.05,25.9771,1.8184,27.7955,3.4435,0.241,31.48,32.6338,pt-price-st-2025-11-19.xlsx
2025-11-19,gh95,GASOHOL95 E10,17.3052,,6.75,0.675,1.6,0.05,26.3802,1.8466,28.2268,3.3862,0.237,31.85,32.6338,pt-price-st-2025-11-19.xlsx
2025-11-19,gl95,ULG95,17.3866,,7.5,0.75,8.8,0.05,34.4866,2.4141,36.9007,3.0274,0.2119,40.14,32.6338,pt-price-st-2025-11-19.xlsx
2025-11-19,lpg,LPG (BAHT/KILOGRAM),16.9959,,2.17,0.217,1.535,0.0,20.9179,1.4643,22.3822,3.2566,0.228,25.8668,32.6338,pt-price-st-2025-11-19.xlsx
2025-11-20,ds,H-DIESEL,20.9881,,6.92,0.692,-1.4,0.05,27.2501,1.9075,29.1576,1.6658,0.1166,30.94,32.5729,pt-price-st-2025-11-20.xlsx
2025-11-20,e20,GASOHOL95 E20,16.9767,,6.0,0.6,0.5,0.05,24.1267,1.6889,25.8156,3.5742,0.2502,29.64,32.5729,pt-price-st-2025-11-20.xlsx
2025-11-20,e85,GASOHOL95 E85,18.9286,,1.125,0.1125,2.2,0.05,22.4161,1.5691,23.9852,3.369,0.2358,27.59,32.5729,pt-price-st-2025-11-20.xlsx
2025-11-20,fo1500,FO 1500 (2) 2%S,11.4966,,0.64,0.064,0.06,0.05,12.3106,0.8617,13.1723,,,,32.5729,pt-price-st-2025-11-20.xlsx
2025-11-20,fo600,FO 600 (1) 2%S,12.8704,,0.64,0.064,0.06,0.05,13.6844,0.9579,14.6423,,,,32.5729,pt-price-st-2025-11-20.xlsx
2025-11-20,gh91,GASOHOL91,16.6282,,6.75,0.675,1.6,0.05,25.7032,1.7992,27.5024,3.7174,0.2602,31.48,32.5729,pt-price-st-2025-11-20.xlsx
2025-11-20,gh95,GASOHOL95 E10,17.0306,,6.75,0.675,1.6,0.05,26.1056,1.8274,27.933,3.6607,0.2563,31.85,32.5729,pt-price-st-2025-11-20.xlsx
2025-11-20,gl95,ULG95,17.0868,,7.5,0.75,8.8,0.05,34.1868,2.3931,36.5799,3.3272,0.2329,40.14,32.5729,pt-price-st-2025-11-20.xlsx
2025-11-20,lpg,LPG (BAHT/KILOGRAM),16.9959,,2.17,0.217,1.535,0.0,20.9179,1.4643,22.3822,3.2566,0.228,25.8668,32.5729,pt-price-st-2025-11-20.xlsx
2025-11-21,ds,H-DIESEL,20.9188,,6.92,0.692,-1.4,0.05,27.1808,1.9027,29.0835,1.735,0.1215,30.94,32.6349,pt-price-st-2025-11-21.xlsx
2025-11-21,e20,GASOHOL95 E20,16.7355,,6.0,0.6,0.5,0.05,23.8855,1.672,25.5575,3.8154,0.2671,29.64,32.6349,pt-price-st-2025-11-21.xlsx
2025-11-21,e85,GASOHOL95 E85,18.8542,,1.125,0.1125,2.2,0.05,22.3417,1.5639,23.9056,3.4434,0.241,27.59,32.6349,pt-price-st-2025-11-21.xlsx
2025-11-21,fo1500,FO 1500 (2) 2%S,11.4616,,0.64,0.064,0.06,0.05,12.2756,0.8593,13.1349,,,,32.6349,pt-price-st-2025-11-21.xlsx
2025-11-21,fo600,FO 600 (1) 2%S,12.8322,,0.64,0.064,0.06,0.05,13.6462,0.9552,14.6014,,,,32.6349,pt-price-st-2025-11-21.xlsx
2025-11-21,gh91,GASOHOL91,16.3572,,6.75,0.675,1.6,0.05,25.4322,1.7803,27.2125,3.9883,0.2792,31.48,32.6349,pt-price-st-2025-11-21.xlsx
2025-11-21,gh95,GASOHOL95 E10,16.7603,,6.75,0.675,1.6,0.05,25.8353,1.8085,27.6438,3.931,0.2752,31.85,32.6349,pt-price-st-2025-11-21.xlsx
2025-11-21,gl95,ULG95,16.7889,,7.5,0.75,8.8,0.05,33.8889,2.3722,36.2611,3.6251,0.2538,40.14,32.6349,pt-price-st-2025-11-21.xlsx
2025-11-21,lpg,LPG (BAHT/KILOGRAM),16.9959,,2.17,0.217,1.535,0.0,20.9179,1.4643,22.3822,3.2566,0.228,25.8668,32.6349,pt-price-st-2025-11-21.xlsx
2025-11-24,ds,H-DIESEL,20.0408,,6.92,0.692,-1.4,0.05,26.3028,1.8412,28.144,2.6131,0.1829,30.94,32.6118,pt-price-st-2025-11-24.xlsx
2025-11-24,e20,GASOHOL95 E20,16.5954,,6.0,0.6,0.5,0.05,23.7454,1.6622,25.4076,3.9555,0.2769,29.64,32.6118,pt-price-st-2025-11-24.xlsx
2025-11-24,e85,GASOHOL95 E85,18.8109,,1.125,0.1125,2.2,0.05,22.2984,1.5609,23.8593,3.4866,0.2441,27.59,32.6118,pt-price-st-2025-11-24.xlsx
2025-11-24,fo1500,FO 1500 (2) 2%S,11.3696,,0.64,0.064,0.06,0.05,12.1836,0.8529,13.0365,,,,32.6118,pt-price-st-2025-11-24.xlsx
2025-11-24,fo600,FO 600 (1) 2%S,12.6016,,0.64,0.064,0.06,0.05,13.4156,0.9391,14.3547,,,,32.6118,pt-price-st-2025-11-24.xlsx
2025-11-24,gh91,GASOHOL91,16.1998,,6.75,0.675,1.6,0.05,25.2748,1.7692,27.044,4.1458,0.2902,31.48,32.6118,pt-price-st-2025-11-24.xlsx
2025-11-24,gh95,GASOHOL95 E10,16.6026,,6.75,0.675,1.6,0.05,25.6776,1.7974,27.475,4.0888,0.2862,31.85,32.6118,pt-price-st-2025-11-24.xlsx
2025-11-24,gl95,ULG95,16.614,,7.5,0.75,8.8,0.05,33.714,2.36,36.074,3.8,0.266,40.14,32.6118,pt-price-st-2025-11-24.xlsx
2025-11-24,lpg,LPG (BAHT/KILOGRAM),16.9959,,2.17,0.217,1.535,0.0,20.9179,1.4643,22.3822,3.2566,0.228,25.8668,32.6118,pt-price-st-2025-11-24.xlsx
2025-11-25,ds,H-DIESEL,19.3146,,6.92,0.692,-0.8,0.05,26.1766,1.8324,28.009,2.7393,0.1917,30.94,32.6469,pt-price-st-2025-11-25.xlsx
2025-11-25,e20,GASOHOL95 E20,16.5782,,6.0,0.6,1.2,0.05,24.4282,1.71,26.1382,3.2727,0.2291,29.64,32.6469,pt-price-st-2025-11-25.xlsx
2025-11-25,e85,GASOHOL95 E85,18.8056,,1.125,0.1125,2.2,0.05,22.2931,1.5605,23.8536,3.492,0.2444,27.59,32.6469,pt-price-st-2025-11-25.xlsx
2025-11-25,fo1500,FO 1500 (2) 2%S,11.3764,,0.64,0.064,0.06,0.05,12.1904,0.8533,13.0437,,,,32.6469,pt-price-st-2025-11-25.xlsx
2025-11-25,fo600,FO 600 (1) 2%S,12.4879,,0.64,0.064,0.06,0.05,13.3019,0.9311,14.233,,,,32.6469,pt-price-st-2025-11-25.xlsx
2025-11-25,gh91,GASOHOL91,16.1805,,6.75,0.675,2.3,0.05,25.9555,1.8169,27.7724,3.465,0.2426,31.48,32.6469,pt-price-st-2025-11-25.xlsx
2025-11-25,gh95,GASOHOL95 E10,16.5837,,6.75,0.675,2.3,0.05,26.3587,1.8451,28.2038,3.4077,0.2385,31.85,32.6469,pt-price-st-2025-11-25.xlsx
2025-11-25,gl95,ULG95,16.5936,,7.5,0.75,8.8,0.05,33.6936,2.3586,36.0522,3.8204,0.2674,40.14,32.6469,pt-price-st-2025-11-25.xlsx
2025-11-25,lpg,LPG (BAHT/KILOGRAM),18.0711,,2.17,0.217,0.4598,0.0,20.9179,1.4643,22.3822,3.2566,0.228,25.8668,32.6469,pt-price-st-2025-11-25.xlsx
2025-11-26,ds,H-DIESEL,19.0227,,6.92,0.692,-0.1,0.05,26.5847,1.8609,28.4456,2.3312,0.1632,30.94,32.5262,pt-price-st-2025-11-26.xlsx
2025-11-26,e20,GASOHOL95 E20,16.5623,,6.0,0.6,1.2,0.05,24.4123,1.7089,26.1212,3.2886,0.2302,29.64,32.5262,pt-price-st-2025-11-26.xlsx
2025-11-26,e85,GASOHOL95 E85,18.8007,,1.125,0.1125,2.2,0.05,22.2882,1.5602,23.8484,3.4968,0.2448,27.59,32.5262,pt-price-st-2025-11-26.xlsx
2025-11-26,fo1500,FO 1500 (2) 2%S,11.3216,,0.64,0.064,0.06,0.05,12.1356,0.8495,12.9851,,,,32.5262,pt-price-st-2025-11-26.xlsx
2025-11-26,fo600,FO 600 (1) 2%S,12.3932,,0.64,0.064,0.06,0.05,13.2072,0.9245,14.1317,,,,32.5262,pt-price-st-2025-11-26.xlsx
2025-11-26,gh91,GASOHOL91,16.1625,,6.75,0.675,2.3,0.05,25.9375,1.8156,27.7531,3.4831,0.2438,31.48,32.5262,pt-price-st-2025-11-26.xlsx
2025-11-26,gh95,GASOHOL95 E10,16.5643,,6.75,0.675,2.3,0.05,26.3393,1.8438,28.1831,3.427,0.2399,31.85,32.5262,pt-price-st-2025-11-26.xlsx
2025-11-26,gl95,ULG95,16.571,,7.5,0.75,8.8,0.05,33.671,2.357,36.028,3.843,0.269,40.14,32.5262,pt-price-st-2025-11-26.xlsx
2025-11-26,lpg,LPG (BAHT/KILOGRAM),18.0711,,2.17,0.217,0.4598,0.0,20.9179,1.4643,22.3822,3.2566,0.228,25.8668,32.5262,pt-price-st-2025-11-26.xlsx
2025-11-27,ds,H-DIESEL,18.7293,,6.92,0.692,-0.1,0.05,26.2913,1.8404,28.1317,2.6246,0.1837,30.94,32.4223,pt-price-st-2025-11-27.xlsx
2025-11-27,e20,GASOHOL95 E20,16.7444,,6.0,0.6,1.2,0.05,24.5944,1.7216,26.316,3.1065,0.2175,29.64,32.4223,pt-price-st-2025-11-27.xlsx
2025-11-27,e85,GASOHOL95 E85,18.8569,,1.125,0.1125,2.2,0.05,22.3444,1.5641,23.9085,3.4407,0.2408,27.59,32.4223,pt-price-st-2025-11-27.xlsx
2025-11-27,fo1500,FO 1500 (2) 2%S,11.1576,,0.64,0.064,0.06,0.05,11.9716,0.838,12.8096,,,,32.4223,pt-price-st-2025-11-27.xlsx
2025-11-27,fo600,FO 600 (1) 2%S,12.2052,,0.64,0.064,0.06,0.05,13.0192,0.9113,13.9305,,,,32.4223,pt-price-st-2025-11-27.xlsx
2025-11-27,gh91,GASOHOL91,16.3672,,6.75,0.675,2.3,0.05,26.1422,1.83,27.9722,3.2783,0.2295,31.48,32.4223,pt-price-st-2025-11-27.xlsx
2025-11-27,gh95,GASOHOL95 E10,16.7677,,6.75,0.675,2.3,0.05,26.5427,1.858,28.4007,3.2236,0.2257,31.85,32.4223,pt-price-st-2025-11-27.xlsx
2025-11-27,gl95,ULG95,16.7936,,7.5,0.75,8.8,0.05,33.8936,2.3726,36.2662,3.6204,0.2534,40.14,32.4223,pt-price-st-2025-11-27.xlsx
2025-11-27,lpg,LPG (BAHT/KILOGRAM),18.0711,,2.17,0.217,0.4598,0.0,20.9179,1.4643,22.3822,3.2566,0.228,25.8668,32.4223,pt-price-st-2025-11-27.xlsx
2025-11-28,ds,H-DIESEL,18.6153,,6.92,0.692,0.5,0.05,26.7773,1.8744,28.6517,2.1386,0.1497,30.94,32.3909,pt-price-st-2025-11-28.xlsx
2025-11-28,e20,GASOHOL95 E20,16.8582,,6.0,0.6,1.2,0.05,24.7082,1.7296,26.4378,2.9927,0.2095,29.64,32.3909,pt-price-st-2025-11-28.xlsx
2025-11-28,e85,GASOHOL95 E85,18.892,,1.125,0.1125,2.2,0.05,22.3795,1.5666,23.9461,3.4055,0.2384,27.59,32.3909,pt-price-st-2025-11-28.xlsx
2025-11-28,fo1500,FO 1500 (2) 2%S,11.1549,,0.64,0.064,0.06,0.05,11.9689,0.8378,12.8067,,,,32.3909,pt-price-st-2025-11-28.xlsx
2025-11-28,fo600,FO 600 (1) 2%S,12.1834,,0.64,0.064,0.06,0.05,12.9974,0.9098,13.9072,,,,32.3909,pt-price-st-2025-11-28.xlsx
2025-11-28,gh91,GASOHOL91,16.495,,6.75,0.675,2.3,0.05,26.27,1.8389,28.1089,3.1506,0.2205,31.48,32.3909,pt-price-st-2025-11-28.xlsx
2025-11-28,gh95,GASOHOL95 E10,16.8951,,6.75,0.675,2.3,0.05,26.6701,1.8669,28.537,3.0963,0.2167,31.85,32.3909,pt-price-st-2025-11-28.xlsx
2025-11-28,gl95,ULG95,16.9413,,7.5,0.75,8.8,0.05,34.0413,2.3829,36.4242,3.4727,0.2431,40.14,32.3909,pt-price-st-2025-11-28.xlsx
2025-11-28,lpg,LPG (BAHT/KILOGRAM),18.0711,,2.17,0.217,0.4598,0.0,20.9179,1.4643,22.3822,3.2566,0.228,25.8668,32.3909,pt-price-st-2025-11-28.xlsx
2025-12-01,ds,H-DIESEL,18.762,,6.92,0.692,0.5,0.05,26.924,1.8847,28.8087,1.9919,0.1394,30.94,32.369,pt-price-st-2025-12-01.xlsx
2025-12-01,e20,GASOHOL95 E20,16.9162,,6.0,0.6,1.2,0.05,24.7662,1.7336,26.4998,2.9348,0.2054,29.64,32.369,pt-price-st-2025-12-01.xlsx
2025-12-01,e85,GASOHOL95 E85,18.9099,,1.125,0.1125,2.2,0.05,22.3974,1.5678,23.9652,3.3877,0.2371,27.59,32.369,pt-price-st-2025-12-01.xlsx
2025-12-01,fo1500,FO 1500 (2) 2%S,11.2877,,0.64,0.064,0.06,0.05,12.1017,0.8471,12.9488,,,,32.369,pt-price-st-2025-12-01.xlsx
2025-12-01,fo600,FO 600 (1) 2%S,12.3225,,0.64,0.064,0.06,0.05,13.1365,0.9196,14.0561,,,,32.369,pt-price-st-2025-12-01.xlsx
2025-12-01,gh91,GASOHOL91,16.5601,,6.75,0.675,2.3,0.05,26.3351,1.8435,28.1786,3.0854,0.216,31.48,32.369,pt-price-st-2025-12-01.xlsx
2025-12-01,gh95,GASOHOL95 E10,16.96,,6.75,0.675,2.3,0.05,26.735,1.8715,28.6065,3.0313,0.2122,31.85,32.369,pt-price-st-2025-12-01.xlsx
2025-12-01,gl95,ULG95,17.0045,,7.5,0.75,8.8,0.05,34.1045,2.3873,36.4918,3.4095,0.2387,40.14,32.369,pt-price-st-2025-12-01.xlsx
2025-12-01,lpg,LPG (BAHT/KILOGRAM),18.0711,,2.17,0.217,0.4598,0.0,20.9179,1.4643,22.3822,3.2566,0.228,25.8668,32.369,pt-price-st-2025-12-01.xlsx
2025-12-02,ds,H-DIESEL,18.7758,,6.92,0.692,0.5,0.05,26.9378,1.8856,28.8234,1.9781,0.1385,30.94,32.2362,pt-price-st-2025-12-02.xlsx
2025-12-02,e20,GASOHOL95 E20,16.9701,,6.0,0.6,1.2,0.05,24.8201,1.7374,26.5575,2.8808,0.2017,29.64,32.2362,pt-price-st-2025-12-02.xlsx
2025-12-02,e85,GASOHOL95 E85,18.9266,,1.125,0.1125,2.2,0.05,22.4141,1.569,23.9831,3.3709,0.236,27.59,32.2362,pt-price-st-2025-12-02.xlsx
2025-12-02,fo1500,FO 1500 (2) 2%S,11.1691,,0.64,0.064,0.06,0.05,11.9831,0.8388,12.8219,,,,32.2362,pt-price-st-2025-12-02.xlsx
2025-12-02,fo600,FO 600 (1) 2%S,12.2258,,0.64,0.064,0.06,0.05,13.0398,0.9128,13.9526,,,,32.2362,pt-price-st-2025-12-02.xlsx
2025-12-02,gh91,GASOHOL91,16.6207,,6.75,0.675,2.3,0.05,26.3957,1.8477,28.2434,3.0249,0.2117,31.48,32.2362,pt-price-st-2025-12-02.xlsx
2025-12-02,gh95,GASOHOL95 E10,17.0189,,6.75,0.675,2.3,0.05,26.7939,1.8756,28.6695,2.9724,0.2081,31.85,32.2362,pt-price-st-2025-12-02.xlsx
2025-12-02,gl95,ULG95,17.0488,,7.5,0.75,8.8,0.05,34.1488,2.3904,36.5392,3.3652,0.2356,40.14,32.2362,pt-price-st-2025-12-02.xlsx
2025-12-02,lpg,LPG (BAHT/KILOGRAM),18.0711,,2.17,0.217,0.4598,0.0,20.9179,1.4643,22.3822,3.2566,0.228,25.8668,32.2362,pt-price-st-2025-12-02.xlsx
2025-12-03,ds,H-DIESEL,18.6391,,6.92,0.692,0.5,0.05,26.8011,1.8761,28.6772,2.1148,0.148,30.94,32.1803,pt-price-st-2025-12-03.xlsx
2025-12-03,e20,GASOHOL95 E20,17.0861,,6.0,0.6,0.9,0.05,24.6361,1.7245,26.3606,3.0649,0.2145,29.64,32.1803,pt-price-st-2025-12-03.xlsx
2025-12-03,e85,GASOHOL95 E85,18.9624,,1.125,0.1125,2.2,0.05,22.4499,1.5715,24.0214,3.3351,0.2335,27.59,32.1803,pt-price-st-2025-12-03.xlsx
2025-12-03,fo1500,FO 1500 (2) 2%S,11.1097,,0.64,0.064,0.06,0.05,11.9237,0.8347,12.7584,,,,32.1803,pt-price-st-2025-12-03.xlsx
2025-12-03,fo600,FO 600 (1) 2%S,12.1526,,0.64,0.064,0.06,0.05,12.9666,0.9077,13.8743,,,,32.1803,pt-price-st-2025-12-03.xlsx
2025-12-03,gh91,GASOHOL91,16.751,,6.75,0.675,2.0,0.05,26.226,1.8358,28.0618,3.1946,0.2236,31.48,32.1803,pt-price-st-2025-12-03.xlsx
2025-12-03,gh95,GASOHOL95 E10,17.1485,,6.75,0.675,2.0,0.05,26.6235,1.8636,28.4871,3.1429,0.22,31.85,32.1803,pt-price-st-2025-12-03.xlsx
2025-12-03,gl95,ULG95,17.0676,,7.5,0.75,8.8,0.05,34.1676,2.3917,36.5593,3.3464,0.2343,40.14,32.1803,pt-price-st-2025-12-03.xlsx
2025-12-03,lpg,LPG (BAHT/KILOGRAM),18.0711,,2.17,0.217,0.4598,0.0,20.9179,1.4643,22.3822,3.2566,0.228,25.8668,32.1803,pt-price-st-2025-12-03.xlsx
2025-12-04,ds,H-DIESEL,18.3932,,6.92,0.692,0.5,0.05,26.5552,1.8589,28.4141,2.3607,0.1652,30.94,32.1214,pt-price-st-2025-12-04.xlsx
2025-12-04,e20,GASOHOL95 E20,16.9835,,6.0,0.6,0.9,0.05,24.5335,1.7173,26.2508,3.1675,0.2217,29.64,32.1214,pt-price-st-2025-12-04.xlsx
2025-12-04,e85,GASOHOL95 E85,18.9307,,1.125,0.1125,2.2,0.05,22.4182,1.5693,23.9875,3.3668,0.2357,27.59,32.1214,pt-price-st-2025-12-04.xlsx
2025-12-04,fo1500,FO 1500 (2) 2%S,11.0061,,0.64,0.064,0.06,0.05,11.8201,0.8274,12.6475,,,,32.1214,pt-price-st-2025-12-04.xlsx
2025-12-04,fo600,FO 600 (1) 2%S,12.0235,,0.64,0.064,0.06,0.05,12.8375,0.8986,13.7361,,,,32.1214,pt-price-st-2025-12-04.xlsx
2025-12-04,gh91,GASOHOL91,16.6358,,6.75,0.675,2.0,0.05,26.1108,1.8278,27.9386,3.3097,0.2317,31.48,32.1214,pt-price-st-2025-12-04.xlsx
2025-12-04,gh95,GASOHOL95 E10,17.0327,,6.75,0.675,2.0,0.05,26.5077,1.8555,28.3632,3.2587,0.2281,31.85,32.1214,pt-price-st-2025-12-04.xlsx
2025-12-04,gl95,ULG95,16.8076,,7.5,0.75,8.8,0.05,33.9076,2.3735,36.2811,3.6064,0.2525,40.14,32.1214,pt-price-st-2025-12-04.xlsx
2025-12-04,lpg,LPG (BAHT/KILOGRAM),18.0711,,2.17,0.217,0.4598,0.0,20.9179,1.4643,22.3822,3.2566,0.228,25.8668,32.1214,pt-price-st-2025-12-04.xlsx
2025-12-08,ds,H-DIESEL,18.3414,,6.92,0.692,0.5,0.05,26.5034,1.8552,28.3586,2.4125,0.1689,30.94,32.1205,pt-price-st-2025-12-08.xlsx
2025-12-08,e20,GASOHOL95 E20,16.7751,,6.0,0.6,0.9,0.05,24.3251,1.7028,26.0279,3.3758,0.2363,29.64,32.1205,pt-price-st-2025-12-08.xlsx
2025-12-08,e85,GASOHOL95 E85,18.8664,,1.125,0.1125,2.2,0.05,22.3539,1.5648,23.9187,3.4311,0.2402,27.59,32.1205,pt-price-st-2025-12-08.xlsx
2025-12-08,fo1500,FO 1500 (2) 2%S,11.1004,,0.64,0.064,0.06,0.05,11.9144,0.834,12.7484,,,,32.1205,pt-price-st-2025-12-08.xlsx
2025-12-08,fo600,FO 600 (1) 2%S,12.0934,,0.64,0.064,0.06,0.05,12.9074,0.9035,13.8109,,,,32.1205,pt-price-st-2025-12-08.xlsx
2025-12-08,gh91,GASOHOL91,16.4016,,6.75,0.675,2.0,0.05,25.8766,1.8114,27.688,3.5439,0.2481,31.48,32.1205,pt-price-st-2025-12-08.xlsx
2025-12-08,gh95,GASOHOL95 E10,16.7984,,6.75,0.675,2.0,0.05,26.2734,1.8391,28.1125,3.493,0.2445,31.85,32.1205,pt-price-st-2025-12-08.xlsx
2025-12-08,gl95,ULG95,16.5276,,7.5,0.75,8.8,0.05,33.6276,2.3539,35.9815,3.8864,0.2721,40.14,32.1205,pt-price-st-2025-12-08.xlsx
2025-12-08,lpg,LPG (BAHT/KILOGRAM),18.0711,,2.17,0.217,0.4598,0.0,20.9179,1.4643,22.3822,3.2566,0.228,25.8668,32.1205,pt-price-st-2025-12-08.xlsx
2025-12-09,ds,H-DIESEL,18.213,,6.92,0.692,0.9,0.05,26.775,1.8742,28.6493,2.1408,0.1499,30.94,32.0353,pt-price-st-2025-12-09.xlsx
2025-12-09,e20,GASOHOL95 E20,16.8436,,6.0,0.6,0.9,0.05,24.3936,1.7076,26.1012,3.3073,0.2315,29.64,32.0353,pt-price-st-2025-12-09.xlsx
2025-12-09,e85,GASOHOL95 E85,18.8875,,1.125,0.1125,2.2,0.05,22.375,1.5663,23.9413,3.41,0.2387,27.59,32.0353,pt-price-st-2025-12-09.xlsx
2025-12-09,fo1500,FO 1500 (2) 2%S,11.2218,,0.64,0.064,0.06,0.05,12.0358,0.8425,12.8783,,,,32.0353,pt-price-st-2025-12-09.xlsx
2025-12-09,fo600,FO 600 (1) 2%S,12.2057,,0.64,0.064,0.06,0.05,13.0197,0.9114,13.9311,,,,32.0353,pt-price-st-2025-12-09.xlsx
2025-12-09,gh91,GASOHOL91,16.4786,,6.75,0.675,2.0,0.05,25.9536,1.8168,27.7704,3.4669,0.2427,31.48,32.0353,pt-price-st-2025-12-09.xlsx
2025-12-09,gh95,GASOHOL95 E10,16.8747,,6.75,0.675,2.0,0.05,26.3497,1.8445,28.1942,3.4166,0.2392,31.85,32.0353,pt-price-st-2025-12-09.xlsx
2025-12-09,gl95,ULG95,16.6966,,7.5,0.75,8.8,0.05,33.7966,2.3658,36.1624,3.7174,0.2602,40.14,32.0353,pt-price-st-2025-12-09.xlsx
2025-12-09,lpg,LPG (BAHT/KILOGRAM),18.1857,,2.17,0.217,0.3452,0.0,20.9179,1.4643,22.3822,3.2566,0.228,25.8668,32.0353,pt-price-st-2025-12-09.xlsx
2025-12-11,ds,H-DIESEL,17.7578,,6.92,0.692,0.9,0.05,26.3198,1.8424,28.1622,2.5961,0.1817,30.94,32.0531,pt-price-st-2025-12-11.xlsx
2025-12-11,e20,GASOHOL95 E20,16.6987,,6.0,0.6,0.9,0.05,24.2487,1.6974,25.9461,3.4522,0.2417,29.64,32.0531,pt-price-st-2025-12-11.xlsx
2025-12-11,e85,GASOHOL95 E85,18.8428,,1.125,0.1125,2.2,0.05,22.3303,1.5631,23.8934,3.4548,0.2418,27.59,32.0531,pt-price-st-2025-12-11.xlsx
2025-12-11,fo1500,FO 1500 (2) 2%S,10.8649,,0.64,0.064,0.06,0.05,11.6789,0.8175,12.4964,,,,32.0531,pt-price-st-2025-12-11.xlsx
2025-12-11,fo600,FO 600 (1) 2%S,11.8286,,0.64,0.064,0.06,0.05,12.6426,0.885,13.5276,,,,32.0531,pt-price-st-2025-12-11.xlsx
2025-12-11,gh91,GASOHOL91,16.3158,,6.75,0.675,2.0,0.05,25.7908,1.8054,27.5962,3.6297,0.2541,31.48,32.0531,pt-price-st-2025-12-11.xlsx
2025-12-11,gh95,GASOHOL95 E10,16.7122,,6.75,0.675,2.0,0.05,26.1872,1.8331,28.0203,3.5792,0.2505,31.85,32.0531,pt-price-st-2025-12-11.xlsx
2025-12-11,gl95,ULG95,16.5179,,7.5,0.75,8.8,0.05,33.6179,2.3533,35.9712,3.8961,0.2727,40.14,32.0531,pt-price-st-2025-12-11.xlsx
2025-12-11,lpg,LPG (BAHT/KILOGRAM),18.1857,,2.17,0.217,0.3452,0.0,20.9179,1.4643,22.3822,3.2566,0.228,25.8668,32.0531,pt-price-st-2025-12-11.xlsx
2025-12-12,ds,H-DIESEL,17.4951,,6.92,0.692,1.4,0.05,26.5571,1.859,28.4161,2.3588,0.1651,30.94,31.9026,pt-price-st-2025-12-12.xlsx
2025-12-12,e20,GASOHOL95 E20,16.6587,,6.0,0.6,0.75,0.05,24.0587,1.6841,25.7428,3.6422,0.255,29.64,31.9026,pt-price-st-2025-12-12.xlsx
2025-12-12,e85,GASOHOL95 E85,18.8305,,1.125,0.1125,2.05,0.05,22.168,1.5518,23.7198,3.617,0.2532,27.59,31.9026,pt-price-st-2025-12-12.xlsx
2025-12-12,fo1500,FO 1500 (2) 2%S,10.7239,,0.64,0.064,0.06,0.05,11.5379,0.8077,12.3456,,,,31.9026,pt-price-st-2025-12-12.xlsx
2025-12-12,fo600,FO 600 (1) 2%S,11.6654,,0.64,0.064,0.06,0.05,12.4794,0.8736,13.353,,,,31.9026,pt-price-st-2025-12-12.xlsx
2025-12-12,gh91,GASOHOL91,16.2708,,6.75,0.675,2.3,0.05,26.0458,1.8232,27.869,3.3748,0.2362,31.48,31.9026,pt-price-st-2025-12-12.xlsx
2025-12-12,gh95,GASOHOL95 E10,16.6653,,6.75,0.675,2.3,0.05,26.4403,1.8508,28.2911,3.3261,0.2328,31.85,31.9026,pt-price-st-2025-12-12.xlsx
2025-12-12,gl95,ULG95,16.466,,7.5,0.75,9.1,0.05,33.866,2.3706,36.2366,3.648,0.2554,40.14,31.9026,pt-price-st-2025-12-12.xlsx
2025-12-12,lpg,LPG (BAHT/KILOGRAM),18.1857,,2.17,0.217,0.3452,0.0,20.9179,1.4643,22.3822,3.2566,0.228,25.8668,31.9026,pt-price-st-2025-12-12.xlsx
2025-12-15,ds,H-DIESEL,17.4135,,6.92,0.692,1.8,0.05,26.8755,1.8813,28.7568,2.0404,0.1428,30.94,31.8205,pt-price-st-2025-12-15.xlsx
2025-12-15,e20,GASOHOL95 E20,16.5964,,6.0,0.6,0.75,0.05,23.9964,1.6797,25.6761,3.7046,0.2593,29.64,31.8205,pt-price-st-2025-12-15.xlsx
2025-12-15,e85,GASOHOL95 E85,18.8112,,1.125,0.1125,2.05,0.05,22.1487,1.5504,23.6991,3.6364,0.2545,27.59,31.8205,pt-price-st-2025-12-15.xlsx
2025-12-15,fo1500,FO 1500 (2) 2%S,10.6699,,0.64,0.064,0.06,0.05,11.4839,0.8039,12.2878,,,,31.8205,pt-price-st-2025-12-15.xlsx
2025-12-15,fo600,FO 600 (1) 2%S,11.6066,,0.64,0.064,0.06,0.05,12.4206,0.8694,13.29,,,,31.8205,pt-price-st-2025-12-15.xlsx
2025-12-15,gh91,GASOHOL91,16.2009,,6.75,0.675,2.3,0.05,25.9759,1.8183,27.7942,3.4447,0.2411,31.48,31.8205,pt-price-st-2025-12-15.xlsx
2025-12-15,gh95,GASOHOL95 E10,16.5943,,6.75,0.675,2.3,0.05,26.3693,1.8459,28.2152,3.397,0.2378,31.85,31.8205,pt-price-st-2025-12-15.xlsx
2025-12-15,gl95,ULG95,16.3876,,7.5,0.75,9.1,0.05,33.7876,2.3651,36.1527,3.7264,0.2609,40.14,31.8205,pt-price-st-2025-12-15.xlsx
2025-12-15,lpg,LPG (BAHT/KILOGRAM),18.1857,,2.17,0.217,0.3452,0.0,20.9179,1.4643,22.3822,3.2566,0.228,25.8668,31.8205,pt-price-st-2025-12-15.xlsx
2025-12-16,ds,H-DIESEL,17.212,,6.92,0.692,1.8,0.05,26.674,1.8672,28.5412,2.2419,0.1569,30.94,31.6881,pt-price-st-2025-12-16.xlsx
2025-12-16,e20,GASOHOL95 E20,16.4458,,6.0,0.6,0.75,0.05,23.8458,1.6692,25.515,3.8551,0.2699,29.64,31.6881,pt-price-st-2025-12-16.xlsx
2025-12-16,e85,GASOHOL95 E85,18.7648,,1.125,0.1125,2.05,0.05,22.1023,1.5472,23.6495,3.6827,0.2578,27.59,31.6881,pt-price-st-2025-12-16.xlsx
2025-12-16,fo1500,FO 1500 (2) 2%S,10.6498,,0.64,0.064,0.06,0.05,11.4638,0.8025,12.2663,,,,31.6881,pt-price-st-2025-12-16.xlsx
2025-12-16,fo600,FO 600 (1) 2%S,11.5551,,0.64,0.064,0.06,0.05,12.3691,0.8658,13.2349,,,,31.6881,pt-price-st-2025-12-16.xlsx
2025-12-16,gh91,GASOHOL91,16.0317,,6.75,0.675,2.3,0.05,25.8067,1.8065,27.6132,3.6138,0.253,31.48,31.6881,pt-price-st-2025-12-16.xlsx
2025-12-16,gh95,GASOHOL95 E10,16.4235,,6.75,0.675,2.3,0.05,26.1985,1.8339,28.0324,3.5679,0.2497,31.85,31.6881,pt-price-st-2025-12-16.xlsx
2025-12-16,gl95,ULG95,16.1994,,7.5,0.75,9.1,0.05,33.5994,2.352,35.9514,3.9146,0.274,40.14,31.6881,pt-price-st-2025-12-16.xlsx
2025-12-16,lpg,LPG (BAHT/KILOGRAM),18.1857,,2.17,0.217,0.3452,0.0,20.9179,1.4643,22.3822,3.2566,0.228,25.8668,31.6881,pt-price-st-2025-12-16.xlsx
2025-12-17,ds,H-DIESEL,16.9437,,6.92,0.692,1.8,0.05,26.4057,1.8484,28.2541,2.5102,0.1757,30.94,31.6794,pt-price-st-2025-12-17.xlsx
2025-12-17,e20,GASOHOL95 E20,16.1082,,6.0,0.6,0.75,0.05,23.5082,1.6456,25.1538,4.1927,0.2935,29.64,31.6794,pt-price-st-2025-12-17.xlsx
2025-12-17,e85,GASOHOL95 E85,18.6606,,1.125,0.1125,2.05,0.05,21.9981,1.5399,23.538,3.7869,0.2651,27.59,31.6794,pt-price-st-2025-12-17.xlsx
2025-12-17,fo1500,FO 1500 (2) 2%S,10.5831,,0.64,0.064,0.06,0.05,11.3971,0.7978,12.1949,,,,31.6794,pt-price-st-2025-12-17.xlsx
2025-12-17,fo600,FO 600 (1) 2%S,11.453,,0.64,0.064,0.06,0.05,12.267,0.8587,13.1257,,,,31.6794,pt-price-st-2025-12-17.xlsx
2025-12-17,gh91,GASOHOL91,15.6524,,6.75,0.675,2.3,0.05,25.4274,1.7799,27.2073,3.9932,0.2795,31.48,31.6794,pt-price-st-2025-12-17.xlsx
2025-12-17,gh95,GASOHOL95 E10,16.0442,,6.75,0.675,2.3,0.05,25.8192,1.8073,27.6265,3.9472,0.2763,31.85,31.6794,pt-price-st-2025-12-17.xlsx
2025-12-17,gl95,ULG95,15.7823,,7.5,0.75,9.1,0.05,33.1823,2.3228,35.5051,4.3317,0.3032,40.14,31.6794,pt-price-st-2025-12-17.xlsx
2025-12-17,lpg,LPG (BAHT/KILOGRAM),18.1857,,2.17,0.217,0.3452,0.0,20.9179,1.4643,22.3822,3.2566,0.228,25.8668,31.6794,pt-price-st-2025-12-17.xlsx
2025-12-18,ds,H-DIESEL,16.7329,,6.92,0.692,2.3,0.05,26.6949,1.8686,28.5635,2.221,0.1555,30.94,31.6162,pt-price-st-2025-12-18.xlsx
2025-12-18,e20,GASOHOL95 E20,15.8108,,6.0,0.6,1.35,0.05,23.8108,1.6668,25.4776,3.8901,0.2723,29.64,31.6162,pt-price-st-2025-12-18.xlsx
2025-12-18,e85,GASOHOL95 E85,18.5688,,1.125,0.1125,2.05,0.05,21.9063,1.5334,23.4397,3.8788,0.2715,27.59,31.6162,pt-price-st-2025-12-18.xlsx
2025-12-18,fo1500,FO 1500 (2) 2%S,10.6506,,0.64,0.064,0.06,0.05,11.4646,0.8025,12.2671,,,,31.6162,pt-price-st-2025-12-18.xlsx
2025-12-18,fo600,FO 600 (1) 2%S,11.4727,,0.64,0.064,0.06,0.05,12.2867,0.8601,13.1468,,,,31.6162,pt-price-st-2025-12-18.xlsx
2025-12-18,gh91,GASOHOL91,15.3183,,6.75,0.675,2.9,0.05,25.6933,1.7985,27.4918,3.7273,0.2609,31.48,31.6162,pt-price-st-2025-12-18.xlsx
2025-12-18,gh95,GASOHOL95 E10,15.7092,,6.75,0.675,2.9,0.05,26.0842,1.8259,27.9101,3.6821,0.2578,31.85,31.6162,pt-price-st-2025-12-18.xlsx
2025-12-18,gl95,ULG95,15.4139,,7.5,0.75,9.8,0.05,33.5139,2.346,35.8599,4.0001,0.28,40.14,31.6162,pt-price-st-2025-12-18.xlsx
2025-12-18,lpg,LPG (BAHT/KILOGRAM),18.1857,,2.17,0.217,0.3452,0.0,20.9179,1.4643,22.3822,3.2566,0.228,25.8668,31.6162,pt-price-st-2025-12-18.xlsx
2025-12-19,ds,H-DIESEL,16.808,,6.92,0.692,2.3,0.05,26.77,1.8739,28.6439,2.1459,0.1502,30.94,31.6447,pt-price-st-2025-12-19.xlsx
2025-12-19,e20,GASOHOL95 E20,15.7694,,6.0,0.6,1.35,0.05,23.7694,1.6639,25.4333,3.9315,0.2752,29.64,31.6447,pt-price-st-2025-12-19.xlsx
2025-12-19,e85,GASOHOL95 E85,18.556,,1.125,0.1125,2.05,0.05,21.8935,1.5325,23.426,3.8916,0.2724,27.59,31.6447,pt-price-st-2025-12-19.xlsx
2025-12-19,fo1500,FO 1500 (2) 2%S,10.8335,,0.64,0.064,0.06,0.05,11.6475,0.8153,12.4628,,,,31.6447,pt-price-st-2025-12-19.xlsx
2025-12-19,fo600,FO 600 (1) 2%S,11.6385,,0.64,0.064,0.06,0.05,12.4525,0.8717,13.3242,,,,31.6447,pt-price-st-2025-12-19.xlsx
2025-12-19,gh91,GASOHOL91,15.2718,,6.75,0.675,2.9,0.05,25.6468,1.7953,27.4421,3.7737,0.2642,31.48,31.6447,pt-price-st-2025-12-19.xlsx
2025-12-19,gh95,GASOHOL95 E10,15.6631,,6.75,0.675,2.9,0.05,26.0381,1.8227,27.8608,3.7282,0.261,31.85,31.6447,pt-price-st-2025-12-19.xlsx
2025-12-19,gl95,ULG95,15.3633,,7.5,0.75,9.8,0.05,33.4633,2.3424,35.8057,4.0507,0.2836,40.14,31.6447,pt-price-st-2025-12-19.xlsx
2025-12-19,lpg,LPG (BAHT/KILOGRAM),18.1857,,2.17,0.217,0.3452,0.0,20.9179,1.4643,22.3822,3.2566,0.228,25.8668,31.6447,pt-price-st-2025-12-19.xlsx
2025-12-22,ds,H-DIESEL,16.6632,,6.92,0.692,2.3,0.05,26.6252,1.8638,28.489,2.2907,0.1603,30.94,31.5909,pt-price-st-2025-12-22.xlsx
2025-12-22,e20,GASOHOL95 E20,15.6416,,6.0,0.6,1.35,0.05,23.6416,1.6549,25.2965,4.0593,0.2842,29.64,31.5909,pt-price-st-2025-12-22.xlsx
2025-12-22,e85,GASOHOL95 E85,18.5166,,1.125,0.1125,2.05,0.05,21.8541,1.5298,23.3839,3.9309,0.2752,27.59,31.5909,pt-price-st-2025-12-22.xlsx
2025-12-22,fo1500,FO 1500 (2) 2%S,10.7365,,0.64,0.064,0.06,0.05,11.5505,0.8085,12.359,,,,31.5909,pt-price-st-2025-12-22.xlsx
2025-12-22,fo600,FO 600 (1) 2%S,11.5339,,0.64,0.064,0.06,0.05,12.3479,0.8644,13.2123,,,,31.5909,pt-price-st-2025-12-22.xlsx
2025-12-22,gh91,GASOHOL91,15.1282,,6.75,0.675,2.9,0.05,25.5032,1.7852,27.2884,3.9174,0.2742,31.48,31.5909,pt-price-st-2025-12-22.xlsx
2025-12-22,gh95,GASOHOL95 E10,15.5189,,6.75,0.675,2.9,0.05,25.8939,1.8126,27.7065,3.8724,0.2711,31.85,31.5909,pt-price-st-2025-12-22.xlsx
2025-12-22,gl95,ULG95,15.2046,,7.5,0.75,9.8,0.05,33.3046,2.3313,35.6359,4.2094,0.2947,40.14,31.5909,pt-price-st-2025-12-22.xlsx
2025-12-22,lpg,LPG (BAHT/KILOGRAM),18.1857,,2.17,0.217,0.3452,0.0,20.9179,1.4643,22.3822,3.2566,0.228,25.8668,31.5909,pt-price-st-2025-12-22.xlsx
2025-12-23,ds,H-DIESEL,16.6034,,6.92,0.692,2.3,0.05,26.5654,1.8596,28.425,2.3505,0.1645,30.94,31.537,pt-price-st-2025-12-23.xlsx
2025-12-23,e20,GASOHOL95 E20,15.6755,,6.0,0.6,1.35,0.05,23.6755,1.6573,25.3328,4.0254,0.2818,29.64,31.537,pt-price-st-2025-12-23.xlsx
2025-12-23,e85,GASOHOL95 E85,18.527,,1.125,0.1125,2.05,0.05,21.8645,1.5305,23.395,3.9206,0.2744,27.59,31.537,pt-price-st-2025-12-23.xlsx
2025-12-23,fo1500,FO 1500 (2) 2%S,10.7561,,0.64,0.064,0.06,0.05,11.5701,0.8099,12.38,,,,31.537,pt-price-st-2025-12-23.xlsx
2025-12-23,fo600,FO 600 (1) 2%S,11.5404,,0.64,0.064,0.06,0.05,12.3544,0.8648,13.2192,,,,31.537,pt-price-st-2025-12-23.xlsx
2025-12-23,gh91,GASOHOL91,15.1663,,6.75,0.675,2.9,0.05,25.5413,1.7879,27.3292,3.8793,0.2715,31.48,31.537,pt-price-st-2025-12-23.xlsx
2025-12-23,gh95,GASOHOL95 E10,15.5562,,6.75,0.675,2.9,0.05,25.9312,1.8152,27.7464,3.8351,0.2685,31.85,31.537,pt-price-st-2025-12-23.xlsx
2025-12-23,gl95,ULG95,15.2455,,7.5,0.75,9.8,0.05,33.3455,2.3342,35.6797,4.1685,0.2918,40.14,31.537,pt-price-st-2025-12-23.xlsx
2025-12-23,lpg,LPG (BAHT/KILOGRAM),19.6272,,2.17,0.217,-1.0963,0.0,20.9179,1.4643,22.3822,3.2566,0.228,25.8668,31.537,pt-price-st-2025-12-23.xlsx
2025-12-24,ds,H-DIESEL,16.5869,,6.92,0.692,2.1,0.05,26.3489,1.8444,28.1933,2.0997,0.147,30.44,31.3055,pt-price-st-2025-12-24.xlsx
2025-12-24,e20,GASOHOL95 E20,15.6376,,6.0,0.6,1.35,0.05,23.6376,1.6546,25.2922,3.5961,0.2517,29.14,31.3055,pt-price-st-2025-12-24.xlsx
2025-12-24,e85,GASOHOL95 E85,18.5153,,1.125,0.1125,2.05,0.05,21.8528,1.5297,23.3825,3.465,0.2425,27.09,31.3055,pt-price-st-2025-12-24.xlsx
2025-12-24,fo1500,FO 1500 (2) 2%S,10.8174,,0.64,0.064,0.06,0.05,11.6314,0.8142,12.4456,,,,31.3055,pt-price-st-2025-12-24.xlsx
2025-12-24,fo600,FO 600 (1) 2%S,11.5894,,0.64,0.064,0.06,0.05,12.4034,0.8682,13.2716,,,,31.3055,pt-price-st-2025-12-24.xlsx
2025-12-24,gh91,GASOHOL91,15.1237,,6.75,0.675,2.9,0.05,25.4987,1.7849,27.2836,3.4546,0.2418,30.98,31.3055,pt-price-st-2025-12-24.xlsx
2025-12-24,gh95,GASOHOL95 E10,15.5108,,6.75,0.675,2.9,0.05,25.8858,1.812,27.6978,3.4133,0.2389,31.35,31.3055,pt-price-st-2025-12-24.xlsx
2025-12-24,gl95,ULG95,15.1948,,7.5,0.75,9.8,0.05,33.2948,2.3306,35.6254,3.752,0.2626,39.64,31.3055,pt-price-st-2025-12-24.xlsx
2025-12-24,lpg,LPG (BAHT/KILOGRAM),19.6272,,2.17,0.217,-1.0963,0.0,20.9179,1.4643,22.3822,3.2566,0.228,25.8668,31.3055,pt-price-st-2025-12-24.xlsx
2025-12-25,ds,H-DIESEL,16.7477,,6.92,0.692,2.1,0.05,26.5097,1.8557,28.3654,1.9389,0.1357,30.44,31.2552,pt-price-st-2025-12-25.xlsx
2025-12-25,e20,GASOHOL95 E20,15.6086,,6.0,0.6,1.35,0.05,23.6086,1.6526,25.2612,3.625,0.2538,29.14,31.2552,pt-price-st-2025-12-25.xlsx
2025-12-25,e85,GASOHOL95 E85,18.5064,,1.125,0.1125,2.05,0.05,21.8439,1.5291,23.373,3.4738,0.2432,27.09,31.2552,pt-price-st-2025-12-25.xlsx
2025-12-25,fo1500,FO 1500 (2) 2%S,10.8299,,0.64,0.064,0.06,0.05,11.6439,0.8151,12.459,,,,31.2552,pt-price-st-2025-12-25.xlsx
2025-12-25,fo600,FO 600 (1) 2%S,11.6278,,0.64,0.064,0.06,0.05,12.4418,0.8709,13.3127,,,,31.2552,pt-price-st-2025-12-25.xlsx
2025-12-25,gh91,GASOHOL91,15.0911,,6.75,0.675,2.9,0.05,25.4661,1.7826,27.2487,3.4872,0.2441,30.98,31.2552,pt-price-st-2025-12-25.xlsx
2025-12-25,gh95,GASOHOL95 E10,15.4776,,6.75,0.675,2.9,0.05,25.8526,1.8097,27.6623,3.4464,0.2413,31.35,31.2552,pt-price-st-2025-12-25.xlsx
2025-12-25,gl95,ULG95,15.1581,,7.5,0.75,9.8,0.05,33.2581,2.3281,35.5862,3.7886,0.2652,39.64,31.2552,pt-price-st-2025-12-25.xlsx
2025-12-25,lpg,LPG (BAHT/KILOGRAM),19.6272,,2.17,0.217,-1.0963,0.0,20.9179,1.4643,22.3822,3.2566,0.228,25.8668,31.2552,pt-price-st-2025-12-25.xlsx
2025-12-26,ds,H-DIESEL,16.7476,,6.92,0.692,2.1,0.05,26.5096,1.8557,28.3653,1.939,0.1357,30.44,31.2549,pt-price-st-2025-12-26.xlsx
2025-12-26,e20,GASOHOL95 E20,15.6085,,6.0,0.6,1.35,0.05,23.6085,1.6526,25.2611,3.6251,0.2538,29.14,31.2549,pt-price-st-2025-12-26.xlsx
2025-12-26,e85,GASOHOL95 E85,18.5063,,1.125,0.1125,2.05,0.05,21.8438,1.5291,23.3729,3.4739,0.2432,27.09,31.2549,pt-price-st-2025-12-26.xlsx
2025-12-26,fo1500,FO 1500 (2) 2%S,10.8298,,0.64,0.064,0.06,0.05,11.6438,0.8151,12.4589,,,,31.2549,pt-price-st-2025-12-26.xlsx
2025-12-26,fo600,FO 600 (1) 2%S,11.6276,,0.64,0.064,0.06,0.05,12.4416,0.8709,13.3125,,,,31.2549,pt-price-st-2025-12-26.xlsx
2025-12-26,gh91,GASOHOL91,15.091,,6.75,0.675,2.9,0.05,25.466,1.7826,27.2486,3.4873,0.2441,30.98,31.2549,pt-price-st-2025-12-26.xlsx
2025-12-26,gh95,GASOHOL95 E10,15.4775,,6.75,0.675,2.9,0.05,25.8525,1.8097,27.6622,3.4465,0.2413,31.35,31.2549,pt-price-st-2025-12-26.xlsx
2025-12-26,gl95,ULG95,15.158,,7.5,0.75,9.8,0.05,33.258,2.3281,35.5861,3.7887,0.2652,39.64,31.2549,pt-price-st-2025-12-26.xlsx
2025-12-26,lpg,LPG (BAHT/KILOGRAM),19.6272,,2.17,0.217,-1.0963,0.0,20.9179,1.4643,22.3822,3.2566,0.228,25.8668,31.2549,pt-price-st-2025-12-26.xlsx
2025-12-29,ds,H-DIESEL,16.6989,,6.92,0.692,2.1,0.05,26.4609,1.8523,28.3132,1.9877,0.1391,30.44,31.2257,pt-price-st-2025-12-29.xlsx
2025-12-29,e20,GASOHOL95 E20,15.599,,6.0,0.6,1.35,0.05,23.599,1.6519,25.2509,3.6347,0.2544,29.14,31.2257,pt-price-st-2025-12-29.xlsx
2025-12-29,e85,GASOHOL95 E85,18.5034,,1.125,0.1125,2.05,0.05,21.8409,1.5289,23.3698,3.4768,0.2434,27.09,31.2257,pt-price-st-2025-12-29.xlsx
2025-12-29,fo1500,FO 1500 (2) 2%S,10.8048,,0.64,0.064,0.06,0.05,11.6188,0.8133,12.4321,,,,31.2257,pt-price-st-2025-12-29.xlsx
2025-12-29,fo600,FO 600 (1) 2%S,11.606,,0.64,0.064,0.06,0.05,12.42,0.8694,13.2894,,,,31.2257,pt-price-st-2025-12-29.xlsx
2025-12-29,gh91,GASOHOL91,15.0804,,6.75,0.675,2.9,0.05,25.4554,1.7819,27.2373,3.4979,0.2448,30.98,31.2257,pt-price-st-2025-12-29.xlsx
2025-12-29,gh95,GASOHOL95 E10,15.4664,,6.75,0.675,2.9,0.05,25.8414,1.8089,27.6503,3.4577,0.242,31.35,31.2257,pt-price-st-2025-12-29.xlsx
2025-12-29,gl95,ULG95,15.1457,,7.5,0.75,9.8,0.05,33.2457,2.3272,35.5729,3.801,0.2661,39.64,31.2257,pt-price-st-2025-12-29.xlsx
2025-12-29,lpg,LPG (BAHT/KILOGRAM),19.6272,,2.17,0.217,-1.0963,0.0,20.9179,1.4643,22.3822,3.2566,0.228,25.8668,31.2257,pt-price-st-2025-12-29.xlsx
2025-12-30,ds,H-DIESEL,16.6016,,6.92,0.692,2.1,0.05,26.3636,1.8455,28.2091,2.085,0.1459,30.44,31.3932,pt-price-st-2025-12-30.xlsx
2025-12-30,e20,GASOHOL95 E20,15.5668,,6.0,0.6,1.35,0.05,23.5668,1.6497,25.2165,3.6668,0.2567,29.14,31.3932,pt-price-st-2025-12-30.xlsx
2025-12-30,e85,GASOHOL95 E85,18.4935,,1.125,0.1125,2.05,0.05,21.831,1.5282,23.3592,3.4867,0.2441,27.09,31.3932,pt-price-st-2025-12-30.xlsx
2025-12-30,fo1500,FO 1500 (2) 2%S,10.7272,,0.64,0.064,0.06,0.05,11.5412,0.8079,12.3491,,,,31.3932,pt-price-st-2025-12-30.xlsx
2025-12-30,fo600,FO 600 (1) 2%S,11.5241,,0.64,0.064,0.06,0.05,12.3381,0.8637,13.2018,,,,31.3932,pt-price-st-2025-12-30.xlsx
2025-12-30,gh91,GASOHOL91,15.0442,,6.75,0.675,2.9,0.05,25.4192,1.7793,27.1985,3.5341,0.2474,30.98,31.3932,pt-price-st-2025-12-30.xlsx
2025-12-30,gh95,GASOHOL95 E10,15.4323,,6.75,0.675,2.9,0.05,25.8073,1.8065,27.6138,3.4918,0.2444,31.35,31.3932,pt-price-st-2025-12-30.xlsx
2025-12-30,gl95,ULG95,15.1088,,7.5,0.75,9.8,0.05,33.2088,2.3246,35.5334,3.8379,0.2687,39.64,31.3932,pt-price-st-2025-12-30.xlsx
2025-12-30,lpg,LPG (BAHT/KILOGRAM),19.6272,,2.17,0.217,-1.0963,0.0,20.9179,1.4643,22.3822,3.2566,0.228,25.8668,31.3932,pt-price-st-2025-12-30.xlsx
2026-01-05,ds,H-DIESEL,16.7264,,6.92,0.692,2.1,0.05,26.4884,1.8542,28.3426,1.9602,0.1372,30.44,31.7436,pt-price-st-2026-1-05.xlsx
2026-01-05,e20,GASOHOL95 E20,15.7477,,6.0,0.6,1.35,0.05,23.7477,1.6623,25.41,3.486,0.244,29.14,31.7436,pt-price-st-2026-1-05.xlsx
2026-01-05,e85,GASOHOL95 E85,19.2614,,1.125,0.1125,2.05,0.05,22.5989,1.5819,24.1808,2.7189,0.1903,27.09,31.7436,pt-price-st-2026-1-05.xlsx
2026-01-05,fo1500,FO 1500 (2) 2%S,10.8549,,0.64,0.064,0.06,0.05,11.6689,0.8168,12.4857,,,,31.7436,pt-price-st-2026-1-05.xlsx
2026-01-05,fo600,FO 600 (1) 2%S,11.6568,,0.64,0.064,0.06,0.05,12.4708,0.873,13.3438,,,,31.7436,pt-price-st-2026-1-05.xlsx
2026-01-05,gh91,GASOHOL91,15.1203,,6.75,0.675,2.9,0.05,25.4953,1.7847,27.28,3.4579,0.2421,30.98,31.7436,pt-price-st-2026-1-05.xlsx
2026-01-05,gh95,GASOHOL95 E10,15.5128,,6.75,0.675,2.9,0.05,25.8878,1.8121,27.6999,3.4113,0.2388,31.35,31.7436,pt-price-st-2026-1-05.xlsx
2026-01-05,gl95,ULG95,15.0965,,7.5,0.75,9.8,0.05,33.1965,2.3238,35.5203,3.8502,0.2695,39.64,31.7436,pt-price-st-2026-1-05.xlsx
2026-01-05,lpg,LPG (BAHT/KILOGRAM),19.6272,,2.17,0.217,-1.0963,0.0,20.9179,1.4643,22.3822,3.2566,0.228,25.8668,31.7436,pt-price-st-2026-1-05.xlsx
2026-01-06,ds,H-DIESEL,16.4374,,6.92,0.692,2.1,0.05,26.1994,1.834,28.0334,2.2492,0.1574,30.44,31.5912,pt-price-st-2026-1-06.xlsx
2026-01-06,e20,GASOHOL95 E20,15.498,,6.0,0.6,1.35,0.05,23.498,1.6449,25.1429,3.7356,0.2615,29.14,31.5912,pt-price-st-2026-1-06.xlsx
2026-01-06,e85,GASOHOL95 E85,19.1843,,1.125,0.1125,2.05,0.05,22.5218,1.5765,24.0983,2.796,0.1957,27.09,31.5912,pt-price-st-2026-1-06.xlsx
2026-01-06,fo1500,FO 1500 (2) 2%S,10.6592,,0.64,0.064,0.06,0.05,11.4732,0.8031,12.2763,,,,31.5912,pt-price-st-2026-1-06.xlsx
2026-01-06,fo600,FO 600 (1) 2%S,11.4428,,0.64,0.064,0.06,0.05,12.2568,0.858,13.1148,,,,31.5912,pt-price-st-2026-1-06.xlsx
2026-01-06,gh91,GASOHOL91,14.8397,,6.75,0.675,2.9,0.05,25.2147,1.765,26.9797,3.7386,0.2617,30.98,31.5912,pt-price-st-2026-1-06.xlsx
2026-01-06,gh95,GASOHOL95 E10,15.2303,,6.75,0.675,2.9,0.05,25.6053,1.7924,27.3977,3.6937,0.2586,31.35,31.5912,pt-price-st-2026-1-06.xlsx
2026-01-06,gl95,ULG95,14.7854,,7.5,0.75,9.8,0.05,32.8854,2.302,35.1874,4.1613,0.2913,39.64,31.5912,pt-price-st-2026-1-06.xlsx
2026-01-06,lpg,LPG (BAHT/KILOGRAM),18.7517,,2.17,0.217,-0.2208,0.0,20.9179,1.4643,22.3822,3.2566,0.228,25.8668,31.5912,pt-price-st-2026-1-06.xlsx
2026-01-07,ds,H-DIESEL,16.4595,,6.92,0.692,2.1,0.05,26.2215,1.8355,28.057,2.2271,0.1559,30.44,31.4258,pt-price-st-2026-1-07.xlsx
2026-01-07,e20,GASOHOL95 E20,15.5004,,6.0,0.6,1.35,0.05,23.5004,1.645,25.1454,3.7333,0.2613,29.14,31.4258,pt-price-st-2026-1-07.xlsx
2026-01-07,e85,GASOHOL95 E85,19.185,,1.125,0.1125,2.05,0.05,22.5226,1.5766,24.0992,2.7951,0.1957,27.09,31.4258,pt-price-st-2026-1-07.xlsx
2026-01-07,fo1500,FO 1500 (2) 2%S,10.7384,,0.64,0.064,0.06,0.05,11.5524,0.8087,12.3611,,,,31.4258,pt-price-st-2026-1-07.xlsx
2026-01-07,fo600,FO 600 (1) 2%S,11.5129,,0.64,0.064,0.06,0.05,12.3269,0.8629,13.1898,,,,31.4258,pt-price-st-2026-1-07.xlsx
2026-01-07,gh91,GASOHOL91,14.8424,,6.75,0.675,2.9,0.05,25.2174,1.7652,26.9826,3.7359,0.2615,30.98,31.4258,pt-price-st-2026-1-07.xlsx
2026-01-07,gh95,GASOHOL95 E10,15.231,,6.75,0.675,2.9,0.05,25.606,1.7924,27.3984,3.6931,0.2585,31.35,31.4258,pt-price-st-2026-1-07.xlsx
2026-01-07,gl95,ULG95,14.7856,,7.5,0.75,9.8,0.05,32.8856,2.302,35.1876,4.1611,0.2913,39.64,31.4258,pt-price-st-2026-1-07.xlsx
2026-01-07,lpg,LPG (BAHT/KILOGRAM),18.7517,,2.17,0.217,-0.2208,0.0,20.9179,1.4643,22.3822,3.2566,0.228,25.8668,31.4258,pt-price-st-2026-1-07.xlsx
2026-01-08,ds,H-DIESEL,16.2638,,6.92,0.692,2.1,0.05,26.0258,1.8218,27.8476,2.4228,0.1696,30.44,31.4036,pt-price-st-2026-1-08.xlsx
2026-01-08,e20,GASOHOL95 E20,15.3473,,6.0,0.6,1.35,0.05,23.3473,1.6343,24.9816,3.8864,0.272,29.14,31.4036,pt-price-st-2026-1-08.xlsx
2026-01-08,e85,GASOHOL95 E85,19.1378,,1.125,0.1125,2.05,0.05,22.4753,1.5733,24.0486,2.8424,0.199,27.09,31.4036,pt-price-st-2026-1-08.xlsx
2026-01-08,fo1500,FO 1500 (2) 2%S,10.85,,0.64,0.064,0.06,0.05,11.664,0.8165,12.4805,,,,31.4036,pt-price-st-2026-1-08.xlsx
2026-01-08,fo600,FO 600 (1) 2%S,11.5725,,0.64,0.064,0.06,0.05,12.3865,0.8671,13.2536,,,,31.4036,pt-price-st-2026-1-08.xlsx
2026-01-08,gh91,GASOHOL91,14.6704,,6.75,0.675,2.9,0.05,25.0454,1.7532,26.7986,3.9079,0.2735,30.98,31.4036,pt-price-st-2026-1-08.xlsx
2026-01-08,gh95,GASOHOL95 E10,15.0587,,6.75,0.675,2.9,0.05,25.4337,1.7804,27.2141,3.8653,0.2706,31.35,31.4036,pt-price-st-2026-1-08.xlsx
2026-01-08,gl95,ULG95,14.5962,,7.5,0.75,9.8,0.05,32.6962,2.2887,34.9849,4.3506,0.3045,39.64,31.4036,pt-price-st-2026-1-08.xlsx
2026-01-08,lpg,LPG (BAHT/KILOGRAM),18.7517,,2.17,0.217,-0.2208,0.0,20.9179,1.4643,22.3822,3.2566,0.228,25.8668,31.4036,pt-price-st-2026-1-08.xlsx
2026-01-09,ds,H-DIESEL,16.1712,,6.92,0.692,2.0,0.05,25.8332,1.8083,27.6415,2.1481,0.1504,29.94,31.5595,pt-price-st-2026-1-09.xlsx
2026-01-09,e20,GASOHOL95 E20,15.3602,,6.0,0.6,1.35,0.05,23.3602,1.6352,24.9954,3.4062,0.2384,28.64,31.5595,pt-price-st-2026-1-09.xlsx
2026-01-09,e85,GASOHOL95 E85,19.1418,,1.125,0.1125,1.55,0.05,21.9793,1.5386,23.5179,2.8711,0.201,26.59,31.5595,pt-price-st-2026-1-09.xlsx
2026-01-09,fo1500,FO 1500 (2) 2%S,10.7703,,0.64,0.064,0.06,0.05,11.5843,0.8109,12.3952,,,,31.5595,pt-price-st-2026-1-09.xlsx
2026-01-09,fo600,FO 600 (1) 2%S,11.4894,,0.64,0.064,0.06,0.05,12.3034,0.8612,13.1646,,,,31.5595,pt-price-st-2026-1-09.xlsx
2026-01-09,gh91,GASOHOL91,14.685,,6.75,0.675,2.9,0.05,25.06,1.7542,26.8142,3.426,0.2398,30.48,31.5595,pt-price-st-2026-1-09.xlsx
2026-01-09,gh95,GASOHOL95 E10,15.0752,,6.75,0.675,2.9,0.05,25.4502,1.7815,27.2317,3.3816,0.2367,30.85,31.5595,pt-price-st-2026-1-09.xlsx
2026-01-09,gl95,ULG95,14.6148,,7.5,0.75,9.8,0.05,32.7148,2.29,35.0048,3.8647,0.2705,39.14,31.5595,pt-price-st-2026-1-09.xlsx
2026-01-09,lpg,LPG (BAHT/KILOGRAM),18.7517,,2.17,0.217,-0.2208,0.0,20.9179,1.4643,22.3822,3.2566,0.228,25.8668,31.5595,pt-price-st-2026-1-09.xlsx
2026-01-12,ds,H-DIESEL,16.496,,6.92,0.692,2.0,0.05,26.158,1.8311,27.9891,1.8233,0.1276,29.94,31.6165,pt-price-st-2026-1-12.xlsx
2026-01-12,e20,GASOHOL95 E20,15.6083,,6.0,0.6,1.35,0.05,23.6083,1.6526,25.2609,3.158,0.2211,28.64,31.6165,pt-price-st-2026-1-12.xlsx
2026-01-12,e85,GASOHOL95 E85,19.2184,,1.125,0.1125,1.55,0.05,22.0559,1.5439,23.5998,2.7946,0.1956,26.59,31.6165,pt-price-st-2026-1-12.xlsx
2026-01-12,fo1500,FO 1500 (2) 2%S,10.8213,,0.64,0.064,0.06,0.05,11.6353,0.8145,12.4498,,,,31.6165,pt-price-st-2026-1-12.xlsx
2026-01-12,fo600,FO 600 (1) 2%S,11.5876,,0.64,0.064,0.06,0.05,12.4016,0.8681,13.2697,,,,31.6165,pt-price-st-2026-1-12.xlsx
2026-01-12,gh91,GASOHOL91,14.9637,,6.75,0.675,2.9,0.05,25.3387,1.7737,27.1124,3.1473,0.2203,30.48,31.6165,pt-price-st-2026-1-12.xlsx
2026-01-12,gh95,GASOHOL95 E10,15.3546,,6.75,0.675,2.9,0.05,25.7296,1.8011,27.5307,3.1021,0.2172,30.85,31.6165,pt-price-st-2026-1-12.xlsx
2026-01-12,gl95,ULG95,14.9222,,7.5,0.75,9.8,0.05,33.0222,2.3116,35.3338,3.5572,0.249,39.14,31.6165,pt-price-st-2026-1-12.xlsx
2026-01-12,lpg,LPG (BAHT/KILOGRAM),18.7517,,2.17,0.217,-0.2208,0.0,20.9179,1.4643,22.3822,3.2566,0.228,25.8668,31.6165,pt-price-st-2026-1-12.xlsx
2026-01-13,ds,H-DIESEL,16.6192,,6.92,0.692,2.0,0.05,26.2812,1.8397,28.1209,1.7001,0.119,29.94,31.4496,pt-price-st-2026-1-13.xlsx
2026-01-13,e20,GASOHOL95 E20,15.6312,,6.0,0.6,1.35,0.05,23.6312,1.6542,25.2854,3.1351,0.2195,28.64,31.4496,pt-price-st-2026-1-13.xlsx
2026-01-13,e85,GASOHOL95 E85,19.2254,,1.125,0.1125,1.55,0.05,22.0629,1.5444,23.6073,2.7876,0.1951,26.59,31.4496,pt-price-st-2026-1-13.xlsx
2026-01-13,fo1500,FO 1500 (2) 2%S,10.7439,,0.64,0.064,0.06,0.05,11.5579,0.8091,12.367,,,,31.4496,pt-price-st-2026-1-13.xlsx
2026-01-13,fo600,FO 600 (1) 2%S,11.5447,,0.64,0.064,0.06,0.05,12.3587,0.8651,13.2238,,,,31.4496,pt-price-st-2026-1-13.xlsx
2026-01-13,gh91,GASOHOL91,14.9893,,6.75,0.675,2.9,0.05,25.3643,1.7755,27.1398,3.1217,0.2185,30.48,31.4496,pt-price-st-2026-1-13.xlsx
2026-01-13,gh95,GASOHOL95 E10,15.3783,,6.75,0.675,2.9,0.05,25.7533,1.8027,27.556,3.0785,0.2155,30.85,31.4496,pt-price-st-2026-1-13.xlsx
2026-01-13,gl95,ULG95,14.9476,,7.5,0.75,9.8,0.05,33.0476,2.3133,35.3609,3.5319,0.2472,39.14,31.4496,pt-price-st-2026-1-13.xlsx
2026-01-13,lpg,LPG (BAHT/KILOGRAM),18.7517,,2.17,0.217,-0.2208,0.0,20.9179,1.4643,22.3822,3.2566,0.228,25.8668,31.4496,pt-price-st-2026-1-13.xlsx
2026-01-14,ds,H-DIESEL,16.8337,,6.92,0.692,2.0,0.05,26.4958,1.8547,28.3505,1.4855,0.104,29.94,31.5018,pt-price-st-2026-1-14.xlsx
2026-01-14,e20,GASOHOL95 E20,15.7015,,6.0,0.6,1.35,0.05,23.7015,1.6591,25.3606,3.0649,0.2145,28.64,31.5018,pt-price-st-2026-1-14.xlsx
2026-01-14,e85,GASOHOL95 E85,19.2471,,1.125,0.1125,1.55,0.05,22.0846,1.5459,23.6305,2.7659,0.1936,26.59,31.5018,pt-price-st-2026-1-14.xlsx
2026-01-14,fo1500,FO 1500 (2) 2%S,10.9049,,0.64,0.064,0.06,0.05,11.7189,0.8203,12.5392,,,,31.5018,pt-price-st-2026-1-14.xlsx
2026-01-14,fo600,FO 600 (1) 2%S,11.7163,,0.64,0.064,0.06,0.05,12.5303,0.8771,13.4074,,,,31.5018,pt-price-st-2026-1-14.xlsx
2026-01-14,gh91,GASOHOL91,15.0683,,6.75,0.675,2.9,0.05,25.4433,1.781,27.2243,3.0427,0.213,30.48,31.5018,pt-price-st-2026-1-14.xlsx
2026-01-14,gh95,GASOHOL95 E10,15.4579,,6.75,0.675,2.9,0.05,25.8329,1.8083,27.6412,2.9989,0.2099,30.85,31.5018,pt-price-st-2026-1-14.xlsx
2026-01-14,gl95,ULG95,15.0353,,7.5,0.75,9.8,0.05,33.1353,2.3195,35.4548,3.4441,0.2411,39.14,31.5018,pt-price-st-2026-1-14.xlsx
2026-01-14,lpg,LPG (BAHT/KILOGRAM),18.7517,,2.17,0.217,-0.2208,0.0,20.9179,1.4643,22.3822,3.2566,0.228,25.8668,31.5018,pt-price-st-2026-1-14.xlsx
2026-01-15,ds,H-DIESEL,17.1369,,6.92,0.692,1.5,0.05,26.2989,1.8409,28.1398,1.6824,0.1178,29.94,31.6583,pt-price-st-2026-1-15.xlsx
2026-01-15,e20,GASOHOL95 E20,15.7856,,6.0,0.6,0.8,0.05,23.2356,1.6265,24.8621,3.5307,0.2472,28.64,31.6583,pt-price-st-2026-1-15.xlsx
2026-01-15,e85,GASOHOL95 E85,19.2731,,1.125,0.1125,0.7,0.05,21.2606,1.4882,22.7488,3.5899,0.2513,26.59,31.6583,pt-price-st-2026-1-15.xlsx
2026-01-15,fo1500,FO 1500 (2) 2%S,11.3249,,0.64,0.064,0.06,0.05,12.1389,0.8497,12.9886,,,,31.6583,pt-price-st-2026-1-15.xlsx
2026-01-15,fo600,FO 600 (1) 2%S,12.1197,,0.64,0.064,0.06,0.05,12.9337,0.9054,13.8391,,,,31.6583,pt-price-st-2026-1-15.xlsx
2026-01-15,gh91,GASOHOL91,15.1629,,6.75,0.675,2.5,0.05,25.1379,1.7597,26.8976,3.348,0.2344,30.48,31.6583,pt-price-st-2026-1-15.xlsx
2026-01-15,gh95,GASOHOL95 E10,15.5544,,6.75,0.675,2.5,0.05,25.5294,1.7871,27.3165,3.3023,0.2312,30.85,31.6583,pt-price-st-2026-1-15.xlsx
2026-01-15,gl95,ULG95,15.1419,,7.5,0.75,9.6,0.05,33.0419,2.3129,35.3548,3.5376,0.2476,39.14,31.6583,pt-price-st-2026-1-15.xlsx
2026-01-15,lpg,LPG (BAHT/KILOGRAM),18.7517,,2.17,0.217,-0.2208,0.0,20.9179,1.4643,22.3822,3.2566,0.228,25.8668,31.6583,pt-price-st-2026-1-15.xlsx
2026-01-16,ds,H-DIESEL,17.1139,,6.92,0.692,1.5,0.05,26.2759,1.8393,28.1152,1.7054,0.1194,29.94,31.6419,pt-price-st-2026-1-16.xlsx
2026-01-16,e20,GASOHOL95 E20,15.6863,,6.0,0.6,0.8,0.05,23.1363,1.6195,24.7558,3.6301,0.2541,28.64,31.6419,pt-price-st-2026-1-16.xlsx
2026-01-16,e85,GASOHOL95 E85,19.2424,,1.125,0.1125,0.7,0.05,21.2299,1.4861,22.716,3.6206,0.2534,26.59,31.6419,pt-price-st-2026-1-16.xlsx
2026-01-16,fo1500,FO 1500 (2) 2%S,11.4714,,0.64,0.064,0.06,0.05,12.2854,0.86,13.1454,,,,31.6419,pt-price-st-2026-1-16.xlsx
2026-01-16,fo600,FO 600 (1) 2%S,12.2382,,0.64,0.064,0.06,0.05,13.0522,0.9137,13.9659,,,,31.6419,pt-price-st-2026-1-16.xlsx
2026-01-16,gh91,GASOHOL91,15.0512,,6.75,0.675,2.5,0.05,25.0262,1.7518,26.778,3.4598,0.2422,30.48,31.6419,pt-price-st-2026-1-16.xlsx
2026-01-16,gh95,GASOHOL95 E10,15.4424,,6.75,0.675,2.5,0.05,25.4174,1.7792,27.1966,3.4144,0.239,30.85,31.6419,pt-price-st-2026-1-16.xlsx
2026-01-16,gl95,ULG95,15.0188,,7.5,0.75,9.6,0.05,32.9188,2.3043,35.2231,3.6607,0.2562,39.14,31.6419,pt-price-st-2026-1-16.xlsx
2026-01-16,lpg,LPG (BAHT/KILOGRAM),18.7517,,2.17,0.217,-0.2208,0.0,20.9179,1.4643,22.3822,3.2566,0.228,25.8668,31.6419,pt-price-st-2026-1-16.xlsx
2026-01-19,ds,H-DIESEL,17.0236,,6.92,0.692,1.5,0.05,26.1856,1.833,28.0186,1.7957,0.1257,29.94,31.5667,pt-price-st-2026-1-19.xlsx
2026-01-19,e20,GASOHOL95 E20,15.5295,,6.0,0.6,0.8,0.05,22.9795,1.6086,24.5881,3.7868,0.2651,28.64,31.5667,pt-price-st-2026-1-19.xlsx
2026-01-19,e85,GASOHOL95 E85,19.194,,1.125,0.1125,0.7,0.05,21.1816,1.4827,22.6643,3.6689,0.2568,26.59,31.5667,pt-price-st-2026-1-19.xlsx
2026-01-19,fo1500,FO 1500 (2) 2%S,11.4421,,0.64,0.064,0.06,0.05,12.2561,0.8579,13.114,,,,31.5667,pt-price-st-2026-1-19.xlsx
2026-01-19,fo600,FO 600 (1) 2%S,12.1982,,0.64,0.064,0.06,0.05,13.0122,0.9109,13.9231,,,,31.5667,pt-price-st-2026-1-19.xlsx
2026-01-19,gh91,GASOHOL91,14.8751,,6.75,0.675,2.5,0.05,24.8501,1.7395,26.5896,3.6359,0.2545,30.48,31.5667,pt-price-st-2026-1-19.xlsx
2026-01-19,gh95,GASOHOL95 E10,15.2654,,6.75,0.675,2.5,0.05,25.2404,1.7668,27.0072,3.5914,0.2514,30.85,31.5667,pt-price-st-2026-1-19.xlsx
2026-01-19,gl95,ULG95,14.824,,7.5,0.75,9.6,0.05,32.724,2.2907,35.0147,3.8554,0.2699,39.14,31.5667,pt-price-st-2026-1-19.xlsx
2026-01-19,lpg,LPG (BAHT/KILOGRAM),18.7517,,2.17,0.217,-0.2208,0.0,20.9179,1.4643,22.3822,3.2566,0.228,25.8668,31.5667,pt-price-st-2026-1-19.xlsx
2026-01-20,ds,H-DIESEL,17.0233,,6.92,0.692,1.5,0.05,26.1853,1.833,28.0183,1.796,0.1257,29.94,31.4704,pt-price-st-2026-1-20.xlsx
2026-01-20,e20,GASOHOL95 E20,15.4727,,6.0,0.6,0.8,0.05,22.9227,1.6046,24.5273,3.8436,0.2691,28.64,31.4704,pt-price-st-2026-1-20.xlsx
2026-01-20,e85,GASOHOL95 E85,19.1765,,1.125,0.1125,0.7,0.05,21.164,1.4815,22.6455,3.6864,0.2581,26.59,31.4704,pt-price-st-2026-1-20.xlsx
2026-01-20,fo1500,FO 1500 (2) 2%S,11.4405,,0.64,0.064,0.06,0.05,12.2545,0.8578,13.1123,,,,31.4704,pt-price-st-2026-1-20.xlsx
2026-01-20,fo600,FO 600 (1) 2%S,12.197,,0.64,0.064,0.06,0.05,13.011,0.9108,13.9218,,,,31.4704,pt-price-st-2026-1-20.xlsx
2026-01-20,gh91,GASOHOL91,14.8114,,6.75,0.675,2.5,0.05,24.7864,1.735,26.5214,3.6996,0.259,30.48,31.4704,pt-price-st-2026-1-20.xlsx
2026-01-20,gh95,GASOHOL95 E10,15.2005,,6.75,0.675,2.5,0.05,25.1755,1.7623,26.9378,3.6563,0.2559,30.85,31.4704,pt-price-st-2026-1-20.xlsx
2026-01-20,gl95,ULG95,14.7522,,7.5,0.75,9.6,0.05,32.6522,2.2857,34.9379,3.9272,0.2749,39.14,31.4704,pt-price-st-2026-1-20.xlsx
2026-01-20,lpg,LPG (BAHT/KILOGRAM),18.7517,,2.17,0.217,-0.2208,0.0,20.9179,1.4643,22.3822,3.2566,0.228,25.8668,31.4704,pt-price-st-2026-1-20.xlsx
2026-01-21,ds,H-DIESEL,17.0591,,6.92,0.692,1.5,0.05,26.2211,1.8355,28.0566,1.7602,0.1232,29.94,31.3596,pt-price-st-2026-1-21.xlsx
2026-01-21,e20,GASOHOL95 E20,15.4945,,6.0,0.6,0.8,0.05,22.9445,1.6061,24.5506,3.8219,0.2675,28.64,31.3596,pt-price-st-2026-1-21.xlsx
2026-01-21,e85,GASOHOL95 E85,19.1832,,1.125,0.1125,0.7,0.05,21.1708,1.482,22.6528,3.6796,0.2576,26.59,31.3596,pt-price-st-2026-1-21.xlsx
2026-01-21,fo1500,FO 1500 (2) 2%S,11.3436,,0.64,0.064,0.06,0.05,12.1576,0.851,13.0086,,,,31.3596,pt-price-st-2026-1-21.xlsx
2026-01-21,fo600,FO 600 (1) 2%S,12.1202,,0.64,0.064,0.06,0.05,12.9342,0.9054,13.8396,,,,31.3596,pt-price-st-2026-1-21.xlsx
2026-01-21,gh91,GASOHOL91,14.8358,,6.75,0.675,2.5,0.05,24.8108,1.7368,26.5476,3.6751,0.2573,30.48,31.3596,pt-price-st-2026-1-21.xlsx
2026-01-21,gh95,GASOHOL95 E10,15.2236,,6.75,0.675,2.5,0.05,25.1986,1.7639,26.9625,3.6332,0.2543,30.85,31.3596,pt-price-st-2026-1-21.xlsx
2026-01-21,gl95,ULG95,14.7773,,7.5,0.75,9.6,0.05,32.6773,2.2874,34.9647,3.9021,0.2732,39.14,31.3596,pt-price-st-2026-1-21.xlsx
2026-01-21,lpg,LPG (BAHT/KILOGRAM),18.7517,,2.17,0.217,-0.2208,0.0,20.9179,1.4643,22.3822,3.2566,0.228,25.8668,31.3596,pt-price-st-2026-1-21.xlsx
2026-01-22,ds,H-DIESEL,17.1715,,6.92,0.692,1.5,0.05,26.3335,1.8433,28.1768,1.6479,0.1153,29.94,31.1877,pt-price-st-2026-1-22.xlsx
2026-01-22,e20,GASOHOL95 E20,15.542,,6.0,0.6,0.8,0.05,22.992,1.6094,24.6014,3.7744,0.2642,28.64,31.1877,pt-price-st-2026-1-22.xlsx
2026-01-22,e85,GASOHOL95 E85,19.1979,,1.125,0.1125,0.7,0.05,21.1854,1.483,22.6684,3.665,0.2566,26.59,31.1877,pt-price-st-2026-1-22.xlsx
2026-01-22,fo1500,FO 1500 (2) 2%S,11.3785,,0.64,0.064,0.06,0.05,12.1925,0.8535,13.046,,,,31.1877,pt-price-st-2026-1-22.xlsx
2026-01-22,fo600,FO 600 (1) 2%S,12.169,,0.64,0.064,0.06,0.05,12.983,0.9088,13.8918,,,,31.1877,pt-price-st-2026-1-22.xlsx
2026-01-22,gh91,GASOHOL91,14.8892,,6.75,0.675,2.5,0.05,24.8642,1.7405,26.6047,3.6218,0.2535,30.48,31.1877,pt-price-st-2026-1-22.xlsx
2026-01-22,gh95,GASOHOL95 E10,15.2747,,6.75,0.675,2.5,0.05,25.2497,1.7675,27.0172,3.5821,0.2507,30.85,31.1877,pt-price-st-2026-1-22.xlsx
2026-01-22,gl95,ULG95,14.833,,7.5,0.75,9.6,0.05,32.733,2.2913,35.0243,3.8464,0.2693,39.14,31.1877,pt-price-st-2026-1-22.xlsx
2026-01-22,lpg,LPG (BAHT/KILOGRAM),18.7517,,2.17,0.217,-0.2208,0.0,20.9179,1.4643,22.3822,3.2566,0.228,25.8668,31.1877,pt-price-st-2026-1-22.xlsx
2026-01-23,ds,H-DIESEL,17.579,,6.92,0.692,1.5,0.05,26.741,1.8719,28.6129,1.2403,0.0868,29.94,31.4701,pt-price-st-2026-1-23.xlsx
2026-01-23,e20,GASOHOL95 E20,15.736,,6.0,0.6,0.8,0.05,23.186,1.623,24.809,3.5804,0.2506,28.64,31.4701,pt-price-st-2026-1-23.xlsx
2026-01-23,e85,GASOHOL95 E85,19.2578,,1.125,0.1125,0.7,0.05,21.2453,1.4872,22.7325,3.6051,0.2524,26.59,31.4701,pt-price-st-2026-1-23.xlsx
2026-01-23,fo1500,FO 1500 (2) 2%S,11.795,,0.64,0.064,0.06,0.05,12.609,0.8826,13.4916,,,,31.4701,pt-price-st-2026-1-23.xlsx
2026-01-23,fo600,FO 600 (1) 2%S,12.5873,,0.64,0.064,0.06,0.05,13.4013,0.9381,14.3394,,,,31.4701,pt-price-st-2026-1-23.xlsx
2026-01-23,gh91,GASOHOL91,15.1071,,6.75,0.675,2.5,0.05,25.0821,1.7557,26.8378,3.4039,0.2383,30.48,31.4701,pt-price-st-2026-1-23.xlsx
2026-01-23,gh95,GASOHOL95 E10,15.4962,,6.75,0.675,2.5,0.05,25.4712,1.783,27.2542,3.3606,0.2352,30.85,31.4701,pt-price-st-2026-1-23.xlsx
2026-01-23,gl95,ULG95,15.0774,,7.5,0.75,9.6,0.05,32.9774,2.3084,35.2858,3.6021,0.2521,39.14,31.4701,pt-price-st-2026-1-23.xlsx
2026-01-23,lpg,LPG (BAHT/KILOGRAM),18.7517,,2.17,0.217,-0.2208,0.0,20.9179,1.4643,22.3822,3.2566,0.228,25.8668,31.4701,pt-price-st-2026-1-23.xlsx
2026-01-26,ds,H-DIESEL,17.4418,,6.92,0.692,0.7,0.05,25.8038,1.8063,27.6101,2.1775,0.1524,29.94,31.3098,pt-price-st-2026-1-26.xlsx
2026-01-26,e20,GASOHOL95 E20,15.6833,,6.0,0.6,0.8,0.05,23.1333,1.6193,24.7526,3.6331,0.2543,28.64,31.3098,pt-price-st-2026-1-26.xlsx
2026-01-26,e85,GASOHOL95 E85,19.2415,,1.125,0.1125,0.7,0.05,21.229,1.486,22.715,3.6215,0.2535,26.59,31.3098,pt-price-st-2026-1-26.xlsx
2026-01-26,fo1500,FO 1500 (2) 2%S,12.0207,,0.64,0.064,0.06,0.05,12.8347,0.8984,13.7331,,,,31.3098,pt-price-st-2026-1-26.xlsx
2026-01-26,fo600,FO 600 (1) 2%S,12.7516,,0.64,0.064,0.06,0.05,13.5656,0.9496,14.5152,,,,31.3098,pt-price-st-2026-1-26.xlsx
2026-01-26,gh91,GASOHOL91,15.048,,6.75,0.675,2.5,0.05,25.023,1.7516,26.7746,3.463,0.2424,30.48,31.3098,pt-price-st-2026-1-26.xlsx
2026-01-26,gh95,GASOHOL95 E10,15.4351,,6.75,0.675,2.5,0.05,25.4101,1.7787,27.1888,3.4217,0.2395,30.85,31.3098,pt-price-st-2026-1-26.xlsx
2026-01-26,gl95,ULG95,15.0096,,7.5,0.75,9.6,0.05,32.9096,2.3037,35.2133,3.6698,0.2569,39.14,31.3098,pt-price-st-2026-1-26.xlsx
2026-01-26,lpg,LPG (BAHT/KILOGRAM),18.7517,,2.17,0.217,-0.2208,0.0,20.9179,1.4643,22.3822,3.2566,0.228,25.8668,31.3098,pt-price-st-2026-1-26.xlsx
2026-01-27,ds,H-DIESEL,17.5256,,6.92,0.692,0.7,0.05,25.8876,1.8121,27.6997,2.0937,0.1466,29.94,31.228,pt-price-st-2026-1-27.xlsx
2026-01-27,e20,GASOHOL95 E20,15.685,,6.0,0.6,0.8,0.05,23.135,1.6195,24.7545,3.6313,0.2542,28.64,31.228,pt-price-st-2026-1-27.xlsx
2026-01-27,e85,GASOHOL95 E85,19.242,,1.125,0.1125,0.7,0.05,21.2295,1.4861,22.7156,3.6209,0.2535,26.59,31.228,pt-price-st-2026-1-27.xlsx
2026-01-27,fo1500,FO 1500 (2) 2%S,12.3768,,0.64,0.064,0.06,0.05,13.1908,0.9234,14.1142,,,,31.228,pt-price-st-2026-1-27.xlsx
2026-01-27,fo600,FO 600 (1) 2%S,13.0639,,0.64,0.064,0.06,0.05,13.8779,0.9715,14.8494,,,,31.228,pt-price-st-2026-1-27.xlsx
2026-01-27,gh91,GASOHOL91,15.0498,,6.75,0.675,2.5,0.05,25.0248,1.7517,26.7765,3.4612,0.2423,30.48,31.228,pt-price-st-2026-1-27.xlsx
2026-01-27,gh95,GASOHOL95 E10,15.4359,,6.75,0.675,2.5,0.05,25.4109,1.7788,27.1897,3.4208,0.2395,30.85,31.228,pt-price-st-2026-1-27.xlsx
2026-01-27,gl95,ULG95,15.0102,,7.5,0.75,9.6,0.05,32.9102,2.3037,35.2139,3.6693,0.2568,39.14,31.228,pt-price-st-2026-1-27.xlsx
2026-01-27,lpg,LPG (BAHT/KILOGRAM),18.7517,,2.17,0.217,-0.2208,0.0,20.9179,1.4643,22.3822,3.2566,0.228,25.8668,31.228,pt-price-st-2026-1-27.xlsx
2026-01-28,ds,H-DIESEL,17.4622,,6.92,0.692,0.7,0.05,25.8242,1.8077,27.6319,2.1571,0.151,29.94,31.3291,pt-price-st-2026-1-28.xlsx
2026-01-28,e20,GASOHOL95 E20,15.583,,6.0,0.6,0.8,0.05,23.033,1.6123,24.6453,3.7334,0.2613,28.64,31.3291,pt-price-st-2026-1-28.xlsx
2026-01-28,e85,GASOHOL95 E85,19.2105,,1.125,0.1125,0.7,0.05,21.1981,1.4839,22.682,3.6523,0.2557,26.59,31.3291,pt-price-st-2026-1-28.xlsx
2026-01-28,fo1500,FO 1500 (2) 2%S,12.2479,,0.64,0.064,0.06,0.05,13.0619,0.9143,13.9762,,,,31.3291,pt-price-st-2026-1-28.xlsx
2026-01-28,fo600,FO 600 (1) 2%S,12.9449,,0.64,0.064,0.06,0.05,13.7589,0.9631,14.722,,,,31.3291,pt-price-st-2026-1-28.xlsx
2026-01-28,gh91,GASOHOL91,14.9352,,6.75,0.675,2.5,0.05,24.9102,1.7437,26.6539,3.5758,0.2503,30.48,31.3291,pt-price-st-2026-1-28.xlsx
2026-01-28,gh95,GASOHOL95 E10,15.3226,,6.75,0.675,2.5,0.05,25.2976,1.7708,27.0684,3.5342,0.2474,30.85,31.3291,pt-price-st-2026-1-28.xlsx
2026-01-28,gl95,ULG95,14.8861,,7.5,0.75,9.6,0.05,32.7861,2.295,35.0811,3.7934,0.2655,39.14,31.3291,pt-price-st-2026-1-28.xlsx
2026-01-28,lpg,LPG (BAHT/KILOGRAM),18.7517,,2.17,0.217,-0.2208,0.0,20.9179,1.4643,22.3822,3.2566,0.228,25.8668,31.3291,pt-price-st-2026-1-28.xlsx
2026-01-29,ds,H-DIESEL,17.5681,,6.92,0.692,0.7,0.05,25.9301,1.8151,27.7452,2.0512,0.1436,29.94,31.1079,pt-price-st-2026-1-29.xlsx
2026-01-29,e20,GASOHOL95 E20,15.6487,,6.0,0.6,0.8,0.05,23.0987,1.6169,24.7156,3.6677,0.2567,28.64,31.1079,pt-price-st-2026-1-29.xlsx
2026-01-29,e85,GASOHOL95 E85,19.2308,,1.125,0.1125,0.7,0.05,21.2183,1.4853,22.7036,3.6321,0.2543,26.59,31.1079,pt-price-st-2026-1-29.xlsx
2026-01-29,fo1500,FO 1500 (2) 2%S,12.3072,,0.64,0.064,0.06,0.05,13.1212,0.9185,14.0397,,,,31.1079,pt-price-st-2026-1-29.xlsx
2026-01-29,fo600,FO 600 (1) 2%S,13.0122,,0.64,0.064,0.06,0.05,13.8262,0.9678,14.794,,,,31.1079,pt-price-st-2026-1-29.xlsx
2026-01-29,gh91,GASOHOL91,15.009,,6.75,0.675,2.5,0.05,24.984,1.7489,26.7329,3.502,0.2451,30.48,31.1079,pt-price-st-2026-1-29.xlsx
2026-01-29,gh95,GASOHOL95 E10,15.3936,,6.75,0.675,2.5,0.05,25.3686,1.7758,27.1444,3.4632,0.2424,30.85,31.1079,pt-price-st-2026-1-29.xlsx
2026-01-29,gl95,ULG95,14.9634,,7.5,0.75,9.6,0.05,32.8634,2.3004,35.1638,3.7161,0.2601,39.14,31.1079,pt-price-st-2026-1-29.xlsx
2026-01-29,lpg,LPG (BAHT/KILOGRAM),18.7517,,2.17,0.217,-0.2208,0.0,20.9179,1.4643,22.3822,3.2566,0.228,25.8668,31.1079,pt-price-st-2026-1-29.xlsx
2026-01-30,ds,H-DIESEL,18.058,,6.92,0.692,0.7,0.05,26.42,1.8494,28.2694,1.5613,0.1093,29.94,31.2876,pt-price-st-2026-1-30.xlsx
2026-01-30,e20,GASOHOL95 E20,15.9565,,6.0,0.6,0.8,0.05,23.4065,1.6385,25.045,3.3598,0.2352,28.64,31.2876,pt-price-st-2026-1-30.xlsx
2026-01-30,e85,GASOHOL95 E85,19.3258,,1.125,0.1125,0.7,0.05,21.3133,1.4919,22.8052,3.5372,0.2476,26.59,31.2876,pt-price-st-2026-1-30.xlsx
2026-01-30,fo1500,FO 1500 (2) 2%S,12.8321,,0.64,0.064,0.06,0.05,13.6461,0.9552,14.6013,,,,31.2876,pt-price-st-2026-1-30.xlsx
2026-01-30,fo600,FO 600 (1) 2%S,13.5348,,0.64,0.064,0.06,0.05,14.3488,1.0044,15.3532,,,,31.2876,pt-price-st-2026-1-30.xlsx
2026-01-30,gh91,GASOHOL91,15.3548,,6.75,0.675,2.5,0.05,25.3298,1.7731,27.1029,3.1562,0.2209,30.48,31.2876,pt-price-st-2026-1-30.xlsx
2026-01-30,gh95,GASOHOL95 E10,15.7416,,6.75,0.675,2.5,0.05,25.7166,1.8002,27.5168,3.1151,0.2181,30.85,31.2876,pt-price-st-2026-1-30.xlsx
2026-01-30,gl95,ULG95,15.3466,,7.5,0.75,9.6,0.05,33.2466,2.3273,35.5739,3.3328,0.2333,39.14,31.2876,pt-price-st-2026-1-30.xlsx
2026-01-30,lpg,LPG (BAHT/KILOGRAM),18.7517,,2.17,0.217,-0.2208,0.0,20.9179,1.4643,22.3822,3.2566,0.228,25.8668,31.2876,pt-price-st-2026-1-30.xlsx
2026-02-02,ds,H-DIESEL,18.3353,,6.92,0.692,0.2,0.05,26.1974,1.8338,28.0312,1.7839,0.1249,29.94,31.2876,pt-price-st-2026-2-02.xlsx
2026-02-02,e20,GASOHOL95 E20,16.0711,,6.0,0.6,0.8,0.05,23.5211,1.6465,25.1676,3.2452,0.2272,28.64,31.2876,pt-price-st-2026-2-02.xlsx
2026-02-02,e85,GASOHOL95 E85,19.3543,,1.125,0.1125,0.7,0.05,21.3418,1.4939,22.8357,3.5087,0.2456,26.59,31.2876,pt-price-st-2026-2-02.xlsx
2026-02-02,fo1500,FO 1500 (2) 2%S,13.0733,,0.64,0.064,0.06,0.05,13.8873,0.9721,14.8594,,,,31.2876,pt-price-st-2026-2-02.xlsx
2026-02-02,fo600,FO 600 (1) 2%S,13.7812,,0.64,0.064,0.06,0.05,14.5952,1.0217,15.6169,,,,31.2876,pt-price-st-2026-2-02.xlsx
2026-02-02,gh91,GASOHOL91,15.4848,,6.75,0.675,2.5,0.05,25.4598,1.7822,27.242,3.0262,0.2118,30.48,31.2876,pt-price-st-2026-2-02.xlsx
2026-02-02,gh95,GASOHOL95 E10,15.8744,,6.75,0.675,2.5,0.05,25.8494,1.8095,27.6589,2.9823,0.2088,30.85,31.2876,pt-price-st-2026-2-02.xlsx
2026-02-02,gl95,ULG95,15.4942,,7.5,0.75,9.6,0.05,33.3942,2.3376,35.7318,3.1852,0.223,39.14,31.2876,pt-price-st-2026-2-02.xlsx
2026-02-02,lpg,LPG (BAHT/KILOGRAM),18.7517,,2.17,0.217,-0.2208,0.0,20.9179,1.4643,22.3822,3.2566,0.228,25.8668,31.2876,pt-price-st-2026-2-02.xlsx
2026-02-03,ds,H-DIESEL,18.3246,,6.92,0.692,0.2,0.05,26.1866,1.8331,28.0197,1.7947,0.1256,29.94,31.7994,pt-price-st-2026-2-03.xlsx
2026-02-03,e20,GASOHOL95 E20,15.8584,,6.0,0.6,0.8,0.05,23.3084,1.6316,24.94,3.4579,0.2421,28.64,31.7994,pt-price-st-2026-2-03.xlsx
2026-02-03,e85,GASOHOL95 E85,19.2887,,1.125,0.1125,0.7,0.05,21.2762,1.4893,22.7655,3.5743,0.2502,26.59,31.7994,pt-price-st-2026-2-03.xlsx
2026-02-03,fo1500,FO 1500 (2) 2%S,12.8969,,0.64,0.064,0.06,0.05,13.7109,0.9598,14.6707,,,,31.7994,pt-price-st-2026-2-03.xlsx
2026-02-03,fo600,FO 600 (1) 2%S,13.6294,,0.64,0.064,0.06,0.05,14.4434,1.011,15.4544,,,,31.7994,pt-price-st-2026-2-03.xlsx
2026-02-03,gh91,GASOHOL91,15.2459,,6.75,0.675,2.5,0.05,25.2209,1.7655,26.9864,3.265,0.2286,30.48,31.7994,pt-price-st-2026-2-03.xlsx
2026-02-03,gh95,GASOHOL95 E10,15.639,,6.75,0.675,2.5,0.05,25.614,1.793,27.407,3.2178,0.2252,30.85,31.7994,pt-price-st-2026-2-03.xlsx
2026-02-03,gl95,ULG95,15.2365,,7.5,0.75,9.6,0.05,33.1365,2.3196,35.4561,3.4429,0.241,39.14,31.7994,pt-price-st-2026-2-03.xlsx
2026-02-03,lpg,LPG (BAHT/KILOGRAM),19.321,,2.17,0.217,-0.7901,0.0,20.9179,1.4643,22.3822,3.2566,0.228,25.8668,31.7994,pt-price-st-2026-2-03.xlsx
2026-02-04,ds,H-DIESEL,18.0816,,6.92,0.692,0.2,0.05,25.9436,1.8161,27.7597,2.0377,0.1426,29.94,31.6643,pt-price-st-2026-2-04.xlsx
2026-02-04,e20,GASOHOL95 E20,15.6844,,6.0,0.6,0.8,0.05,23.1344,1.6194,24.7538,3.632,0.2542,28.64,31.6643,pt-price-st-2026-2-04.xlsx
2026-02-04,e85,GASOHOL95 E85,19.235,,1.125,0.1125,0.7,0.05,21.2225,1.4856,22.7081,3.6279,0.254,26.59,31.6643,pt-price-st-2026-2-04.xlsx
2026-02-04,fo1500,FO 1500 (2) 2%S,12.8197,,0.64,0.064,0.06,0.05,13.6337,0.9544,14.5881,,,,31.6643,pt-price-st-2026-2-04.xlsx
2026-02-04,fo600,FO 600 (1) 2%S,13.5219,,0.64,0.064,0.06,0.05,14.3359,1.0035,15.3394,,,,31.6643,pt-price-st-2026-2-04.xlsx
2026-02-04,gh91,GASOHOL91,15.0504,,6.75,0.675,2.5,0.05,25.0254,1.7518,26.7772,3.4606,0.2422,30.48,31.6643,pt-price-st-2026-2-04.xlsx
2026-02-04,gh95,GASOHOL95 E10,15.4419,,6.75,0.675,2.5,0.05,25.4169,1.7792,27.1961,3.4149,0.239,30.85,31.6643,pt-price-st-2026-2-04.xlsx
2026-02-04,gl95,ULG95,15.0193,,7.5,0.75,9.6,0.05,32.9193,2.3044,35.2237,3.6601,0.2562,39.14,31.6643,pt-price-st-2026-2-04.xlsx
2026-02-04,lpg,LPG (BAHT/KILOGRAM),19.321,,2.17,0.217,-0.7901,0.0,20.9179,1.4643,22.3822,3.2566,0.228,25.8668,31.6643,pt-price-st-2026-2-04.xlsx
2026-02-05,ds,H-DIESEL,18.3008,,6.92,0.692,0.2,0.05,26.1628,1.8314,27.9942,1.8185,0.1273,29.94,31.7861,pt-price-st-2026-2-05.xlsx
2026-02-05,e20,GASOHOL95 E20,15.9414,,6.0,0.6,0.8,0.05,23.3914,1.6374,25.0288,3.375,0.2362,28.64,31.7861,pt-price-st-2026-2-05.xlsx
2026-02-05,e85,GASOHOL95 E85,19.3143,,1.125,0.1125,0.7,0.05,21.3018,1.4911,22.7929,3.5487,0.2484,26.59,31.7861,pt-price-st-2026-2-05.xlsx
2026-02-05,fo1500,FO 1500 (2) 2%S,13.1981,,0.64,0.064,0.06,0.05,14.0121,0.9808,14.9929,,,,31.7861,pt-price-st-2026-2-05.xlsx
2026-02-05,fo600,FO 600 (1) 2%S,13.8754,,0.64,0.064,0.06,0.05,14.6894,1.0283,15.7177,,,,31.7861,pt-price-st-2026-2-05.xlsx
2026-02-05,gh91,GASOHOL91,15.3391,,6.75,0.675,2.5,0.05,25.3141,1.772,27.0861,3.1719,0.222,30.48,31.7861,pt-price-st-2026-2-05.xlsx
2026-02-05,gh95,GASOHOL95 E10,15.732,,6.75,0.675,2.5,0.05,25.707,1.7995,27.5065,3.1248,0.2187,30.85,31.7861,pt-price-st-2026-2-05.xlsx
2026-02-05,gl95,ULG95,15.3387,,7.5,0.75,9.6,0.05,33.2387,2.3267,35.5654,3.3407,0.2339,39.14,31.7861,pt-price-st-2026-2-05.xlsx
2026-02-05,lpg,LPG (BAHT/KILOGRAM),19.321,,2.17,0.217,-0.7901,0.0,20.9179,1.4643,22.3822,3.2566,0.228,25.8668,31.7861,pt-price-st-2026-2-05.xlsx
2026-02-06,ds,H-DIESEL,18.5047,,6.92,0.692,0.2,0.05,26.3667,1.8457,28.2124,1.6146,0.113,29.94,31.9231,pt-price-st-2026-2-06.xlsx
2026-02-06,e20,GASOHOL95 E20,16.1324,,6.0,0.6,0.8,0.05,23.5824,1.6508,25.2332,3.1839,0.2229,28.64,31.9231,pt-price-st-2026-2-06.xlsx
2026-02-06,e85,GASOHOL95 E85,19.3732,,1.125,0.1125,0.7,0.05,21.3607,1.4952,22.8559,3.4898,0.2443,26.59,31.9231,pt-price-st-2026-2-06.xlsx
2026-02-06,fo1500,FO 1500 (2) 2%S,13.5743,,0.64,0.064,0.06,0.05,14.3883,1.0072,15.3955,,,,31.9231,pt-price-st-2026-2-06.xlsx
2026-02-06,fo600,FO 600 (1) 2%S,14.2247,,0.64,0.064,0.06,0.05,15.0387,1.0527,16.0914,,,,31.9231,pt-price-st-2026-2-06.xlsx
2026-02-06,gh91,GASOHOL91,15.5536,,6.75,0.675,2.5,0.05,25.5286,1.787,27.3156,2.9574,0.207,30.48,31.9231,pt-price-st-2026-2-06.xlsx
2026-02-06,gh95,GASOHOL95 E10,15.9483,,6.75,0.675,2.5,0.05,25.9233,1.8146,27.7379,2.9085,0.2036,30.85,31.9231,pt-price-st-2026-2-06.xlsx
2026-02-06,gl95,ULG95,15.5769,,7.5,0.75,9.6,0.05,33.4769,2.3434,35.8203,3.1025,0.2172,39.14,31.9231,pt-price-st-2026-2-06.xlsx
2026-02-06,lpg,LPG (BAHT/KILOGRAM),19.321,,2.17,0.217,-0.7901,0.0,20.9179,1.4643,22.3822,3.2566,0.228,25.8668,31.9231,pt-price-st-2026-2-06.xlsx
2026-02-09,ds,H-DIESEL,18.6872,,6.92,0.692,-0.19,0.05,26.1592,1.8311,27.9903,1.8221,0.1276,29.94,31.9294,pt-price-st-2026-2-09.xlsx
2026-02-09,e20,GASOHOL95 E20,16.1741,,6.0,0.6,0.38,0.05,23.2041,1.6243,24.8284,3.5622,0.2494,28.64,31.9294,pt-price-st-2026-2-09.xlsx
2026-02-09,e85,GASOHOL95 E85,19.3861,,1.125,0.1125,0.58,0.05,21.2536,1.4878,22.7414,3.5968,0.2518,26.59,31.9294,pt-price-st-2026-2-09.xlsx
2026-02-09,fo1500,FO 1500 (2) 2%S,13.6101,,0.64,0.064,0.06,0.05,14.4241,1.0097,15.4338,,,,31.9294,pt-price-st-2026-2-09.xlsx
2026-02-09,fo600,FO 600 (1) 2%S,14.2791,,0.64,0.064,0.06,0.05,15.0931,1.0565,16.1496,,,,31.9294,pt-price-st-2026-2-09.xlsx
2026-02-09,gh91,GASOHOL91,15.6005,,6.75,0.675,2.1,0.05,25.1755,1.7623,26.9378,3.3105,0.2317,30.48,31.9294,pt-price-st-2026-2-09.xlsx
2026-02-09,gh95,GASOHOL95 E10,15.9954,,6.75,0.675,2.1,0.05,25.5704,1.7899,27.3603,3.2614,0.2283,30.85,31.9294,pt-price-st-2026-2-09.xlsx
2026-02-09,gl95,ULG95,15.6286,,7.5,0.75,9.1,0.05,33.0286,2.312,35.3406,3.5508,0.2486,39.14,31.9294,pt-price-st-2026-2-09.xlsx
2026-02-09,lpg,LPG (BAHT/KILOGRAM),19.321,,2.17,0.217,-0.7901,0.0,20.9179,1.4643,22.3822,3.2566,0.228,25.8668,31.9294,pt-price-st-2026-2-09.xlsx
2026-02-10,ds,H-DIESEL,18.3493,,6.92,0.692,-0.19,0.05,25.8213,1.8075,27.6288,2.16,0.1512,29.94,31.498,pt-price-st-2026-2-10.xlsx
2026-02-10,e20,GASOHOL95 E20,16.157,,6.0,0.6,0.38,0.05,23.187,1.6231,24.8101,3.5793,0.2506,28.64,31.498,pt-price-st-2026-2-10.xlsx
2026-02-10,e85,GASOHOL95 E85,19.3808,,1.125,0.1125,0.58,0.05,21.2483,1.4874,22.7357,3.6021,0.2522,26.59,31.498,pt-price-st-2026-2-10.xlsx
2026-02-10,fo1500,FO 1500 (2) 2%S,13.2347,,0.64,0.064,0.06,0.05,14.0487,0.9834,15.0321,,,,31.498,pt-price-st-2026-2-10.xlsx
2026-02-10,fo600,FO 600 (1) 2%S,13.9076,,0.64,0.064,0.06,0.05,14.7216,1.0305,15.7521,,,,31.498,pt-price-st-2026-2-10.xlsx
2026-02-10,gh91,GASOHOL91,15.5813,,6.75,0.675,2.1,0.05,25.1563,1.7609,26.9172,3.3297,0.2331,30.48,31.498,pt-price-st-2026-2-10.xlsx
2026-02-10,gh95,GASOHOL95 E10,15.9708,,6.75,0.675,2.1,0.05,25.5458,1.7882,27.334,3.286,0.23,30.85,31.498,pt-price-st-2026-2-10.xlsx
2026-02-10,gl95,ULG95,15.6002,,7.5,0.75,9.1,0.05,33.0002,2.31,35.3102,3.5793,0.2505,39.14,31.498,pt-price-st-2026-2-10.xlsx
2026-02-10,lpg,LPG (BAHT/KILOGRAM),19.321,,2.17,0.217,-0.7901,0.0,20.9179,1.4643,22.3822,3.2566,0.228,25.8668,31.498,pt-price-st-2026-2-10.xlsx
2026-02-11,ds,H-DIESEL,18.2483,,6.92,0.692,-0.19,0.05,25.7203,1.8004,27.5207,2.261,0.1583,29.94,31.3029,pt-price-st-2026-2-11.xlsx
2026-02-11,e20,GASOHOL95 E20,16.3499,,6.0,0.6,0.38,0.05,23.3799,1.6366,25.0165,3.3864,0.2371,28.64,31.3029,pt-price-st-2026-2-11.xlsx
2026-02-11,e85,GASOHOL95 E85,19.4403,,1.125,0.1125,0.58,0.05,21.3078,1.4915,22.7993,3.5427,0.248,26.59,31.3029,pt-price-st-2026-2-11.xlsx
2026-02-11,fo1500,FO 1500 (2) 2%S,13.2982,,0.64,0.064,0.06,0.05,14.1122,0.9879,15.1001,,,,31.3029,pt-price-st-2026-2-11.xlsx
2026-02-11,fo600,FO 600 (1) 2%S,13.9423,,0.64,0.064,0.06,0.05,14.7563,1.0329,15.7892,,,,31.3029,pt-price-st-2026-2-11.xlsx
2026-02-11,gh91,GASOHOL91,15.798,,6.75,0.675,2.1,0.05,25.373,1.7761,27.1491,3.113,0.2179,30.48,31.3029,pt-price-st-2026-2-11.xlsx
2026-02-11,gh95,GASOHOL95 E10,16.1865,,6.75,0.675,2.1,0.05,25.7615,1.8033,27.5648,3.0703,0.2149,30.85,31.3029,pt-price-st-2026-2-11.xlsx
2026-02-11,gl95,ULG95,15.8351,,7.5,0.75,9.1,0.05,33.2351,2.3265,35.5616,3.3443,0.2341,39.14,31.3029,pt-price-st-2026-2-11.xlsx
2026-02-11,lpg,LPG (BAHT/KILOGRAM),19.321,,2.17,0.217,-0.7901,0.0,20.9179,1.4643,22.3822,3.2566,0.228,25.8668,31.3029,pt-price-st-2026-2-11.xlsx
2026-02-12,ds,H-DIESEL,18.404,,6.92,0.692,-0.19,0.05,25.876,1.8113,27.6873,2.1053,0.1474,29.94,31.3133,pt-price-st-2026-2-12.xlsx
2026-02-12,e20,GASOHOL95 E20,16.3691,,6.0,0.6,0.38,0.05,23.3991,1.6379,25.037,3.3673,0.2357,28.64,31.3133,pt-price-st-2026-2-12.xlsx
2026-02-12,e85,GASOHOL95 E85,19.4463,,1.125,0.1125,0.58,0.05,21.3138,1.492,22.8058,3.5366,0.2476,26.59,31.3133,pt-price-st-2026-2-12.xlsx
2026-02-12,fo1500,FO 1500 (2) 2%S,13.556,,0.64,0.064,0.06,0.05,14.37,1.0059,15.3759,,,,31.3133,pt-price-st-2026-2-12.xlsx
2026-02-12,fo600,FO 600 (1) 2%S,14.1848,,0.64,0.064,0.06,0.05,14.9988,1.0499,16.0487,,,,31.3133,pt-price-st-2026-2-12.xlsx
2026-02-12,gh91,GASOHOL91,15.8196,,6.75,0.675,2.1,0.05,25.3946,1.7776,27.1722,3.0914,0.2164,30.48,31.3133,pt-price-st-2026-2-12.xlsx
2026-02-12,gh95,GASOHOL95 E10,16.2082,,6.75,0.675,2.1,0.05,25.7832,1.8048,27.588,3.0486,0.2134,30.85,31.3133,pt-price-st-2026-2-12.xlsx
2026-02-12,gl95,ULG95,15.859,,7.5,0.75,9.1,0.05,33.259,2.3281,35.5871,3.3205,0.2324,39.14,31.3133,pt-price-st-2026-2-12.xlsx
2026-02-12,lpg,LPG (BAHT/KILOGRAM),19.321,,2.17,0.217,-0.7901,0.0,20.9179,1.4643,22.3822,3.2566,0.228,25.8668,31.3133,pt-price-st-2026-2-12.xlsx
2026-02-13,ds,H-DIESEL,18.4042,,6.92,0.692,-0.19,0.05,25.8762,1.8113,27.6875,2.1051,0.1474,29.94,31.2175,pt-price-st-2026-2-13.xlsx
2026-02-13,e20,GASOHOL95 E20,16.2417,,6.0,0.6,0.38,0.05,23.2717,1.629,24.9007,3.4947,0.2446,28.64,31.2175,pt-price-st-2026-2-13.xlsx
2026-02-13,e85,GASOHOL95 E85,19.407,,1.125,0.1125,0.58,0.05,21.2745,1.4892,22.7637,3.576,0.2503,26.59,31.2175,pt-price-st-2026-2-13.xlsx
2026-02-13,fo1500,FO 1500 (2) 2%S,13.6558,,0.64,0.064,0.06,0.05,14.4698,1.0129,15.4827,,,,31.2175,pt-price-st-2026-2-13.xlsx
2026-02-13,fo600,FO 600 (1) 2%S,14.2684,,0.64,0.064,0.06,0.05,15.0824,1.0558,16.1382,,,,31.2175,pt-price-st-2026-2-13.xlsx
2026-02-13,gh91,GASOHOL91,15.6765,,6.75,0.675,2.1,0.05,25.2515,1.7676,27.0191,3.2345,0.2264,30.48,31.2175,pt-price-st-2026-2-13.xlsx
2026-02-13,gh95,GASOHOL95 E10,16.0639,,6.75,0.675,2.1,0.05,25.6389,1.7947,27.4336,3.1929,0.2235,30.85,31.2175,pt-price-st-2026-2-13.xlsx
2026-02-13,gl95,ULG95,15.7,,7.5,0.75,9.1,0.05,33.1,2.317,35.417,3.4794,0.2436,39.14,31.2175,pt-price-st-2026-2-13.xlsx
2026-02-13,lpg,LPG (BAHT/KILOGRAM),19.321,,2.17,0.217,-0.7901,0.0,20.9179,1.4643,22.3822,3.2566,0.228,25.8668,31.2175,pt-price-st-2026-2-13.xlsx
2026-02-16,ds,H-DIESEL,18.1657,,6.92,0.692,-0.19,0.05,25.6377,1.7946,27.4323,2.3436,0.1641,29.94,31.2475,pt-price-st-2026-2-16.xlsx
2026-02-16,e20,GASOHOL95 E20,15.8844,,6.0,0.6,0.38,0.05,22.9144,1.604,24.5184,3.852,0.2696,28.64,31.2475,pt-price-st-2026-2-16.xlsx
2026-02-16,e85,GASOHOL95 E85,19.2967,,1.125,0.1125,0.58,0.05,21.1642,1.4815,22.6457,3.6863,0.258,26.59,31.2475,pt-price-st-2026-2-16.xlsx
2026-02-16,fo1500,FO 1500 (2) 2%S,13.5671,,0.64,0.064,0.06,0.05,14.3811,1.0067,15.3878,,,,31.2475,pt-price-st-2026-2-16.xlsx
2026-02-16,fo600,FO 600 (1) 2%S,14.1492,,0.64,0.064,0.06,0.05,14.9632,1.0474,16.0106,,,,31.2475,pt-price-st-2026-2-16.xlsx
2026-02-16,gh91,GASOHOL91,15.2751,,6.75,0.675,2.1,0.05,24.8501,1.7395,26.5896,3.6359,0.2545,30.48,31.2475,pt-price-st-2026-2-16.xlsx
2026-02-16,gh95,GASOHOL95 E10,15.6628,,6.75,0.675,2.1,0.05,25.2378,1.7666,27.0044,3.594,0.2516,30.85,31.2475,pt-price-st-2026-2-16.xlsx
2026-02-16,gl95,ULG95,15.2593,,7.5,0.75,9.1,0.05,32.6593,2.2862,34.9455,3.9201,0.2744,39.14,31.2475,pt-price-st-2026-2-16.xlsx
2026-02-16,lpg,LPG (BAHT/KILOGRAM),19.321,,2.17,0.217,-0.7901,0.0,20.9179,1.4643,22.3822,3.2566,0.228,25.8668,31.2475,pt-price-st-2026-2-16.xlsx
2026-02-17,ds,H-DIESEL,17.9545,,6.92,0.692,0.15,0.05,25.7665,1.8037,27.5702,2.2148,0.155,29.94,31.2054,pt-price-st-2026-2-17.xlsx
2026-02-17,e20,GASOHOL95 E20,15.6911,,6.0,0.6,0.38,0.05,22.7211,1.5905,24.3116,4.0452,0.2832,28.64,31.2054,pt-price-st-2026-2-17.xlsx
2026-02-17,e85,GASOHOL95 E85,19.237,,1.125,0.1125,0.58,0.05,21.1045,1.4773,22.5818,3.746,0.2622,26.59,31.2054,pt-price-st-2026-2-17.xlsx
2026-02-17,fo1500,FO 1500 (2) 2%S,13.44,,0.64,0.064,0.06,0.05,14.254,0.9978,15.2518,,,,31.2054,pt-price-st-2026-2-17.xlsx
2026-02-17,fo600,FO 600 (1) 2%S,14.0062,,0.64,0.064,0.06,0.05,14.8202,1.0374,15.8576,,,,31.2054,pt-price-st-2026-2-17.xlsx
2026-02-17,gh91,GASOHOL91,15.0579,,6.75,0.675,2.1,0.05,24.6329,1.7243,26.3572,3.8531,0.2697,30.48,31.2054,pt-price-st-2026-2-17.xlsx
2026-02-17,gh95,GASOHOL95 E10,15.4451,,6.75,0.675,2.1,0.05,25.0201,1.7514,26.7715,3.8117,0.2668,30.85,31.2054,pt-price-st-2026-2-17.xlsx
2026-02-17,gl95,ULG95,15.0198,,7.5,0.75,9.1,0.05,32.4198,2.2694,34.6892,4.1596,0.2912,39.14,31.2054,pt-price-st-2026-2-17.xlsx
2026-02-17,lpg,LPG (BAHT/KILOGRAM),19.321,,2.17,0.217,-0.7901,0.0,20.9179,1.4643,22.3822,3.2566,0.228,25.8668,31.2054,pt-price-st-2026-2-17.xlsx
2026-02-18,ds,H-DIESEL,18.0341,,6.92,0.692,0.15,0.05,25.8461,1.8092,27.6553,2.1352,0.1495,29.94,31.3577,pt-price-st-2026-2-18.xlsx
2026-02-18,e20,GASOHOL95 E20,15.7483,,6.0,0.6,0.38,0.05,22.7783,1.5945,24.3728,3.7077,0.2595,28.34,31.3577,pt-price-st-2026-2-18.xlsx
2026-02-18,e85,GASOHOL95 E85,19.2547,,1.125,0.1125,0.58,0.05,21.1222,1.4786,22.6008,3.4479,0.2413,26.29,31.3577,pt-price-st-2026-2-18.xlsx
2026-02-18,fo1500,FO 1500 (2) 2%S,13.5056,,0.64,0.064,0.06,0.05,14.3196,1.0024,15.322,,,,31.3577,pt-price-st-2026-2-18.xlsx
2026-02-18,fo600,FO 600 (1) 2%S,14.0746,,0.64,0.064,0.06,0.05,14.8886,1.0422,15.9308,,,,31.3577,pt-price-st-2026-2-18.xlsx
2026-02-18,gh91,GASOHOL91,15.1222,,6.75,0.675,2.1,0.05,24.6972,1.7288,26.426,3.5084,0.2456,30.18,31.3577,pt-price-st-2026-2-18.xlsx
2026-02-18,gh95,GASOHOL95 E10,15.5113,,6.75,0.675,2.1,0.05,25.0863,1.756,26.8423,3.4651,0.2426,30.55,31.3577,pt-price-st-2026-2-18.xlsx
2026-02-18,gl95,ULG95,15.0931,,7.5,0.75,9.1,0.05,32.4931,2.2745,34.7676,4.0864,0.286,39.14,31.3577,pt-price-st-2026-2-18.xlsx
2026-02-18,lpg,LPG (BAHT/KILOGRAM),19.321,,2.17,0.217,-0.7901,0.0,20.9179,1.4643,22.3822,3.2566,0.228,25.8668,31.3577,pt-price-st-2026-2-18.xlsx
2026-02-19,ds,H-DIESEL,18.0821,,6.92,0.692,0.15,0.05,25.8941,1.8126,27.7067,2.0872,0.1461,29.94,31.4493,pt-price-st-2026-2-19.xlsx
2026-02-19,e20,GASOHOL95 E20,15.7828,,6.0,0.6,0.38,0.05,22.8128,1.5969,24.4097,3.6732,0.2571,28.34,31.4493,pt-price-st-2026-2-19.xlsx
2026-02-19,e85,GASOHOL95 E85,19.2653,,1.125,0.1125,0.58,0.05,21.1328,1.4793,22.6121,3.4373,0.2406,26.29,31.4493,pt-price-st-2026-2-19.xlsx
2026-02-19,fo1500,FO 1500 (2) 2%S,13.5451,,0.64,0.064,0.06,0.05,14.3591,1.0051,15.3642,,,,31.4493,pt-price-st-2026-2-19.xlsx
2026-02-19,fo600,FO 600 (1) 2%S,14.1157,,0.64,0.064,0.06,0.05,14.9297,1.0451,15.9748,,,,31.4493,pt-price-st-2026-2-19.xlsx
2026-02-19,gh91,GASOHOL91,15.1609,,6.75,0.675,2.1,0.05,24.7359,1.7315,26.4674,3.4697,0.2429,30.18,31.4493,pt-price-st-2026-2-19.xlsx
2026-02-19,gh95,GASOHOL95 E10,15.5512,,6.75,0.675,2.1,0.05,25.1262,1.7588,26.885,3.4252,0.2398,30.55,31.4493,pt-price-st-2026-2-19.xlsx
2026-02-19,gl95,ULG95,15.1371,,7.5,0.75,9.1,0.05,32.5371,2.2776,34.8147,4.0423,0.283,39.14,31.4493,pt-price-st-2026-2-19.xlsx
2026-02-19,lpg,LPG (BAHT/KILOGRAM),19.321,,2.17,0.217,-0.7901,0.0,20.9179,1.4643,22.3822,3.2566,0.228,25.8668,31.4493,pt-price-st-2026-2-19.xlsx
2026-02-20,ds,H-DIESEL,18.6216,,6.92,0.692,0.15,0.05,26.4336,1.8504,28.284,1.5477,0.1083,29.94,31.3918,pt-price-st-2026-2-20.xlsx
2026-02-20,e20,GASOHOL95 E20,16.2073,,6.0,0.6,0.38,0.05,23.2373,1.6266,24.8639,3.2487,0.2274,28.34,31.3918,pt-price-st-2026-2-20.xlsx
2026-02-20,e85,GASOHOL95 E85,19.3963,,1.125,0.1125,0.58,0.05,21.2638,1.4885,22.7523,3.3063,0.2314,26.29,31.3918,pt-price-st-2026-2-20.xlsx
2026-02-20,fo1500,FO 1500 (2) 2%S,13.8349,,0.64,0.064,0.06,0.05,14.6489,1.0254,15.6743,,,,31.3918,pt-price-st-2026-2-20.xlsx
2026-02-20,fo600,FO 600 (1) 2%S,14.4516,,0.64,0.064,0.06,0.05,15.2656,1.0686,16.3342,,,,31.3918,pt-price-st-2026-2-20.xlsx
2026-02-20,gh91,GASOHOL91,15.6378,,6.75,0.675,2.1,0.05,25.2128,1.7649,26.9777,2.9928,0.2095,30.18,31.3918,pt-price-st-2026-2-20.xlsx
2026-02-20,gh95,GASOHOL95 E10,16.0274,,6.75,0.675,2.1,0.05,25.6024,1.7922,27.3946,2.949,0.2064,30.55,31.3918,pt-price-st-2026-2-20.xlsx
2026-02-20,gl95,ULG95,15.6604,,7.5,0.75,9.1,0.05,33.0604,2.3142,35.3746,3.5191,0.2463,39.14,31.3918,pt-price-st-2026-2-20.xlsx
2026-02-20,lpg,LPG (BAHT/KILOGRAM),19.321,,2.17,0.217,-0.7901,0.0,20.9179,1.4643,22.3822,3.2566,0.228,25.8668,31.3918,pt-price-st-2026-2-20.xlsx
2026-02-23,ds,H-DIESEL,19.0581,,6.92,0.692,-0.3,0.05,26.4201,1.8494,28.2695,1.5612,0.1093,29.94,31.347,pt-price-st-2026-2-23.xlsx
2026-02-23,e20,GASOHOL95 E20,16.6081,,6.0,0.6,0.38,0.05,23.6381,1.6547,25.2928,2.8479,0.1993,28.34,31.347,pt-price-st-2026-2-23.xlsx
2026-02-23,e85,GASOHOL95 E85,19.52,,1.125,0.1125,0.58,0.05,21.3875,1.4971,22.8846,3.1826,0.2228,26.29,31.347,pt-price-st-2026-2-23.xlsx
2026-02-23,fo1500,FO 1500 (2) 2%S,13.8613,,0.64,0.064,0.06,0.05,14.6753,1.0273,15.7026,,,,31.347,pt-price-st-2026-2-23.xlsx
2026-02-23,fo600,FO 600 (1) 2%S,14.5487,,0.64,0.064,0.06,0.05,15.3627,1.0754,16.4381,,,,31.347,pt-price-st-2026-2-23.xlsx
2026-02-23,gh91,GASOHOL91,16.0881,,6.75,0.675,2.1,0.05,25.6631,1.7964,27.4595,2.5425,0.178,30.18,31.347,pt-price-st-2026-2-23.xlsx
2026-02-23,gh95,GASOHOL95 E10,16.4771,,6.75,0.675,2.1,0.05,26.0521,1.8236,27.8757,2.4993,0.175,30.55,31.347,pt-price-st-2026-2-23.xlsx
2026-02-23,gl95,ULG95,16.1547,,7.5,0.75,9.1,0.05,33.5547,2.3488,35.9035,3.0248,0.2117,39.14,31.347,pt-price-st-2026-2-23.xlsx
2026-02-23,lpg,LPG (BAHT/KILOGRAM),19.321,,2.17,0.217,-0.7901,0.0,20.9179,1.4643,22.3822,3.2566,0.228,25.8668,31.347,pt-price-st-2026-2-23.xlsx
2026-02-24,ds,H-DIESEL,18.8952,,6.92,0.692,-0.74,0.05,25.8172,1.8072,27.6244,2.1641,0.1515,29.94,31.1964,pt-price-st-2026-2-24.xlsx
2026-02-24,e20,GASOHOL95 E20,16.6232,,6.0,0.6,0.08,0.05,23.3532,1.6347,24.9879,3.1328,0.2193,28.34,31.1964,pt-price-st-2026-2-24.xlsx
2026-02-24,e85,GASOHOL95 E85,19.5247,,1.125,0.1125,0.08,0.05,20.8922,1.4625,22.3547,3.6779,0.2574,26.29,31.1964,pt-price-st-2026-2-24.xlsx
2026-02-24,fo1500,FO 1500 (2) 2%S,13.4575,,0.64,0.064,0.06,0.05,14.2715,0.999,15.2705,,,,31.1964,pt-price-st-2026-2-24.xlsx
2026-02-24,fo600,FO 600 (1) 2%S,14.1849,,0.64,0.064,0.06,0.05,14.9989,1.0499,16.0488,,,,31.1964,pt-price-st-2026-2-24.xlsx
2026-02-24,gh91,GASOHOL91,16.1051,,6.75,0.675,1.3,0.05,24.8801,1.7416,26.6217,3.3255,0.2328,30.18,31.1964,pt-price-st-2026-2-24.xlsx
2026-02-24,gh95,GASOHOL95 E10,16.4922,,6.75,0.675,1.3,0.05,25.2672,1.7687,27.0359,3.2842,0.2299,30.55,31.1964,pt-price-st-2026-2-24.xlsx
2026-02-24,gl95,ULG95,16.1709,,7.5,0.75,8.5,0.05,32.9709,2.308,35.2789,3.6085,0.2526,39.14,31.1964,pt-price-st-2026-2-24.xlsx
2026-02-24,lpg,LPG (BAHT/KILOGRAM),19.321,,2.17,0.217,-0.7901,0.0,20.9179,1.4643,22.3822,3.2566,0.228,25.8668,31.1964,pt-price-st-2026-2-24.xlsx
2026-02-25,ds,H-DIESEL,18.9141,,6.92,0.692,-0.74,0.05,25.8361,1.8085,27.6446,2.1452,0.1502,29.94,31.2084,pt-price-st-2026-2-25.xlsx
2026-02-25,e20,GASOHOL95 E20,16.784,,6.0,0.6,0.08,0.05,23.514,1.646,25.16,2.972,0.208,28.34,31.2084,pt-price-st-2026-2-25.xlsx
2026-02-25,e85,GASOHOL95 E85,19.5743,,1.125,0.1125,0.08,0.05,20.9418,1.4659,22.4077,3.6283,0.254,26.29,31.2084,pt-price-st-2026-2-25.xlsx
2026-02-25,fo1500,FO 1500 (2) 2%S,13.1778,,0.64,0.064,0.06,0.05,13.9918,0.9794,14.9712,,,,31.2084,pt-price-st-2026-2-25.xlsx
2026-02-25,fo600,FO 600 (1) 2%S,13.9554,,0.64,0.064,0.06,0.05,14.7694,1.0339,15.8033,,,,31.2084,pt-price-st-2026-2-25.xlsx
2026-02-25,gh91,GASOHOL91,16.2857,,6.75,0.675,1.3,0.05,25.0607,1.7542,26.8149,3.145,0.2201,30.18,31.2084,pt-price-st-2026-2-25.xlsx
2026-02-25,gh95,GASOHOL95 E10,16.6731,,6.75,0.675,1.3,0.05,25.4481,1.7814,27.2295,3.1033,0.2172,30.55,31.2084,pt-price-st-2026-2-25.xlsx
2026-02-25,gl95,ULG95,16.3697,,7.5,0.75,8.5,0.05,33.1697,2.3219,35.4916,3.4097,0.2387,39.14,31.2084,pt-price-st-2026-2-25.xlsx
2026-02-25,lpg,LPG (BAHT/KILOGRAM),19.321,,2.17,0.217,-0.7901,0.0,20.9179,1.4643,22.3822,3.2566,0.228,25.8668,31.2084,pt-price-st-2026-2-25.xlsx
2026-02-26,ds,H-DIESEL,18.9329,,6.92,0.692,-0.74,0.05,25.8549,1.8098,27.6647,2.1264,0.1489,29.94,31.2024,pt-price-st-2026-2-26.xlsx
2026-02-26,e20,GASOHOL95 E20,16.8762,,6.0,0.6,0.08,0.05,23.6062,1.6524,25.2586,2.8798,0.2016,28.34,31.2024,pt-price-st-2026-2-26.xlsx
2026-02-26,e85,GASOHOL95 E85,19.6028,,1.125,0.1125,0.08,0.05,20.9703,1.4679,22.4382,3.5998,0.252,26.29,31.2024,pt-price-st-2026-2-26.xlsx
2026-02-26,fo1500,FO 1500 (2) 2%S,13.2756,,0.64,0.064,0.06,0.05,14.0896,0.9863,15.0759,,,,31.2024,pt-price-st-2026-2-26.xlsx
2026-02-26,fo600,FO 600 (1) 2%S,14.0409,,0.64,0.064,0.06,0.05,14.8549,1.0398,15.8947,,,,31.2024,pt-price-st-2026-2-26.xlsx
2026-02-26,gh91,GASOHOL91,16.3893,,6.75,0.675,1.3,0.05,25.1643,1.7615,26.9258,3.0413,0.2129,30.18,31.2024,pt-price-st-2026-2-26.xlsx
2026-02-26,gh95,GASOHOL95 E10,16.7765,,6.75,0.675,1.3,0.05,25.5515,1.7886,27.3401,2.9999,0.21,30.55,31.2024,pt-price-st-2026-2-26.xlsx
2026-02-26,gl95,ULG95,16.4834,,7.5,0.75,8.5,0.05,33.2834,2.3298,35.6132,3.2961,0.2307,39.14,31.2024,pt-price-st-2026-2-26.xlsx
2026-02-26,lpg,LPG (BAHT/KILOGRAM),19.321,,2.17,0.217,-0.7901,0.0,20.9179,1.4643,22.3822,3.2566,0.228,25.8668,31.2024,pt-price-st-2026-2-26.xlsx
2026-02-27,ds,H-DIESEL,18.9625,,6.92,0.692,-0.74,0.05,25.8845,1.8119,27.6964,2.0968,0.1468,29.94,31.2325,pt-price-st-2026-2-27.xlsx
2026-02-27,e20,GASOHOL95 E20,16.9235,,6.0,0.6,0.08,0.05,23.6535,1.6557,25.3092,2.8325,0.1983,28.34,31.2325,pt-price-st-2026-2-27.xlsx
2026-02-27,e85,GASOHOL95 E85,19.6174,,1.125,0.1125,0.08,0.05,20.9849,1.4689,22.4538,3.5852,0.251,26.29,31.2325,pt-price-st-2026-2-27.xlsx
2026-02-27,fo1500,FO 1500 (2) 2%S,13.4439,,0.64,0.064,0.06,0.05,14.2579,0.9981,15.256,,,,31.2325,pt-price-st-2026-2-27.xlsx
2026-02-27,fo600,FO 600 (1) 2%S,14.1868,,0.64,0.064,0.06,0.05,15.0008,1.0501,16.0509,,,,31.2325,pt-price-st-2026-2-27.xlsx
2026-02-27,gh91,GASOHOL91,16.4424,,6.75,0.675,1.3,0.05,25.2174,1.7652,26.9826,2.9882,0.2092,30.18,31.2325,pt-price-st-2026-2-27.xlsx
2026-02-27,gh95,GASOHOL95 E10,16.8301,,6.75,0.675,1.3,0.05,25.6051,1.7924,27.3975,2.9463,0.2062,30.55,31.2325,pt-price-st-2026-2-27.xlsx
2026-02-27,gl95,ULG95,16.5424,,7.5,0.75,8.5,0.05,33.3424,2.334,35.6764,3.237,0.2266,39.14,31.2325,pt-price-st-2026-2-27.xlsx
2026-02-27,lpg,LPG (BAHT/KILOGRAM),19.321,,2.17,0.217,-0.7901,0.0,20.9179,1.4643,22.3822,3.2566,0.228,25.8668,31.2325,pt-price-st-2026-2-27.xlsx
2026-03-02,ds,H-DIESEL,18.9924,,6.92,0.692,-0.74,0.05,25.9144,1.814,27.7284,2.0669,0.1447,29.94,31.2575,pt-price-st-2026-3-2.xlsx
2026-03-02,e20,GASOHOL95 E20,16.9849,,6.0,0.6,0.08,0.05,23.7149,1.66,25.3749,2.7711,0.194,28.34,31.2575,pt-price-st-2026-3-2.xlsx
2026-03-02,e85,GASOHOL95 E85,19.6363,,1.125,0.1125,0.08,0.05,21.0038,1.4703,22.4741,3.5663,0.2496,26.29,31.2575,pt-price-st-2026-3-2.xlsx
2026-03-02,fo1500,FO 1500 (2) 2%S,13.4916,,0.64,0.064,0.06,0.05,14.3056,1.0014,15.307,,,,31.2575,pt-price-st-2026-3-2.xlsx
2026-03-02,fo600,FO 600 (1) 2%S,14.2369,,0.64,0.064,0.06,0.05,15.0509,1.0536,16.1045,,,,31.2575,pt-price-st-2026-3-2.xlsx
2026-03-02,gh91,GASOHOL91,16.5114,,6.75,0.675,1.3,0.05,25.2864,1.77,27.0564,2.9193,0.2043,30.18,31.2575,pt-price-st-2026-3-2.xlsx
2026-03-02,gh95,GASOHOL95 E10,16.8994,,6.75,0.675,1.3,0.05,25.6744,1.7972,27.4716,2.877,0.2014,30.55,31.2575,pt-price-st-2026-3-2.xlsx
2026-03-02,gl95,ULG95,16.6187,,7.5,0.75,8.5,0.05,33.4187,2.3393,35.758,3.1607,0.2213,39.14,31.2575,pt-price-st-2026-3-2.xlsx
2026-03-02,lpg,LPG (BAHT/KILOGRAM),19.7062,,2.17,0.217,-1.1753,0.0,20.9179,1.4643,22.3822,3.2566,0.228,25.8668,31.2575,pt-price-st-2026-3-2.xlsx
2026-03-04,ds,H-DIESEL,24.5248,,6.92,0.692,-3.51,0.05,28.6768,2.0074,30.6842,-0.6955,-0.0487,29.94,31.3848,pt-price-st-2026-3-4.xlsx
2026-03-04,e20,GASOHOL95 E20,19.347,,6.0,0.6,-0.78,0.05,25.217,1.7652,26.9822,1.269,0.0888,28.34,31.3848,pt-price-st-2026-3-4.xlsx
2026-03-04,e85,GASOHOL95 E85,20.3654,,1.125,0.1125,-0.3,0.05,21.3529,1.4947,22.8476,3.2172,0.2252,26.29,31.3848,pt-price-st-2026-3-4.xlsx
2026-03-04,fo1500,FO 1500 (2) 2%S,16.279,,0.64,0.064,0.06,0.05,17.093,1.1965,18.2895,,,,31.3848,pt-price-st-2026-3-4.xlsx
2026-03-04,fo600,FO 600 (1) 2%S,17.5245,,0.64,0.064,0.06,0.05,18.3385,1.2837,19.6222,,,,31.3848,pt-price-st-2026-3-4.xlsx
2026-03-04,gh91,GASOHOL91,19.1652,,6.75,0.675,0.1,0.05,26.7402,1.8718,28.612,1.4654,0.1026,30.18,31.3848,pt-price-st-2026-3-4.xlsx
2026-03-04,gh95,GASOHOL95 E10,19.5546,,6.75,0.675,0.1,0.05,27.1296,1.8991,29.0287,1.4218,0.0995,30.55,31.3848,pt-price-st-2026-3-4.xlsx
2026-03-04,gl95,ULG95,19.5381,,7.5,0.75,7.3,0.05,35.1381,2.4597,37.5978,1.4413,0.1009,39.14,31.3848,pt-price-st-2026-3-4.xlsx
2026-03-04,lpg,LPG (BAHT/KILOGRAM),19.7062,,2.17,0.217,-1.1753,0.0,20.9179,1.4643,22.3822,3.2566,0.228,25.8668,31.3848,pt-price-st-2026-3-4.xlsx
2026-03-05,ds,H-DIESEL,27.8942,,6.92,0.692,-6.21,0.05,29.3462,2.0542,31.4004,-1.3649,-0.0955,29.94,31.7837,pt-price-st-2026-3-5.xlsx
2026-03-05,e20,GASOHOL95 E20,20.4571,,6.0,0.6,-1.78,0.05,25.3271,1.7729,27.1,1.1589,0.0811,28.34,31.7837,pt-price-st-2026-3-5.xlsx
2026-03-05,e85,GASOHOL95 E85,20.708,,1.125,0.1125,-0.3,0.05,21.6955,1.5187,23.2142,2.8746,0.2012,26.29,31.7837,pt-price-st-2026-3-5.xlsx
2026-03-05,fo1500,FO 1500 (2) 2%S,17.6195,,0.64,0.064,0.06,0.05,18.4335,1.2903,19.7238,,,,31.7837,pt-price-st-2026-3-5.xlsx
2026-03-05,fo600,FO 600 (1) 2%S,19.2037,,0.64,0.064,0.06,0.05,20.0177,1.4012,21.4189,,,,31.7837,pt-price-st-2026-3-5.xlsx
2026-03-05,gh91,GASOHOL91,20.4123,,6.75,0.675,-0.9,0.05,26.9873,1.8891,28.8764,1.2183,0.0853,30.18,31.7837,pt-price-st-2026-3-5.xlsx
2026-03-05,gh95,GASOHOL95 E10,20.8068,,6.75,0.675,-0.9,0.05,27.3818,1.9167,29.2985,1.1696,0.0819,30.55,31.7837,pt-price-st-2026-3-5.xlsx
2026-03-05,gl95,ULG95,20.9159,,7.5,0.75,7.3,0.05,36.5159,2.5561,39.072,0.0636,0.0044,39.14,31.7837,pt-price-st-2026-3-5.xlsx
2026-03-05,lpg,LPG (BAHT/KILOGRAM),19.7062,,2.17,0.217,-1.1753,0.0,20.9179,1.4643,22.3822,3.2566,0.228,25.8668,31.7837,pt-price-st-2026-3-5.xlsx
2026-03-06,ds,H-DIESEL,30.0492,,6.92,0.692,-9.57,0.05,28.1412,1.9699,30.1111,-0.1599,-0.0112,29.94,31.7236,pt-price-st-2026-3-6.xlsx
2026-03-06,e20,GASOHOL95 E20,21.4247,,6.0,0.6,-2.88,0.05,25.1947,1.7636,26.9583,1.2913,0.0904,28.34,31.7236,pt-price-st-2026-3-6.xlsx
2026-03-06,e85,GASOHOL95 E85,21.0066,,1.125,0.1125,-0.3,0.05,21.9941,1.5396,23.5337,2.576,0.1803,26.29,31.7236,pt-price-st-2026-3-6.xlsx
2026-03-06,fo1500,FO 1500 (2) 2%S,18.6558,,0.64,0.064,0.06,0.05,19.4698,1.3629,20.8327,,,,31.7236,pt-price-st-2026-3-6.xlsx
2026-03-06,fo600,FO 600 (1) 2%S,20.4448,,0.64,0.064,0.06,0.05,21.2588,1.4881,22.7469,,,,31.7236,pt-price-st-2026-3-6.xlsx
2026-03-06,gh91,GASOHOL91,21.4993,,6.75,0.675,-2.0,0.05,26.9743,1.8882,28.8625,1.2313,0.0862,30.18,31.7236,pt-price-st-2026-3-6.xlsx
2026-03-06,gh95,GASOHOL95 E10,21.8933,,6.75,0.675,-2.0,0.05,27.3683,1.9158,29.2841,1.1831,0.0828,30.55,31.7236,pt-price-st-2026-3-6.xlsx
2026-03-06,gl95,ULG95,22.1099,,7.5,0.75,7.3,0.05,37.7099,2.6397,40.3496,-1.1305,-0.0791,39.14,31.7236,pt-price-st-2026-3-6.xlsx
2026-03-06,lpg,LPG (BAHT/KILOGRAM),19.7062,,2.17,0.217,-1.1753,0.0,20.9179,1.4643,22.3822,3.2566,0.228,25.8668,31.7236,pt-price-st-2026-3-6.xlsx
2026-03-09,ds,H-DIESEL,31.0537,,6.92,0.692,-11.73,0.05,26.9857,1.889,28.8747,0.9956,0.0697,29.94,31.9248,pt-price-st-2026-3-9.xlsx
2026-03-09,e20,GASOHOL95 E20,22.9928,,6.0,0.6,-4.03,0.05,25.6128,1.7929,27.4057,0.8732,0.0611,28.34,31.9248,pt-price-st-2026-3-9.xlsx
2026-03-09,e85,GASOHOL95 E85,21.4906,,1.125,0.1125,-0.3,0.05,22.4781,1.5735,24.0516,2.092,0.1464,26.29,31.9248,pt-price-st-2026-3-9.xlsx
2026-03-09,fo1500,FO 1500 (2) 2%S,20.2744,,0.64,0.064,0.06,0.05,21.0884,1.4762,22.5646,,,,31.9248,pt-price-st-2026-3-9.xlsx
2026-03-09,fo600,FO 600 (1) 2%S,21.9783,,0.64,0.064,0.06,0.05,22.7923,1.5955,24.3878,,,,31.9248,pt-price-st-2026-3-9.xlsx
2026-03-09,gh91,GASOHOL91,23.2611,,6.75,0.675,-3.06,0.05,27.6761,1.9373,29.6134,0.5295,0.0371,30.18,31.9248,pt-price-st-2026-3-9.xlsx
2026-03-09,gh95,GASOHOL95 E10,23.6575,,6.75,0.675,-3.06,0.05,28.0725,1.9651,30.0376,0.4789,0.0335,30.55,31.9248,pt-price-st-2026-3-9.xlsx
2026-03-09,gl95,ULG95,24.0501,,7.5,0.75,5.05,0.05,37.4001,2.618,40.0181,-0.8207,-0.0574,39.14,31.9248,pt-price-st-2026-3-9.xlsx
2026-03-09,lpg,LPG (BAHT/KILOGRAM),19.7062,,2.17,0.217,-1.1753,0.0,20.9179,1.4643,22.3822,3.2566,0.228,25.8668,31.9248,pt-price-st-2026-3-9.xlsx
2026-03-10,ds,H-DIESEL,35.2912,,6.92,0.692,-12.73,0.05,30.2232,2.1156,32.3388,-2.2419,-0.1569,29.94,32.263,pt-price-st-2026-3-10.xlsx
2026-03-10,e20,GASOHOL95 E20,26.5631,,6.0,0.6,-7.22,0.05,25.9931,1.8195,27.8126,0.0256,0.0018,27.84,32.263,pt-price-st-2026-3-10.xlsx
2026-03-10,e85,GASOHOL95 E85,22.5925,,1.125,0.1125,-2.28,0.05,21.6001,1.512,23.1121,2.5027,0.1752,25.79,32.263,pt-price-st-2026-3-10.xlsx
2026-03-10,fo1500,FO 1500 (2) 2%S,26.0506,,0.64,0.064,0.06,0.05,26.8646,1.8805,28.7451,,,,32.263,pt-price-st-2026-3-10.xlsx
2026-03-10,fo600,FO 600 (1) 2%S,27.5399,,0.64,0.064,0.06,0.05,28.3539,1.9848,30.3387,,,,32.263,pt-price-st-2026-3-10.xlsx
2026-03-10,gh91,GASOHOL91,27.2721,,6.75,0.675,-5.38,0.05,29.3671,2.0557,31.4228,-0.6942,-0.0486,30.68,32.263,pt-price-st-2026-3-10.xlsx
2026-03-10,gh95,GASOHOL95 E10,27.6727,,6.75,0.675,-5.38,0.05,29.7677,2.0837,31.8514,-0.749,-0.0524,31.05,32.263,pt-price-st-2026-3-10.xlsx
2026-03-10,gl95,ULG95,28.4653,,7.5,0.75,1.13,0.05,37.8953,2.6527,40.548,-0.8486,-0.0594,39.64,32.263,pt-price-st-2026-3-10.xlsx
2026-03-10,lpg,LPG (BAHT/KILOGRAM),19.7062,,2.17,0.217,-1.1753,0.0,20.9179,1.4643,22.3822,3.2566,0.228,25.8668,32.263,pt-price-st-2026-3-10.xlsx
2026-03-11,ds,H-DIESEL,33.765,,6.92,0.692,-16.97,0.05,24.457,1.712,26.169,3.5243,0.2467,29.94,31.9061,pt-price-st-2026-3-11.xlsx
2026-03-11,e20,GASOHOL95 E20,25.5677,,6.0,0.6,-9.01,0.05,23.2077,1.6245,24.8322,2.811,0.1968,27.84,31.9061,pt-price-st-2026-3-11.xlsx
2026-03-11,e85,GASOHOL95 E85,22.2854,,1.125,0.1125,-2.28,0.05,21.2929,1.4905,22.7834,2.8099,0.1967,25.79,31.9061,pt-price-st-2026-3-11.xlsx
2026-03-11,fo1500,FO 1500 (2) 2%S,23.9605,,0.64,0.064,0.06,0.05,24.7745,1.7342,26.5087,,,,31.9061,pt-price-st-2026-3-11.xlsx
2026-03-11,fo600,FO 600 (1) 2%S,25.5292,,0.64,0.064,0.06,0.05,26.3432,1.844,28.1872,,,,31.9061,pt-price-st-2026-3-11.xlsx
2026-03-11,gh91,GASOHOL91,26.1539,,6.75,0.675,-7.41,0.05,26.2189,1.8353,28.0542,2.454,0.1718,30.68,31.9061,pt-price-st-2026-3-11.xlsx
2026-03-11,gh95,GASOHOL95 E10,26.55,,6.75,0.675,-7.41,0.05,26.615,1.8631,28.4781,2.4036,0.1683,31.05,31.9061,pt-price-st-2026-3-11.xlsx
2026-03-11,gl95,ULG95,27.2299,,7.5,0.75,0.1,0.05,35.6299,2.4941,38.124,1.4168,0.0992,39.64,31.9061,pt-price-st-2026-3-11.xlsx
2026-03-11,lpg,LPG (BAHT/KILOGRAM),19.7062,,2.17,0.217,-1.1753,0.0,20.9179,1.4643,22.3822,3.2566,0.228,25.8668,31.9061,pt-price-st-2026-3-11.xlsx
2026-03-12,ds,H-DIESEL,32.4705,,6.92,0.692,-15.45,0.05,24.6825,1.7278,26.4103,3.2988,0.2309,29.94,31.7174,pt-price-st-2026-3-12.xlsx
2026-03-12,e20,GASOHOL95 E20,24.5638,,6.0,0.6,-9.41,0.05,21.8038,1.5263,23.3301,4.2149,0.295,27.84,31.7174,pt-price-st-2026-3-12.xlsx
2026-03-12,e85,GASOHOL95 E85,21.9755,,1.125,0.1125,-2.28,0.05,20.983,1.4688,22.4518,3.1198,0.2184,25.79,31.7174,pt-price-st-2026-3-12.xlsx
2026-03-12,fo1500,FO 1500 (2) 2%S,21.4543,,0.64,0.064,0.06,0.05,22.2683,1.5588,23.8271,,,,31.7174,pt-price-st-2026-3-12.xlsx
2026-03-12,fo600,FO 600 (1) 2%S,23.2103,,0.64,0.064,0.06,0.05,24.0243,1.6817,25.706,,,,31.7174,pt-price-st-2026-3-12.xlsx
2026-03-12,gh91,GASOHOL91,25.026,,6.75,0.675,-7.86,0.05,24.641,1.7249,26.3659,4.0319,0.2822,30.68,31.7174,pt-price-st-2026-3-12.xlsx
2026-03-12,gh95,GASOHOL95 E10,25.4198,,6.75,0.675,-7.86,0.05,25.0348,1.7524,26.7872,3.9839,0.2789,31.05,31.7174,pt-price-st-2026-3-12.xlsx
2026-03-12,gl95,ULG95,25.9868,,7.5,0.75,0.1,0.05,34.3868,2.4071,36.7939,2.6599,0.1862,39.64,31.7174,pt-price-st-2026-3-12.xlsx
2026-03-12,lpg,LPG (BAHT/KILOGRAM),19.7062,,2.17,0.217,-1.1753,0.0,20.9179,1.4643,22.3822,3.2566,0.228,25.8668,31.7174,pt-price-st-2026-3-12.xlsx
2026-03-13,ds,H-DIESEL,36.729,,6.92,0.692,-14.15,0.05,30.241,2.1169,32.3579,-2.2597,-0.1582,29.94,32.0161,pt-price-st-2026-3-13.xlsx
2026-03-13,e20,GASOHOL95 E20,26.3735,,6.0,0.6,-9.11,0.05,23.9135,1.6739,25.5874,2.1052,0.1474,27.84,32.0161,pt-price-st-2026-3-13.xlsx
2026-03-13,e85,GASOHOL95 E85,22.5341,,1.125,0.1125,-2.28,0.05,21.5416,1.5079,23.0495,2.5612,0.1793,25.79,32.0161,pt-price-st-2026-3-13.xlsx
2026-03-13,fo1500,FO 1500 (2) 2%S,23.9155,,0.64,0.064,0.06,0.05,24.7295,1.7311,26.4606,,,,32.0161,pt-price-st-2026-3-13.xlsx
2026-03-13,fo600,FO 600 (1) 2%S,26.0044,,0.64,0.064,0.06,0.05,26.8184,1.8773,28.6957,,,,32.0161,pt-price-st-2026-3-13.xlsx
2026-03-13,gh91,GASOHOL91,27.0591,,6.75,0.675,-7.52,0.05,27.0141,1.891,28.9051,1.6588,0.1161,30.68,32.0161,pt-price-st-2026-3-13.xlsx
2026-03-13,gh95,GASOHOL95 E10,27.4566,,6.75,0.675,-7.52,0.05,27.4116,1.9188,29.3304,1.6071,0.1125,31.05,32.0161,pt-price-st-2026-3-13.xlsx
2026-03-13,gl95,ULG95,28.227,,7.5,0.75,0.1,0.05,36.627,2.5639,39.1909,0.4197,0.0294,39.64,32.0161,pt-price-st-2026-3-13.xlsx
2026-03-13,lpg,LPG (BAHT/KILOGRAM),19.7062,,2.17,0.217,-1.1753,0.0,20.9179,1.4643,22.3822,3.2566,0.228,25.8668,32.0161,pt-price-st-2026-3-13.xlsx
2026-03-16,ds,H-DIESEL,38.6766,,6.92,0.692,-18.31,0.05,28.0286,1.962,29.9906,-0.0473,-0.0033,29.94,32.3347,pt-price-st-2026-3-16.xlsx
2026-03-16,e20,GASOHOL95 E20,28.0463,,6.0,0.6,-9.85,0.05,24.8463,1.7392,26.5855,1.1724,0.0821,27.84,32.3347,pt-price-st-2026-3-16.xlsx
2026-03-16,e85,GASOHOL95 E85,23.0503,,1.125,0.1125,-2.28,0.05,22.0578,1.544,23.6018,2.045,0.1432,25.79,32.3347,pt-price-st-2026-3-16.xlsx
2026-03-16,fo1500,FO 1500 (2) 2%S,24.4762,,0.64,0.064,0.06,0.05,25.2902,1.7703,27.0605,,,,32.3347,pt-price-st-2026-3-16.xlsx
2026-03-16,fo600,FO 600 (1) 2%S,26.8179,,0.64,0.064,0.06,0.05,27.6319,1.9342,29.5661,,,,32.3347,pt-price-st-2026-3-16.xlsx
2026-03-16,gh91,GASOHOL91,28.9384,,6.75,0.675,-8.37,0.05,28.0434,1.963,30.0064,0.6295,0.0441,30.68,32.3347,pt-price-st-2026-3-16.xlsx
2026-03-16,gh95,GASOHOL95 E10,29.3399,,6.75,0.675,-8.37,0.05,28.4449,1.9911,30.436,0.5738,0.0402,31.05,32.3347,pt-price-st-2026-3-16.xlsx
2026-03-16,gl95,ULG95,30.2983,,7.5,0.75,0.1,0.05,38.6983,2.7089,41.4072,-1.6516,-0.1156,39.64,32.3347,pt-price-st-2026-3-16.xlsx
2026-03-16,lpg,LPG (BAHT/KILOGRAM),19.7062,,2.17,0.217,-1.1753,0.0,20.9179,1.4643,22.3822,3.2566,0.228,25.8668,32.3347,pt-price-st-2026-3-16.xlsx
2026-03-17,ds,H-DIESEL,38.6747,,6.92,0.692,-20.36,0.05,25.9767,1.8184,27.7951,2.0046,0.1403,29.94,32.619,pt-price-st-2026-3-17.xlsx
2026-03-17,e20,GASOHOL95 E20,29.0058,,6.0,0.6,-11.06,0.05,24.5958,1.7217,26.3175,1.4229,0.0996,27.84,32.619,pt-price-st-2026-3-17.xlsx
2026-03-17,e85,GASOHOL95 E85,23.3465,,1.125,0.1125,-2.28,0.05,22.354,1.5648,23.9188,1.7488,0.1224,25.79,32.619,pt-price-st-2026-3-17.xlsx
2026-03-17,fo1500,FO 1500 (2) 2%S,24.8762,,0.64,0.064,0.06,0.05,25.6902,1.7983,27.4885,,,,32.619,pt-price-st-2026-3-17.xlsx
2026-03-17,fo600,FO 600 (1) 2%S,27.1513,,0.64,0.064,0.06,0.05,27.9653,1.9576,29.9229,,,,32.619,pt-price-st-2026-3-17.xlsx
2026-03-17,gh91,GASOHOL91,30.0164,,6.75,0.675,-9.73,0.05,27.7614,1.9433,29.7047,0.9115,0.0638,30.68,32.619,pt-price-st-2026-3-17.xlsx
2026-03-17,gh95,GASOHOL95 E10,30.4214,,6.75,0.675,-9.73,0.05,28.1664,1.9716,30.138,0.8523,0.0597,31.05,32.619,pt-price-st-2026-3-17.xlsx
2026-03-17,gl95,ULG95,31.4883,,7.5,0.75,0.1,0.05,39.8883,2.7922,42.6805,-2.8416,-0.1989,39.64,32.619,pt-price-st-2026-3-17.xlsx
2026-03-17,lpg,LPG (BAHT/KILOGRAM),19.7062,,2.17,0.217,-1.1753,0.0,20.9179,1.4643,22.3822,3.2566,0.228,25.8668,32.619,pt-price-st-2026-3-17.xlsx
2026-03-18,ds,H-DIESEL,39.4383,,6.92,0.692,-19.86,0.05,27.2403,1.9068,29.1471,1.2083,0.0846,30.44,32.5706,pt-price-st-2026-3-18.xlsx
2026-03-18,e20,GASOHOL95 E20,29.0272,,6.0,0.6,-12.85,0.05,22.8272,1.5979,24.4251,2.4532,0.1717,27.05,32.5706,pt-price-st-2026-3-18.xlsx
2026-03-18,e85,GASOHOL95 E85,23.3531,,1.125,0.1125,-4.28,0.05,20.3606,1.4252,21.7858,1.8731,0.1311,23.79,32.5706,pt-price-st-2026-3-18.xlsx
2026-03-18,fo1500,FO 1500 (2) 2%S,24.7751,,0.64,0.064,0.06,0.05,25.5891,1.7912,27.3803,,,,32.5706,pt-price-st-2026-3-18.xlsx
2026-03-18,fo600,FO 600 (1) 2%S,27.2014,,0.64,0.064,0.06,0.05,28.0154,1.9611,29.9765,,,,32.5706,pt-price-st-2026-3-18.xlsx
2026-03-18,gh91,GASOHOL91,30.0405,,6.75,0.675,-9.73,0.05,27.7855,1.945,29.7305,1.822,0.1275,31.68,32.5706,pt-price-st-2026-3-18.xlsx
2026-03-18,gh95,GASOHOL95 E10,30.4449,,6.75,0.675,-9.73,0.05,28.1899,1.9733,30.1632,1.7634,0.1234,32.05,32.5706,pt-price-st-2026-3-18.xlsx
2026-03-18,gl95,ULG95,31.5139,,7.5,0.75,0.1,0.05,39.9139,2.794,42.7079,-1.9326,-0.1353,40.64,32.5706,pt-price-st-2026-3-18.xlsx
2026-03-18,lpg,LPG (BAHT/KILOGRAM),19.7062,,2.17,0.217,-1.1753,0.0,20.9179,1.4643,22.3822,3.2566,0.228,25.8668,32.5706,pt-price-st-2026-3-18.xlsx
2026-03-19,ds,H-DIESEL,39.8723,,6.92,0.692,-20.65,0.05,26.8843,1.8819,28.7662,1.5643,0.1095,30.44,32.4764,pt-price-st-2026-3-19.xlsx
2026-03-19,e20,GASOHOL95 E20,28.9872,,6.0,0.6,-12.85,0.05,22.7872,1.5951,24.3823,2.4932,0.1745,27.05,32.4764,pt-price-st-2026-3-19.xlsx
2026-03-19,e85,GASOHOL95 E85,23.3407,,1.125,0.1125,-4.28,0.05,20.3483,1.4244,21.7727,1.8853,0.132,23.79,32.4764,pt-price-st-2026-3-19.xlsx
2026-03-19,fo1500,FO 1500 (2) 2%S,24.4015,,0.64,0.064,0.06,0.05,25.2155,1.7651,26.9806,,,,32.4764,pt-price-st-2026-3-19.xlsx
2026-03-19,fo600,FO 600 (1) 2%S,26.9657,,0.64,0.064,0.06,0.05,27.7797,1.9446,29.7243,,,,32.4764,pt-price-st-2026-3-19.xlsx
2026-03-19,gh91,GASOHOL91,29.9955,,6.75,0.675,-9.73,0.05,27.7405,1.9418,29.6823,1.867,0.1307,31.68,32.4764,pt-price-st-2026-3-19.xlsx
2026-03-19,gh95,GASOHOL95 E10,30.3988,,6.75,0.675,-9.73,0.05,28.1438,1.9701,30.1139,1.8094,0.1267,32.05,32.4764,pt-price-st-2026-3-19.xlsx
2026-03-19,gl95,ULG95,31.4629,,7.5,0.75,0.1,0.05,39.8629,2.7904,42.6533,-1.8816,-0.1317,40.64,32.4764,pt-price-st-2026-3-19.xlsx
2026-03-19,lpg,LPG (BAHT/KILOGRAM),19.7062,,2.17,0.217,-1.1753,0.0,20.9179,1.4643,22.3822,3.2566,0.228,25.8668,32.4764,pt-price-st-2026-3-19.xlsx
2026-03-20,ds,H-DIESEL,43.6941,,6.92,0.692,-21.09,0.05,30.2661,2.1186,32.3847,-1.8175,-0.1272,30.44,32.9227,pt-price-st-2026-3-20.xlsx
2026-03-20,e20,GASOHOL95 E20,30.7145,,6.0,0.6,-12.85,0.05,24.5145,1.716,26.2305,0.7659,0.0536,27.05,32.9227,pt-price-st-2026-3-20.xlsx
2026-03-20,e85,GASOHOL95 E85,23.8739,,1.125,0.1125,-4.28,0.05,20.8814,1.4617,22.3431,1.3522,0.0947,23.79,32.9227,pt-price-st-2026-3-20.xlsx
2026-03-20,fo1500,FO 1500 (2) 2%S,25.5156,,0.64,0.064,0.06,0.05,26.3296,1.8431,28.1727,,,,32.9227,pt-price-st-2026-3-20.xlsx
2026-03-20,fo600,FO 600 (1) 2%S,28.5689,,0.64,0.064,0.06,0.05,29.3829,2.0568,31.4397,,,,32.9227,pt-price-st-2026-3-20.xlsx
2026-03-20,gh91,GASOHOL91,31.936,,6.75,0.675,-9.73,0.05,29.681,2.0777,31.7587,-0.0736,-0.0051,31.68,32.9227,pt-price-st-2026-3-20.xlsx
2026-03-20,gh95,GASOHOL95 E10,32.3449,,6.75,0.675,-9.73,0.05,30.0899,2.1063,32.1962,-0.1366,-0.0096,32.05,32.9227,pt-price-st-2026-3-20.xlsx
2026-03-20,gl95,ULG95,33.6037,,7.5,0.75,0.1,0.05,42.0037,2.9403,44.944,-4.0224,-0.2816,40.64,32.9227,pt-price-st-2026-3-20.xlsx
2026-03-20,lpg,LPG (BAHT/KILOGRAM),19.7062,,2.17,0.217,-1.1753,0.0,20.9179,1.4643,22.3822,3.2566,0.228,25.8668,32.9227,pt-price-st-2026-3-20.xlsx
2026-03-23,ds,H-DIESEL,45.2151,,6.92,0.692,-24.25,0.05,28.6271,2.0039,30.631,0.4757,0.0333,31.14,32.7511,pt-price-st-2026-3-23.xlsx
2026-03-23,e20,GASOHOL95 E20,31.0928,,6.0,0.6,-12.85,0.05,24.8928,1.7425,26.6353,1.3221,0.0926,28.05,32.7511,pt-price-st-2026-3-23.xlsx
2026-03-23,e85,GASOHOL95 E85,23.9906,,1.125,0.1125,-4.28,0.05,20.9981,1.4699,22.468,2.1701,0.1519,24.79,32.7511,pt-price-st-2026-3-23.xlsx
2026-03-23,fo1500,FO 1500 (2) 2%S,24.8091,,0.64,0.064,0.06,0.05,25.6231,1.7936,27.4167,,,,32.7511,pt-price-st-2026-3-23.xlsx
2026-03-23,fo600,FO 600 (1) 2%S,28.1931,,0.64,0.064,0.06,0.05,29.0071,2.0305,31.0376,,,,32.7511,pt-price-st-2026-3-23.xlsx
2026-03-23,gh91,GASOHOL91,32.3611,,6.75,0.675,-9.73,0.05,30.1061,2.1074,32.2135,0.436,0.0305,32.68,32.7511,pt-price-st-2026-3-23.xlsx
2026-03-23,gh95,GASOHOL95 E10,32.7678,,6.75,0.675,-9.73,0.05,30.5128,2.1359,32.6487,0.375,0.0263,33.05,32.7511,pt-price-st-2026-3-23.xlsx
2026-03-23,gl95,ULG95,34.0681,,7.5,0.75,0.1,0.05,42.4681,2.9728,45.4409,-3.5522,-0.2487,41.64,32.7511,pt-price-st-2026-3-23.xlsx
2026-03-23,lpg,LPG (BAHT/KILOGRAM),19.7062,,2.17,0.217,-1.1753,0.0,20.9179,1.4643,22.3822,3.2566,0.228,25.8668,32.7511,pt-price-st-2026-3-23.xlsx
2026-03-24,ds,H-DIESEL,48.1127,,6.92,0.692,-24.09,0.05,31.6847,2.2179,33.9026,-0.8996,-0.063,32.94,33.0943,pt-price-st-2026-3-24.xlsx
2026-03-24,e20,GASOHOL95 E20,32.0311,,6.0,0.6,-12.85,0.05,25.8311,1.8082,27.6393,2.253,0.1577,30.05,33.0943,pt-price-st-2026-3-24.xlsx
2026-03-24,e85,GASOHOL95 E85,24.2802,,1.125,0.1125,-4.28,0.05,21.2877,1.4901,22.7778,3.7497,0.2625,26.79,33.0943,pt-price-st-2026-3-24.xlsx
2026-03-24,fo1500,FO 1500 (2) 2%S,25.731,,0.64,0.064,0.06,0.05,26.545,1.8582,28.4032,,,,33.0943,pt-price-st-2026-3-24.xlsx
2026-03-24,fo600,FO 600 (1) 2%S,29.4732,,0.64,0.064,0.06,0.05,30.2872,2.1201,32.4073,,,,33.0943,pt-price-st-2026-3-24.xlsx
2026-03-24,gh91,GASOHOL91,33.4152,,6.75,0.675,-9.73,0.05,31.1602,2.1812,33.3414,1.251,0.0876,34.68,33.0943,pt-price-st-2026-3-24.xlsx
2026-03-24,gh95,GASOHOL95 E10,33.8262,,6.75,0.675,-9.73,0.05,31.5712,2.21,33.7812,1.1858,0.083,35.05,33.0943,pt-price-st-2026-3-24.xlsx
2026-03-24,gl95,ULG95,35.2327,,7.5,0.75,0.1,0.05,43.6327,3.0543,46.687,-2.8477,-0.1993,43.64,33.0943,pt-price-st-2026-3-24.xlsx
2026-03-24,lpg,LPG (BAHT/KILOGRAM),19.7062,,2.17,0.217,-1.1753,0.0,20.9179,1.4643,22.3822,3.2566,0.228,25.8668,33.0943,pt-price-st-2026-3-24.xlsx
2026-03-25,ds,H-DIESEL,45.8546,,6.92,0.692,-26.99,0.05,26.5266,1.8569,28.3835,4.2584,0.2981,32.94,32.6497,pt-price-st-2026-3-25.xlsx
2026-03-25,e20,GASOHOL95 E20,29.384,,6.0,0.6,-12.85,0.05,23.184,1.6229,24.8069,4.9001,0.343,30.05,32.6497,pt-price-st-2026-3-25.xlsx
2026-03-25,e85,GASOHOL95 E85,23.4632,,1.125,0.1125,-4.28,0.05,20.4707,1.4329,21.9036,4.5667,0.3197,26.79,32.6497,pt-price-st-2026-3-25.xlsx
2026-03-25,fo1500,FO 1500 (2) 2%S,23.7053,,0.64,0.064,0.06,0.05,24.5193,1.7164,26.2357,,,,32.6497,pt-price-st-2026-3-25.xlsx
2026-03-25,fo600,FO 600 (1) 2%S,27.3831,,0.64,0.064,0.06,0.05,28.1971,1.9738,30.1709,,,,32.6497,pt-price-st-2026-3-25.xlsx
2026-03-25,gh91,GASOHOL91,30.4413,,6.75,0.675,-9.73,0.05,28.1863,1.973,30.1593,4.225,0.2957,34.68,32.6497,pt-price-st-2026-3-25.xlsx
2026-03-25,gh95,GASOHOL95 E10,30.8467,,6.75,0.675,-9.73,0.05,28.5917,2.0014,30.5931,4.1653,0.2916,35.05,32.6497,pt-price-st-2026-3-25.xlsx
2026-03-25,gl95,ULG95,31.9559,,7.5,0.75,0.1,0.05,40.3559,2.8249,43.1808,0.4292,0.03,43.64,32.6497,pt-price-st-2026-3-25.xlsx
2026-03-25,lpg,LPG (BAHT/KILOGRAM),19.7062,,2.17,0.217,-1.1753,0.0,20.9179,1.4643,22.3822,3.2566,0.228,25.8668,32.6497,pt-price-st-2026-3-25.xlsx
2026-03-26,ds,H-DIESEL,42.7553,,6.92,0.692,-19.12,0.05,31.2973,2.1908,33.4881,5.0952,0.3567,38.94,32.7775,pt-price-st-2026-3-26.xlsx
2026-03-26,e20,GASOHOL95 E20,26.9891,,6.0,0.6,-5.94,0.05,27.6991,1.9389,29.638,5.9925,0.4195,36.05,32.7775,pt-price-st-2026-3-26.xlsx
2026-03-26,e85,GASOHOL95 E85,22.724,,1.125,0.1125,2.29,0.05,26.3016,1.8411,28.1427,4.3433,0.304,32.79,32.7775,pt-price-st-2026-3-26.xlsx
2026-03-26,fo1500,FO 1500 (2) 2%S,21.5259,,0.64,0.064,0.06,0.05,22.3399,1.5638,23.9037,,,,32.7775,pt-price-st-2026-3-26.xlsx
2026-03-26,fo600,FO 600 (1) 2%S,25.0153,,0.64,0.064,0.06,0.05,25.8293,1.8081,27.6374,,,,32.7775,pt-price-st-2026-3-26.xlsx
2026-03-26,gh91,GASOHOL91,27.7507,,6.75,0.675,-3.26,0.05,31.9657,2.2376,34.2033,6.053,0.4237,40.68,32.7775,pt-price-st-2026-3-26.xlsx
2026-03-26,gh95,GASOHOL95 E10,28.1577,,6.75,0.675,-3.26,0.05,32.3727,2.2661,34.6388,5.9918,0.4194,41.05,32.7775,pt-price-st-2026-3-26.xlsx
2026-03-26,gl95,ULG95,29.0001,,7.5,0.75,2.5,0.05,39.8001,2.786,42.5861,6.5924,0.4615,49.64,32.7775,pt-price-st-2026-3-26.xlsx
2026-03-26,lpg,LPG (BAHT/KILOGRAM),19.7062,,2.17,0.217,-1.1753,0.0,20.9179,1.4643,22.3822,3.2566,0.228,25.8668,32.7775,pt-price-st-2026-3-26.xlsx
2026-03-27,ds,H-DIESEL,43.3975,,6.92,0.692,-16.02,0.05,35.0395,2.4528,37.4923,1.353,0.0947,38.94,32.9083,pt-price-st-2026-3-27.xlsx
2026-03-27,dsb20,H-DIESEL 20,42.6252,,5.953,0.5953,-18.94,0.05,30.2835,2.1198,32.4033,1.4362,0.1005,33.94,32.9083,pt-price-st-2026-3-27.xlsx
2026-03-27,e20,GASOHOL95 E20,26.0997,,6.0,0.6,-3.54,0.05,29.2097,2.0447,31.2544,4.4819,0.3137,36.05,32.9083,pt-price-st-2026-3-27.xlsx
2026-03-27,e85,GASOHOL95 E85,22.4495,,1.125,0.1125,2.99,0.05,26.727,1.8709,28.5979,3.9179,0.2742,32.79,32.9083,pt-price-st-2026-3-27.xlsx
2026-03-27,fo1500,FO 1500 (2) 2%S,21.5879,,0.64,0.064,0.06,0.05,22.4019,1.5681,23.97,,,,32.9083,pt-price-st-2026-3-27.xlsx
2026-03-27,fo600,FO 600 (1) 2%S,25.1799,,0.64,0.064,0.06,0.05,25.9939,1.8196,27.8135,,,,32.9083,pt-price-st-2026-3-27.xlsx
2026-03-27,gh91,GASOHOL91,26.7515,,6.75,0.675,-0.56,0.05,33.6665,2.3567,36.0232,4.3521,0.3047,40.68,32.9083,pt-price-st-2026-3-27.xlsx
2026-03-27,gh95,GASOHOL95 E10,27.1601,,6.75,0.675,-0.56,0.05,34.0751,2.3853,36.4604,4.2893,0.3003,41.05,32.9083,pt-price-st-2026-3-27.xlsx
2026-03-27,gl95,ULG95,27.9038,,7.5,0.75,5.5,0.05,41.7038,2.9193,44.6231,4.6887,0.3282,49.64,32.9083,pt-price-st-2026-3-27.xlsx
2026-03-27,lpg,LPG (BAHT/KILOGRAM),19.7062,,2.17,0.217,-1.1753,0.0,20.9179,1.4643,22.3822,3.2566,0.228,25.8668,32.9083,pt-price-st-2026-3-27.xlsx
2026-03-30,ds,H-DIESEL,47.1693,,6.92,0.692,-16.67,0.05,38.1613,2.6713,40.8326,-1.7688,-0.1238,38.94,33.0743,pt-price-st-2026-3-30.xlsx
2026-03-30,dsb20,H-DIESEL 20,46.1962,,5.953,0.5953,-19.5,0.05,33.2945,2.3306,35.6251,-1.5749,-0.1102,33.94,33.0743,pt-price-st-2026-3-30.xlsx
2026-03-30,e20,GASOHOL95 E20,26.3496,,6.0,0.6,-2.66,0.05,30.3396,2.1238,32.4634,3.352,0.2346,36.05,33.0743,pt-price-st-2026-3-30.xlsx
2026-03-30,e85,GASOHOL95 E85,22.5267,,1.125,0.1125,3.31,0.05,27.1242,1.8987,29.0229,3.5207,0.2464,32.79,33.0743,pt-price-st-2026-3-30.xlsx
2026-03-30,fo1500,FO 1500 (2) 2%S,23.1654,,0.64,0.064,0.06,0.05,23.9794,1.6786,25.658,,,,33.0743,pt-price-st-2026-3-30.xlsx
2026-03-30,fo600,FO 600 (1) 2%S,27.136,,0.64,0.064,0.06,0.05,27.95,1.9565,29.9065,,,,33.0743,pt-price-st-2026-3-30.xlsx
2026-03-30,gh91,GASOHOL91,27.0323,,6.75,0.675,0.43,0.05,34.9373,2.4456,37.3829,3.0814,0.2157,40.68,33.0743,pt-price-st-2026-3-30.xlsx
2026-03-30,gh95,GASOHOL95 E10,27.443,,6.75,0.675,0.43,0.05,35.348,2.4744,37.8224,3.0164,0.2112,41.05,33.0743,pt-price-st-2026-3-30.xlsx
2026-03-30,gl95,ULG95,28.2154,,7.5,0.75,6.59,0.05,43.1054,3.0174,46.1228,3.2871,0.2301,49.64,33.0743,pt-price-st-2026-3-30.xlsx
2026-03-30,lpg,LPG (BAHT/KILOGRAM),19.7062,,2.17,0.217,-1.1753,0.0,20.9179,1.4643,22.3822,3.2566,0.228,25.8668,33.0743,pt-price-st-2026-3-30.xlsx
2026-03-31,ds,H-DIESEL,50.3,,6.92,0.692,-18.76,0.05,39.202,2.7441,41.9461,-1.1272,-0.0789,40.74,33.0319,pt-price-st-2026-3-31.xlsx
2026-03-31,dsb20,H-DIESEL 20,48.9113,,5.953,0.5953,-21.39,0.05,34.1196,2.3884,36.508,-0.7178,-0.0502,35.74,33.0319,pt-price-st-2026-3-31.xlsx
2026-03-31,e20,GASOHOL95 E20,27.8013,,6.0,0.6,-2.66,0.05,31.7913,2.2254,34.0167,2.8349,0.1984,37.05,33.0319,pt-price-st-2026-3-31.xlsx
2026-03-31,e85,GASOHOL95 E85,22.9747,,1.125,0.1125,3.31,0.05,27.5722,1.9301,29.5023,4.0072,0.2805,33.79,33.0319,pt-price-st-2026-3-31.xlsx
2026-03-31,fo1500,FO 1500 (2) 2%S,24.2549,,0.64,0.064,0.06,0.05,25.0689,1.7548,26.8237,,,,33.0319,pt-price-st-2026-3-31.xlsx
2026-03-31,fo600,FO 600 (1) 2%S,28.5981,,0.64,0.064,0.06,0.05,29.4121,2.0588,31.4709,,,,33.0319,pt-price-st-2026-3-31.xlsx
2026-03-31,gh91,GASOHOL91,28.6632,,6.75,0.675,0.43,0.05,36.5682,2.5598,39.128,2.385,0.167,41.68,33.0319,pt-price-st-2026-3-31.xlsx
2026-03-31,gh95,GASOHOL95 E10,29.0733,,6.75,0.675,0.43,0.05,36.9783,2.5885,39.5668,2.3207,0.1625,42.05,33.0319,pt-price-st-2026-3-31.xlsx
2026-03-31,gl95,ULG95,30.0075,,7.5,0.75,6.59,0.05,44.8975,3.1428,48.0403,2.4296,0.1701,50.64,33.0319,pt-price-st-2026-3-31.xlsx
2026-03-31,lpg,LPG (BAHT/KILOGRAM),19.7062,,2.17,0.217,-1.1753,0.0,20.9179,1.4643,22.3822,3.2566,0.228,25.8668,33.0319,pt-price-st-2026-3-31.xlsx
2026-04-01,ds,H-DIESEL,49.468,,6.92,0.692,-21.89,0.05,35.24,2.4668,37.7068,2.8348,0.1984,40.74,32.9936,pt-price-st-2026-4-1.xlsx
2026-04-01,dsb20,H-DIESEL 20,48.1897,,5.953,0.5953,-24.11,0.05,30.678,2.1475,32.8255,2.7238,0.1907,35.74,32.9936,pt-price-st-2026-4-1.xlsx
2026-04-01,e20,GASOHOL95 E20,28.4096,,6.0,0.6,-2.66,0.05,32.3996,2.268,34.6676,2.2265,0.1559,37.05,32.9936,pt-price-st-2026-4-1.xlsx
2026-04-01,e85,GASOHOL95 E85,23.5704,,1.125,0.1125,3.31,0.05,28.1679,1.9718,30.1397,3.4115,0.2388,33.79,32.9936,pt-price-st-2026-4-1.xlsx
2026-04-01,fo1500,FO 1500 (2) 2%S,23.5833,,0.64,0.064,0.06,0.05,24.3973,1.7078,26.1051,,,,32.9936,pt-price-st-2026-4-1.xlsx
2026-04-01,fo600,FO 600 (1) 2%S,27.8902,,0.64,0.064,0.06,0.05,28.7042,2.0093,30.7135,,,,32.9936,pt-price-st-2026-4-1.xlsx
2026-04-01,gh91,GASOHOL91,29.2738,,6.75,0.675,0.43,0.05,37.1788,2.6025,39.7813,1.7745,0.1242,41.68,32.9936,pt-price-st-2026-4-1.xlsx
2026-04-01,gh95,GASOHOL95 E10,29.6834,,6.75,0.675,0.43,0.05,37.5884,2.6312,40.2196,1.7107,0.1197,42.05,32.9936,pt-price-st-2026-4-1.xlsx
2026-04-01,gl95,ULG95,30.6197,,7.5,0.75,6.59,0.05,45.5097,3.1857,48.6954,1.8174,0.1272,50.64,32.9936,pt-price-st-2026-4-1.xlsx
2026-04-01,lpg,LPG (BAHT/KILOGRAM),19.7062,,2.17,0.217,-1.1753,0.0,20.9179,1.4643,22.3822,3.2566,0.228,25.8668,32.9936,pt-price-st-2026-4-1.xlsx
2026-04-02,ds,H-DIESEL,49.228,,6.92,0.692,-17.78,0.05,39.11,2.7377,41.8477,2.2358,0.1565,44.24,32.7817,pt-price-st-2026-4-2.xlsx
2026-04-02,dsb20,H-DIESEL B20,47.9816,,5.953,0.5953,-20.12,0.05,34.4679,2.4128,36.8807,2.205,0.1543,39.24,32.7817,pt-price-st-2026-4-2.xlsx
2026-04-02,e20,GASOHOL95 E20,27.9136,,6.0,0.6,-2.66,0.05,31.9036,2.2333,34.1369,3.844,0.2691,38.25,32.7817,pt-price-st-2026-4-2.xlsx
2026-04-02,e85,GASOHOL95 E85,23.4173,,1.125,0.1125,3.31,0.05,28.0148,1.961,29.9758,4.6862,0.328,34.99,32.7817,pt-price-st-2026-4-2.xlsx
2026-04-02,fo1500,FO 1500 (2) 2%S,22.3265,,0.64,0.064,0.06,0.05,23.1405,1.6198,24.7603,,,,32.7817,pt-price-st-2026-4-2.xlsx
2026-04-02,fo600,FO 600 (1) 2%S,26.7978,,0.64,0.064,0.06,0.05,27.6118,1.9328,29.5446,,,,32.7817,pt-price-st-2026-4-2.xlsx
2026-04-02,gh91,GASOHOL91,28.7165,,6.75,0.675,0.43,0.05,36.6215,2.5635,39.185,3.4533,0.2417,42.88,32.7817,pt-price-st-2026-4-2.xlsx
2026-04-02,gh95,GASOHOL95 E10,29.1235,,6.75,0.675,0.43,0.05,37.0285,2.592,39.6205,3.3921,0.2374,43.25,32.7817,pt-price-st-2026-4-2.xlsx
2026-04-02,gl95,ULG95,30.0035,,7.5,0.75,6.59,0.05,44.8935,3.1425,48.036,3.5551,0.2489,51.84,32.7817,pt-price-st-2026-4-2.xlsx
2026-04-02,lpg,LPG (BAHT/KILOGRAM),28.416,,2.17,0.217,-9.8851,0.0,20.9179,1.4643,22.3822,3.2566,0.228,25.8668,32.7817,pt-price-st-2026-4-2.xlsx
2026-04-03,ds,H-DIESEL,55.6692,,6.92,0.692,-14.27,0.05,49.0612,3.4343,52.4955,-4.4444,-0.3111,47.74,32.8173,pt-price-st-2026-4-3.xlsx
2026-04-03,dsb20,H-DIESEL B20,53.5676,,5.953,0.5953,-16.64,0.05,43.5259,3.0468,46.5727,-3.582,-0.2507,42.74,32.8173,pt-price-st-2026-4-3.xlsx
2026-04-03,e20,GASOHOL95 E20,28.7262,,6.0,0.6,-2.66,0.05,32.7162,2.2901,35.0063,3.6857,0.258,38.95,32.8173,pt-price-st-2026-4-3.xlsx
2026-04-03,e85,GASOHOL95 E85,23.6681,,1.125,0.1125,3.31,0.05,28.2656,1.9786,30.2442,5.0895,0.3563,35.69,32.8173,pt-price-st-2026-4-3.xlsx
2026-04-03,fo1500,FO 1500 (2) 2%S,23.6132,,0.64,0.064,0.06,0.05,24.4272,1.7099,26.1371,,,,32.8173,pt-price-st-2026-4-3.xlsx
2026-04-03,fo600,FO 600 (1) 2%S,29.0073,,0.64,0.064,0.06,0.05,29.8213,2.0875,31.9088,,,,32.8173,pt-price-st-2026-4-3.xlsx
2026-04-03,gh91,GASOHOL91,29.6294,,6.75,0.675,0.43,0.05,37.5344,2.6274,40.1618,3.1946,0.2236,43.58,32.8173,pt-price-st-2026-4-3.xlsx
2026-04-03,gh95,GASOHOL95 E10,30.0369,,6.75,0.675,0.43,0.05,37.9419,2.6559,40.5978,3.1329,0.2193,43.95,32.8173,pt-price-st-2026-4-3.xlsx
2026-04-03,gl95,ULG95,31.0078,,7.5,0.75,6.59,0.05,45.8978,3.2128,49.1106,3.205,0.2244,52.54,32.8173,pt-price-st-2026-4-3.xlsx
2026-04-03,lpg,LPG (BAHT/KILOGRAM),28.416,,2.17,0.217,-9.8851,0.0,20.9179,1.4643,22.3822,3.2566,0.228,25.8668,32.8173,pt-price-st-2026-4-3.xlsx
2026-04-07,ds,H-DIESEL,56.1098,,6.92,0.692,-18.1,0.05,45.6718,3.197,48.8688,1.5619,0.1093,50.54,32.8039,pt-price-st-2026-4-7.xlsx
2026-04-07,dsb20,H-DIESEL B20,54.056,,5.953,0.5953,-19.61,0.05,41.0443,2.8731,43.9174,1.5164,0.1062,45.54,32.8039,pt-price-st-2026-4-7.xlsx
2026-04-07,e20,GASOHOL95 E20,29.0839,,6.0,0.6,-2.66,0.05,33.0739,2.3152,35.3891,3.3279,0.233,38.95,32.8039,pt-price-st-2026-4-7.xlsx
2026-04-07,e85,GASOHOL95 E85,23.7785,,1.125,0.1125,3.31,0.05,28.376,1.9863,30.3623,4.2315,0.2962,34.89,32.8039,pt-price-st-2026-4-7.xlsx
2026-04-07,fo1500,FO 1500 (2) 2%S,24.1549,,0.64,0.064,0.06,0.05,24.9689,1.7478,26.7167,,,,32.8039,pt-price-st-2026-4-7.xlsx
2026-04-07,fo600,FO 600 (1) 2%S,29.5285,,0.64,0.064,0.06,0.05,30.3425,2.124,32.4665,,,,32.8039,pt-price-st-2026-4-7.xlsx
2026-04-07,gh91,GASOHOL91,30.0313,,6.75,0.675,0.43,0.05,37.9363,2.6555,40.5918,2.7927,0.1955,43.58,32.8039,pt-price-st-2026-4-7.xlsx
2026-04-07,gh95,GASOHOL95 E10,30.4387,,6.75,0.675,0.43,0.05,38.3437,2.6841,41.0278,2.731,0.1912,43.95,32.8039,pt-price-st-2026-4-7.xlsx
2026-04-07,gl95,ULG95,31.4494,,7.5,0.75,6.59,0.05,46.3394,3.2438,49.5832,2.7634,0.1934,52.54,32.8039,pt-price-st-2026-4-7.xlsx
2026-04-07,lpg,LPG (BAHT/KILOGRAM),28.416,,2.17,0.217,-9.8851,0.0,20.9179,1.4643,22.3822,3.2566,0.228,25.8668,32.8039,pt-price-st-2026-4-7.xlsx
2026-04-08,ds,H-DIESEL,52.5729,,6.92,0.692,-18.54,0.05,41.6949,2.9186,44.6135,5.5388,0.3877,50.54,32.7604,pt-price-st-2026-4-8.xlsx
2026-04-08,dsb20,H-DIESEL B20,50.9886,,5.953,0.5953,-20.09,0.05,37.4969,2.6248,40.1217,5.0638,0.3545,45.54,32.7604,pt-price-st-2026-4-8.xlsx
2026-04-08,e20,GASOHOL95 E20,28.6043,,6.0,0.6,-2.66,0.05,32.5943,2.2816,34.8759,3.8076,0.2665,38.95,32.7604,pt-price-st-2026-4-8.xlsx
2026-04-08,e85,GASOHOL95 E85,23.6305,,1.125,0.1125,3.31,0.05,28.228,1.976,30.204,4.3794,0.3066,34.89,32.7604,pt-price-st-2026-4-8.xlsx
2026-04-08,fo1500,FO 1500 (2) 2%S,23.9903,,0.64,0.064,0.06,0.05,24.8043,1.7363,26.5406,,,,32.7604,pt-price-st-2026-4-8.xlsx
2026-04-08,fo600,FO 600 (1) 2%S,28.7683,,0.64,0.064,0.06,0.05,29.5823,2.0708,31.6531,,,,32.7604,pt-price-st-2026-4-8.xlsx
2026-04-08,gh91,GASOHOL91,29.4925,,6.75,0.675,0.43,0.05,37.3975,2.6178,40.0153,3.3315,0.2332,43.58,32.7604,pt-price-st-2026-4-8.xlsx
2026-04-08,gh95,GASOHOL95 E10,29.8993,,6.75,0.675,0.43,0.05,37.8043,2.6463,40.4506,3.2705,0.2289,43.95,32.7604,pt-price-st-2026-4-8.xlsx
2026-04-08,gl95,ULG95,30.8563,,7.5,0.75,6.59,0.05,45.7463,3.2022,48.9485,3.3565,0.235,52.54,32.7604,pt-price-st-2026-4-8.xlsx
2026-04-08,lpg,LPG (BAHT/KILOGRAM),28.416,,2.17,0.217,-9.8851,0.0,20.9179,1.4643,22.3822,3.2566,0.228,25.8668,32.7604,pt-price-st-2026-4-8.xlsx
2026-04-09,ds,H-DIESEL,43.9819,-2.0,6.92,0.692,-15.0,0.05,34.6439,2.4251,37.069,10.5897,0.7413,48.4,32.541,pt-price-st-2026-4-9.xlsx
2026-04-09,dsb20,H-DIESEL B20,43.5382,-2.0,5.953,0.5953,-17.03,0.05,31.1065,2.1775,33.284,9.4542,0.6618,43.4,32.541,pt-price-st-2026-4-9.xlsx
2026-04-09,e20,GASOHOL95 E20,25.9212,,6.0,0.6,-2.66,0.05,29.9112,2.0938,32.005,6.4907,0.4543,38.95,32.541,pt-price-st-2026-4-9.xlsx
2026-04-09,e85,GASOHOL95 E85,22.8024,,1.125,0.1125,3.31,0.05,27.3999,1.918,29.3179,5.2076,0.3645,34.89,32.541,pt-price-st-2026-4-9.xlsx
2026-04-09,fo1500,FO 1500 (2) 2%S,21.904,,0.64,0.064,0.06,0.05,22.718,1.5903,24.3083,,,,32.541,pt-price-st-2026-4-9.xlsx
2026-04-09,fo600,FO 600 (1) 2%S,25.5122,,0.64,0.064,0.06,0.05,26.3262,1.8428,28.169,,,,32.541,pt-price-st-2026-4-9.xlsx
2026-04-09,gh91,GASOHOL91,26.4782,,6.75,0.675,0.43,0.05,34.3832,2.4068,36.79,6.3458,0.4442,43.58,32.541,pt-price-st-2026-4-9.xlsx
2026-04-09,gh95,GASOHOL95 E10,26.8822,,6.75,0.675,0.43,0.05,34.7872,2.4351,37.2223,6.2876,0.4401,43.95,32.541,pt-price-st-2026-4-9.xlsx
2026-04-09,gl95,ULG95,27.5388,,7.5,0.75,6.59,0.05,42.4288,2.97,45.3988,6.674,0.4672,52.54,32.541,pt-price-st-2026-4-9.xlsx
2026-04-09,lpg,LPG (BAHT/KILOGRAM),28.416,,2.17,0.217,-9.8851,0.0,20.9179,1.4643,22.3822,3.2566,0.228,25.8668,32.541,pt-price-st-2026-4-9.xlsx
2026-04-10,ds,H-DIESEL,41.6878,-2.0,6.92,0.692,-6.41,0.05,40.9398,2.8658,43.8056,4.2938,0.3006,48.4,32.2387,pt-price-st-2026-4-10.xlsx
2026-04-10,dsb20,H-DIESEL B20,41.5487,-2.0,5.953,0.5953,-9.58,0.05,36.567,2.5597,39.1267,3.9937,0.2796,43.4,32.2387,pt-price-st-2026-4-10.xlsx
2026-04-10,e20,GASOHOL95 E20,25.6106,,6.0,0.6,0.23,0.05,32.4906,2.2743,34.7649,3.9113,0.2738,38.95,32.2387,pt-price-st-2026-4-10.xlsx
2026-04-10,e85,GASOHOL95 E85,22.7065,,1.125,0.1125,4.92,0.05,28.914,2.024,30.938,3.6935,0.2585,34.89,32.2387,pt-price-st-2026-4-10.xlsx
2026-04-10,fo1500,FO 1500 (2) 2%S,20.8671,,0.64,0.064,0.06,0.05,21.6811,1.5177,23.1988,,,,32.2387,pt-price-st-2026-4-10.xlsx
2026-04-10,fo600,FO 600 (1) 2%S,24.2311,,0.64,0.064,0.06,0.05,25.0451,1.7532,26.7983,,,,32.2387,pt-price-st-2026-4-10.xlsx
2026-04-10,gh91,GASOHOL91,26.1292,,6.75,0.675,3.42,0.05,37.0242,2.5917,39.6159,3.7048,0.2593,43.58,32.2387,pt-price-st-2026-4-10.xlsx
2026-04-10,gh95,GASOHOL95 E10,26.5298,,6.75,0.675,3.42,0.05,37.4248,2.6197,40.0445,3.65,0.2555,43.95,32.2387,pt-price-st-2026-4-10.xlsx
2026-04-10,gl95,ULG95,27.1501,,7.5,0.75,9.66,0.05,45.1101,3.1577,48.2678,3.9927,0.2795,52.54,32.2387,pt-price-st-2026-4-10.xlsx
2026-04-10,lpg,LPG (BAHT/KILOGRAM),28.416,,2.17,0.217,-9.8851,0.0,20.9179,1.4643,22.3822,3.2566,0.228,25.8668,32.2387,pt-price-st-2026-4-10.xlsx
2026-04-11,ds,H-DIESEL,41.6878,-2.0,6.92,0.692,-7.85,0.05,39.4998,2.765,42.2648,1.9955,0.1397,44.4,32.2387,pt-price-st-2026-4-11.xlsx
2026-04-11,dsb20,H-DIESEL B20,41.5487,-2.0,5.953,0.5953,-13.19,0.05,32.957,2.307,35.264,1.9963,0.1397,37.4,32.2387,pt-price-st-2026-4-11.xlsx
2026-04-11,e20,GASOHOL95 E20,25.6106,,6.0,0.6,-2.26,0.05,30.0006,2.1,32.1006,3.5976,0.2518,35.95,32.2387,pt-price-st-2026-4-11.xlsx
2026-04-11,e85,GASOHOL95 E85,22.7065,,1.125,0.1125,2.21,0.05,26.204,1.8343,28.0383,3.5997,0.252,31.89,32.2387,pt-price-st-2026-4-11.xlsx
2026-04-11,fo1500,FO 1500 (2) 2%S,20.8671,,0.64,0.064,0.06,0.05,21.6811,1.5177,23.1988,,,,32.2387,pt-price-st-2026-4-11.xlsx
2026-04-11,fo600,FO 600 (1) 2%S,24.2311,,0.64,0.064,0.06,0.05,25.0451,1.7532,26.7983,,,,32.2387,pt-price-st-2026-4-11.xlsx
2026-04-11,gh91,GASOHOL91,26.1292,,6.75,0.675,2.84,0.05,36.4442,2.5511,38.9953,3.3502,0.2345,42.58,32.2387,pt-price-st-2026-4-11.xlsx
2026-04-11,gh95,GASOHOL95 E10,26.5298,,6.75,0.675,2.84,0.05,36.8448,2.5791,39.4239,3.2954,0.2307,42.95,32.2387,pt-price-st-2026-4-11.xlsx
2026-04-11,gl95,ULG95,27.1501,,7.5,0.75,9.66,0.05,45.1101,3.1577,48.2678,3.9927,0.2795,52.54,32.2387,pt-price-st-2026-4-11.xlsx
2026-04-11,lpg,LPG (BAHT/KILOGRAM),28.416,,2.17,0.217,-9.8851,0.0,20.9179,1.4643,22.3822,3.2566,0.228,25.8668,32.2387,pt-price-st-2026-4-11.xlsx
2026-04-12,ds,H-DIESEL,42.4084,-2.0,6.92,0.692,-7.85,0.05,40.2204,2.8154,43.0358,1.275,0.0892,44.4,32.2709,pt-price-st-2026-4-12.xlsx
2026-04-12,dsb20,H-DIESEL B20,42.1737,-2.0,5.953,0.5953,-13.19,0.05,33.582,2.3507,35.9327,1.3713,0.096,37.4,32.2709,pt-price-st-2026-4-12.xlsx
2026-04-12,e20,GASOHOL95 E20,26.0031,,6.0,0.6,-2.26,0.05,30.3931,2.1275,32.5206,3.205,0.2244,35.95,32.2709,pt-price-st-2026-4-12.xlsx
2026-04-12,e85,GASOHOL95 E85,22.8276,,1.125,0.1125,2.21,0.05,26.3251,1.8428,28.1679,3.4786,0.2435,31.89,32.2709,pt-price-st-2026-4-12.xlsx
2026-04-12,fo1500,FO 1500 (2) 2%S,20.8671,,0.64,0.064,0.06,0.05,21.6811,1.5177,23.1988,,,,32.2709,pt-price-st-2026-4-12.xlsx
2026-04-12,fo600,FO 600 (1) 2%S,24.2311,,0.64,0.064,0.06,0.05,25.0451,1.7532,26.7983,,,,32.2709,pt-price-st-2026-4-12.xlsx
2026-04-12,gh91,GASOHOL91,26.5702,,6.75,0.675,2.84,0.05,36.8852,2.582,39.4672,2.9092,0.2036,42.58,32.2709,pt-price-st-2026-4-12.xlsx
2026-04-12,gh95,GASOHOL95 E10,26.9711,,6.75,0.675,2.84,0.05,37.2861,2.61,39.8961,2.8541,0.1998,42.95,32.2709,pt-price-st-2026-4-12.xlsx
2026-04-12,gl95,ULG95,27.6354,,7.5,0.75,9.66,0.05,45.5954,3.1917,48.7871,3.5074,0.2455,52.54,32.2709,pt-price-st-2026-4-12.xlsx
2026-04-12,lpg,LPG (BAHT/KILOGRAM),28.416,,2.17,0.217,-9.8851,0.0,20.9179,1.4643,22.3822,3.2566,0.228,25.8668,32.2709,pt-price-st-2026-4-12.xlsx
2026-04-13,ds,H-DIESEL,42.5002,-2.0,6.92,0.692,-7.85,0.05,40.2204,2.8154,43.0358,1.1831,0.0892,44.4,32.2709,pt-price-st-2026-4-13.xlsx
2026-04-13,dsb20,H-DIESEL B20,42.4378,-2.0,5.953,0.5953,-13.19,0.05,33.8461,2.3692,36.2153,1.1072,0.096,37.4,32.2709,pt-price-st-2026-4-13.xlsx
2026-04-13,e20,GASOHOL95 E20,26.0031,,6.0,0.6,-2.26,0.05,30.3931,2.1275,32.5206,3.205,0.2244,35.95,32.2709,pt-price-st-2026-4-13.xlsx
2026-04-13,e85,GASOHOL95 E85,22.8276,,1.125,0.1125,2.21,0.05,26.3251,1.8428,28.1679,3.4786,0.2435,31.89,32.2709,pt-price-st-2026-4-13.xlsx
2026-04-13,fo1500,FO 1500 (2) 2%S,20.8671,,0.64,0.064,0.06,0.05,21.6811,1.5177,23.1988,,,,32.2709,pt-price-st-2026-4-13.xlsx
2026-04-13,fo600,FO 600 (1) 2%S,24.2311,,0.64,0.064,0.06,0.05,25.0451,1.7532,26.7983,,,,32.2709,pt-price-st-2026-4-13.xlsx
2026-04-13,gh91,GASOHOL91,26.5702,,6.75,0.675,2.84,0.05,36.8852,2.582,39.4672,2.9092,0.2036,42.58,32.2709,pt-price-st-2026-4-13.xlsx
2026-04-13,gh95,GASOHOL95 E10,26.9711,,6.75,0.675,2.84,0.05,37.2861,2.61,39.8961,2.8541,0.1998,42.95,32.2709,pt-price-st-2026-4-13.xlsx
2026-04-13,gl95,ULG95,27.6354,,7.5,0.75,9.66,0.05,45.5954,3.1917,48.7871,3.5074,0.2455,52.54,32.2709,pt-price-st-2026-4-13.xlsx
2026-04-13,lpg,LPG (BAHT/KILOGRAM),28.416,,2.17,0.217,-9.8851,0.0,20.9179,1.4643,22.3822,3.2566,0.228,25.8668,32.2709,pt-price-st-2026-4-13.xlsx
2026-04-14,ds,H-DIESEL,41.5826,-2.0,6.92,0.692,-7.85,0.05,39.3946,2.7576,42.1522,2.1007,0.1471,44.4,32.2709,pt-price-st-2026-4-14.xlsx
2026-04-14,dsb20,H-DIESEL B20,41.642,-2.0,5.953,0.5953,-13.19,0.05,33.0503,2.3135,35.3638,1.903,0.1332,37.4,32.2709,pt-price-st-2026-4-14.xlsx
2026-04-14,e20,GASOHOL95 E20,26.1611,,6.0,0.6,-2.26,0.05,30.5511,2.1386,32.6897,3.047,0.2133,35.95,32.2709,pt-price-st-2026-4-14.xlsx
2026-04-14,e85,GASOHOL95 E85,22.8764,,1.125,0.1125,2.21,0.05,26.3739,1.8462,28.2201,3.4298,0.2401,31.89,32.2709,pt-price-st-2026-4-14.xlsx
2026-04-14,fo1500,FO 1500 (2) 2%S,21.06,,0.64,0.064,0.06,0.05,21.874,1.5312,23.4052,,,,32.2709,pt-price-st-2026-4-14.xlsx
2026-04-14,fo600,FO 600 (1) 2%S,24.3577,,0.64,0.064,0.06,0.05,25.1717,1.762,26.9337,,,,32.2709,pt-price-st-2026-4-14.xlsx
2026-04-14,gh91,GASOHOL91,26.7477,,6.75,0.675,2.84,0.05,37.0627,2.5944,39.6571,2.7317,0.1912,42.58,32.2709,pt-price-st-2026-4-14.xlsx
2026-04-14,gh95,GASOHOL95 E10,27.1486,,6.75,0.675,2.84,0.05,37.4636,2.6225,40.0861,2.6765,0.1874,42.95,32.2709,pt-price-st-2026-4-14.xlsx
2026-04-14,gl95,ULG95,27.8306,,7.5,0.75,9.66,0.05,45.7906,3.2053,48.9959,3.3122,0.2319,52.54,32.2709,pt-price-st-2026-4-14.xlsx
2026-04-14,lpg,LPG (BAHT/KILOGRAM),28.416,,2.17,0.217,-9.8851,0.0,20.9179,1.4643,22.3822,3.2566,0.228,25.8668,32.2709,pt-price-st-2026-4-14.xlsx
2026-04-15,ds,H-DIESEL,39.7201,-2.0,6.92,0.692,-5.89,0.05,39.4921,2.7644,42.2565,2.0033,0.1402,44.4,32.2709,pt-price-st-2026-4-15.xlsx
2026-04-15,dsb20,H-DIESEL B20,40.0268,-2.0,5.953,0.5953,-11.67,0.05,32.9551,2.3069,35.262,1.9981,0.1399,37.4,32.2709,pt-price-st-2026-4-15.xlsx
2026-04-15,e20,GASOHOL95 E20,25.5251,,6.0,0.6,-2.26,0.05,29.9151,2.0941,32.0092,3.683,0.2578,35.95,32.2709,pt-price-st-2026-4-15.xlsx
2026-04-15,e85,GASOHOL95 E85,22.6801,,1.125,0.1125,2.21,0.05,26.1776,1.8324,28.01,3.6262,0.2538,31.89,32.2709,pt-price-st-2026-4-15.xlsx
2026-04-15,fo1500,FO 1500 (2) 2%S,21.5702,,0.64,0.064,0.06,0.05,22.3842,1.5669,23.9511,,,,32.2709,pt-price-st-2026-4-15.xlsx
2026-04-15,fo600,FO 600 (1) 2%S,24.4563,,0.64,0.064,0.06,0.05,25.2703,1.7689,27.0392,,,,32.2709,pt-price-st-2026-4-15.xlsx
2026-04-15,gh91,GASOHOL91,26.0332,,6.75,0.675,2.84,0.05,36.3482,2.5444,38.8926,3.4462,0.2412,42.58,32.2709,pt-price-st-2026-4-15.xlsx
2026-04-15,gh95,GASOHOL95 E10,26.4341,,6.75,0.675,2.84,0.05,36.7491,2.5724,39.3215,3.3911,0.2374,42.95,32.2709,pt-price-st-2026-4-15.xlsx
2026-04-15,gl95,ULG95,27.045,,7.5,0.75,9.66,0.05,45.005,3.1504,48.1554,4.0978,0.2868,52.54,32.2709,pt-price-st-2026-4-15.xlsx
2026-04-15,lpg,LPG (BAHT/KILOGRAM),28.416,,2.17,0.217,-9.8851,0.0,20.9179,1.4643,22.3822,3.2566,0.228,25.8668,32.2709,pt-price-st-2026-4-15.xlsx
2026-04-16,ds,H-DIESEL,36.7044,-2.0,6.92,0.692,-2.87,0.05,39.4964,2.7647,42.2611,1.999,0.1399,44.4,32.2709,pt-price-st-2026-4-16.xlsx
2026-04-16,dsb20,H-DIESEL B20,37.4115,-2.0,5.953,0.5953,-9.06,0.05,32.9498,2.3065,35.2563,2.0035,0.1402,37.4,32.2709,pt-price-st-2026-4-16.xlsx
2026-04-16,e20,GASOHOL95 E20,24.7477,,6.0,0.6,-1.46,0.05,29.9377,2.0956,32.0333,3.6605,0.2562,35.95,32.2709,pt-price-st-2026-4-16.xlsx
2026-04-16,e85,GASOHOL95 E85,22.4402,,1.125,0.1125,2.48,0.05,26.2077,1.8345,28.0422,3.5961,0.2517,31.89,32.2709,pt-price-st-2026-4-16.xlsx
2026-04-16,fo1500,FO 1500 (2) 2%S,21.149,,0.64,0.064,0.06,0.05,21.963,1.5374,23.5004,,,,32.2709,pt-price-st-2026-4-16.xlsx
2026-04-16,fo600,FO 600 (1) 2%S,23.5733,,0.64,0.064,0.06,0.05,24.3873,1.7071,26.0944,,,,32.2709,pt-price-st-2026-4-16.xlsx
2026-04-16,gh91,GASOHOL91,25.1597,,6.75,0.675,3.8,0.05,36.4347,2.5504,38.9851,3.3597,0.2352,42.58,32.2709,pt-price-st-2026-4-16.xlsx
2026-04-16,gh95,GASOHOL95 E10,25.5607,,6.75,0.675,3.8,0.05,36.8357,2.5785,39.4142,3.3045,0.2313,42.95,32.2709,pt-price-st-2026-4-16.xlsx
2026-04-16,gl95,ULG95,26.0848,,7.5,0.75,11.12,0.05,45.5048,3.1853,48.6901,3.598,0.2519,52.54,32.2709,pt-price-st-2026-4-16.xlsx
2026-04-16,lpg,LPG (BAHT/KILOGRAM),28.416,,2.17,0.217,-9.8851,0.0,20.9179,1.4643,22.3822,3.2566,0.228,25.8668,32.2709,pt-price-st-2026-4-16.xlsx
2026-04-20,ds,H-DIESEL,35.063,-2.0,6.92,0.692,-2.83,0.05,37.895,2.6527,40.5477,2.1984,0.1539,42.9,32.1999,pt-price-st-2026-4-20.xlsx
2026-04-20,dsb20,H-DIESEL B20,36.0424,-2.0,5.953,0.5953,-9.21,0.05,31.4307,2.2001,33.6308,2.1207,0.1485,35.9,32.1999,pt-price-st-2026-4-20.xlsx
2026-04-20,e20,GASOHOL95 E20,24.6604,,6.0,0.6,-1.26,0.05,30.0504,2.1035,32.1539,3.0805,0.2156,35.45,32.1999,pt-price-st-2026-4-20.xlsx
2026-04-20,e85,GASOHOL95 E85,22.4132,,1.125,0.1125,2.2,0.05,25.9007,1.813,27.7137,3.4358,0.2405,31.39,32.1999,pt-price-st-2026-4-20.xlsx
2026-04-20,fo1500,FO 1500 (2) 2%S,20.6809,,0.64,0.064,0.06,0.05,21.4949,1.5046,22.9995,,,,32.1999,pt-price-st-2026-4-20.xlsx
2026-04-20,fo600,FO 600 (1) 2%S,22.8884,,0.64,0.064,0.06,0.05,23.7024,1.6592,25.3616,,,,32.1999,pt-price-st-2026-4-20.xlsx
2026-04-20,gh91,GASOHOL91,25.0616,,6.75,0.675,4.03,0.05,36.5666,2.5597,39.1263,2.7605,0.1932,42.08,32.1999,pt-price-st-2026-4-20.xlsx
2026-04-20,gh95,GASOHOL95 E10,25.4617,,6.75,0.675,4.03,0.05,36.9667,2.5877,39.5544,2.7062,0.1894,42.45,32.1999,pt-price-st-2026-4-20.xlsx
2026-04-20,gl95,ULG95,25.9758,,7.5,0.75,11.41,0.05,45.6858,3.198,48.8838,2.9497,0.2065,52.04,32.1999,pt-price-st-2026-4-20.xlsx
2026-04-20,lpg,LPG (BAHT/KILOGRAM),28.416,,2.17,0.217,-9.8851,0.0,20.9179,1.4643,22.3822,3.2566,0.228,25.8668,32.1999,pt-price-st-2026-4-20.xlsx
2026-04-21,ds,H-DIESEL,33.0733,-2.0,6.92,0.692,-1.76,0.05,36.9753,2.5883,39.5636,1.9966,0.1398,41.7,32.2264,pt-price-st-2026-4-21.xlsx
2026-04-21,dsb20,H-DIESEL B20,34.3168,-2.0,5.953,0.5953,-8.49,0.05,30.4251,2.1298,32.5549,2.0048,0.1403,34.7,32.2264,pt-price-st-2026-4-21.xlsx
2026-04-21,e20,GASOHOL95 E20,24.5903,,6.0,0.6,-1.71,0.05,29.5303,2.0671,31.5974,3.6006,0.252,35.45,32.2264,pt-price-st-2026-4-21.xlsx
2026-04-21,e85,GASOHOL95 E85,22.3916,,1.125,0.1125,2.06,0.05,25.7391,1.8017,27.5408,3.5974,0.2518,31.39,32.2264,pt-price-st-2026-4-21.xlsx
2026-04-21,fo1500,FO 1500 (2) 2%S,20.1356,,0.64,0.064,0.06,0.05,20.9496,1.4665,22.4161,,,,32.2264,pt-price-st-2026-4-21.xlsx
2026-04-21,fo600,FO 600 (1) 2%S,22.0822,,0.64,0.064,0.06,0.05,22.8962,1.6027,24.4989,,,,32.2264,pt-price-st-2026-4-21.xlsx
2026-04-21,gh91,GASOHOL91,24.9829,,6.75,0.675,3.51,0.05,35.9679,2.5178,38.4857,3.3592,0.2351,42.08,32.2264,pt-price-st-2026-4-21.xlsx
2026-04-21,gh95,GASOHOL95 E10,25.3833,,6.75,0.675,3.51,0.05,36.3683,2.5458,38.9141,3.3046,0.2313,42.45,32.2264,pt-price-st-2026-4-21.xlsx
2026-04-21,gl95,ULG95,25.8897,,7.5,0.75,10.85,0.05,45.0397,3.1528,48.1925,3.5958,0.2517,52.04,32.2264,pt-price-st-2026-4-21.xlsx
2026-04-21,lpg,LPG (BAHT/KILOGRAM),28.416,,2.17,0.217,-9.8851,0.0,20.9179,1.4643,22.3822,3.2566,0.228,25.8668,32.2264,pt-price-st-2026-4-21.xlsx
2026-04-22,ds,H-DIESEL,31.8352,-2.0,6.92,0.692,-0.53,0.05,36.9672,2.5877,39.5549,2.0048,0.1403,41.7,32.2142,pt-price-st-2026-4-22.xlsx
2026-04-22,dsb20,H-DIESEL B20,33.2431,-2.0,5.953,0.5953,-7.41,0.05,30.4314,2.1302,32.5616,1.9985,0.1399,34.7,32.2142,pt-price-st-2026-4-22.xlsx
2026-04-22,e20,GASOHOL95 E20,24.3325,,6.0,0.6,-1.45,0.05,29.5325,2.0673,31.5998,3.5983,0.2519,35.45,32.2142,pt-price-st-2026-4-22.xlsx
2026-04-22,e85,GASOHOL95 E85,22.312,,1.125,0.1125,2.14,0.05,25.7395,1.8018,27.5413,3.5969,0.2518,31.39,32.2142,pt-price-st-2026-4-22.xlsx
2026-04-22,fo1500,FO 1500 (2) 2%S,19.354,,0.64,0.064,0.06,0.05,20.168,1.4118,21.5798,,,,32.2142,pt-price-st-2026-4-22.xlsx
2026-04-22,fo600,FO 600 (1) 2%S,21.2108,,0.64,0.064,0.06,0.05,22.0248,1.5417,23.5665,,,,32.2142,pt-price-st-2026-4-22.xlsx
2026-04-22,gh91,GASOHOL91,24.6933,,6.75,0.675,3.8,0.05,35.9683,2.5178,38.4861,3.3588,0.2351,42.08,32.2142,pt-price-st-2026-4-22.xlsx
2026-04-22,gh95,GASOHOL95 E10,25.0935,,6.75,0.675,3.8,0.05,36.3685,2.5458,38.9143,3.3044,0.2313,42.45,32.2142,pt-price-st-2026-4-22.xlsx
2026-04-22,gl95,ULG95,25.571,,7.5,0.75,11.16,0.05,45.031,3.1522,48.1832,3.6045,0.2523,52.04,32.2142,pt-price-st-2026-4-22.xlsx
2026-04-22,lpg,LPG (BAHT/KILOGRAM),28.416,,2.17,0.217,-9.8851,0.0,20.9179,1.4643,22.3822,3.2566,0.228,25.8668,32.2142,pt-price-st-2026-4-22.xlsx
2026-04-23,ds,H-DIESEL,33.6276,-2.0,6.92,0.692,-2.32,0.05,36.9696,2.5879,39.5575,2.0023,0.1402,41.7,32.3631,pt-price-st-2026-4-23.xlsx
2026-04-23,dsb20,H-DIESEL B20,34.7976,-2.0,5.953,0.5953,-8.97,0.05,30.4259,2.1298,32.5557,2.004,0.1403,34.7,32.3631,pt-price-st-2026-4-23.xlsx
2026-04-23,e20,GASOHOL95 E20,24.9313,,6.0,0.6,-2.05,0.05,29.5313,2.0672,31.5985,3.5995,0.252,35.45,32.3631,pt-price-st-2026-4-23.xlsx
2026-04-23,e85,GASOHOL95 E85,22.4968,,1.125,0.1125,1.94,0.05,25.7243,1.8007,27.525,3.6121,0.2529,31.39,32.3631,pt-price-st-2026-4-23.xlsx
2026-04-23,fo1500,FO 1500 (2) 2%S,19.9451,,0.64,0.064,0.06,0.05,20.7591,1.4531,22.2122,,,,32.3631,pt-price-st-2026-4-23.xlsx
2026-04-23,fo600,FO 600 (1) 2%S,22.0201,,0.64,0.064,0.06,0.05,22.8341,1.5984,24.4325,,,,32.3631,pt-price-st-2026-4-23.xlsx
2026-04-23,gh91,GASOHOL91,25.366,,6.75,0.675,3.13,0.05,35.971,2.518,38.489,3.3561,0.2349,42.08,32.3631,pt-price-st-2026-4-23.xlsx
2026-04-23,gh95,GASOHOL95 E10,25.7682,,6.75,0.675,3.13,0.05,36.3732,2.5461,38.9193,3.2997,0.231,42.45,32.3631,pt-price-st-2026-4-23.xlsx
2026-04-23,gl95,ULG95,26.3132,,7.5,0.75,10.42,0.05,45.0332,3.1523,48.1855,3.6023,0.2522,52.04,32.3631,pt-price-st-2026-4-23.xlsx
2026-04-23,lpg,LPG (BAHT/KILOGRAM),28.416,,2.17,0.217,-9.8851,0.0,20.9179,1.4643,22.3822,3.2566,0.228,25.8668,32.3631,pt-price-st-2026-4-23.xlsx
2026-04-24,ds,H-DIESEL,35.139,-5.0,6.92,0.692,-2.23,0.05,35.571,2.49,38.061,1.9991,0.1399,40.2,32.4656,pt-price-st-2026-4-24.xlsx
2026-04-24,dsb20,H-DIESEL B20,36.1083,-5.0,5.953,0.5953,-8.68,0.05,29.0266,2.0319,31.0585,2.0014,0.1401,33.2,32.4656,pt-price-st-2026-4-24.xlsx
2026-04-24,e20,GASOHOL95 E20,25.4447,,6.0,0.6,-2.56,0.05,29.5347,2.0674,31.6021,3.5962,0.2517,35.45,32.4656,pt-price-st-2026-4-24.xlsx
2026-04-24,e85,GASOHOL95 E85,22.6553,,1.125,0.1125,1.79,0.05,25.7328,1.8013,27.5341,3.6036,0.2523,31.39,32.4656,pt-price-st-2026-4-24.xlsx
2026-04-24,fo1500,FO 1500 (2) 2%S,20.766,,0.64,0.064,0.06,0.05,21.58,1.5106,23.0906,,,,32.4656,pt-price-st-2026-4-24.xlsx
2026-04-24,fo600,FO 600 (1) 2%S,22.9723,,0.64,0.064,0.06,0.05,23.7863,1.665,25.4513,,,,32.4656,pt-price-st-2026-4-24.xlsx
2026-04-24,gh91,GASOHOL91,25.9428,,6.75,0.675,2.55,0.05,35.9678,2.5177,38.4855,3.3593,0.2352,42.08,32.4656,pt-price-st-2026-4-24.xlsx
2026-04-24,gh95,GASOHOL95 E10,26.3462,,6.75,0.675,2.55,0.05,36.3712,2.546,38.9172,3.3017,0.2311,42.45,32.4656,pt-price-st-2026-4-24.xlsx
2026-04-24,gl95,ULG95,26.949,,7.5,0.75,9.79,0.05,45.039,3.1527,48.1917,3.5965,0.2518,52.04,32.4656,pt-price-st-2026-4-24.xlsx
2026-04-24,lpg,LPG (BAHT/KILOGRAM),28.416,,2.17,0.217,-9.8851,0.0,20.9179,1.4643,22.3822,3.2566,0.228,25.8668,32.4656,pt-price-st-2026-4-24.xlsx
2026-04-25,ds,H-DIESEL,35.139,-5.0,6.92,0.692,-2.23,0.05,35.571,2.49,38.061,1.9991,0.1399,40.2,32.4656,pt-price-st-2026-4-25.xlsx
2026-04-25,dsb20,H-DIESEL B20,36.1083,-5.0,5.953,0.5953,-8.68,0.05,29.0266,2.0319,31.0585,2.0014,0.1401,33.2,32.4656,pt-price-st-2026-4-25.xlsx
2026-04-25,e20,GASOHOL95 E20,25.4447,,6.0,0.6,-2.56,0.05,29.5347,2.0674,31.6021,3.5962,0.2517,35.45,32.4656,pt-price-st-2026-4-25.xlsx
2026-04-25,e85,GASOHOL95 E85,22.6553,,1.125,0.1125,1.79,0.05,25.7328,1.8013,27.5341,3.6036,0.2523,31.39,32.4656,pt-price-st-2026-4-25.xlsx
2026-04-25,fo1500,FO 1500 (2) 2%S,20.766,,0.64,0.064,0.06,0.05,21.58,1.5106,23.0906,,,,32.4656,pt-price-st-2026-4-25.xlsx
2026-04-25,fo600,FO 600 (1) 2%S,22.9723,,0.64,0.064,0.06,0.05,23.7863,1.665,25.4513,,,,32.4656,pt-price-st-2026-4-25.xlsx
2026-04-25,gh91,GASOHOL91,25.9428,,6.75,0.675,2.55,0.05,35.9678,2.5177,38.4855,3.3593,0.2352,42.08,32.4656,pt-price-st-2026-4-25.xlsx
2026-04-25,gh95,GASOHOL95 E10,26.3462,,6.75,0.675,2.55,0.05,36.3712,2.546,38.9172,3.3017,0.2311,42.45,32.4656,pt-price-st-2026-4-25.xlsx
2026-04-25,gl95,ULG95,26.949,,7.5,0.75,9.79,0.05,45.039,3.1527,48.1917,3.5965,0.2518,52.04,32.4656,pt-price-st-2026-4-25.xlsx
2026-04-25,lpg,LPG (BAHT/KILOGRAM),28.416,,2.17,0.217,-9.8851,0.0,20.9179,1.4643,22.3822,3.2566,0.228,25.8668,32.4656,pt-price-st-2026-4-25.xlsx
2026-04-26,ds,H-DIESEL,35.7539,-5.0,6.92,0.692,-2.23,0.05,36.1859,2.533,38.7189,1.3842,0.0969,40.2,32.6283,pt-price-st-2026-4-26.xlsx
2026-04-26,dsb20,H-DIESEL B20,36.6415,-5.0,5.953,0.5953,-8.68,0.05,29.5598,2.0692,31.629,1.4682,0.1028,33.2,32.6283,pt-price-st-2026-4-26.xlsx
2026-04-26,e20,GASOHOL95 E20,25.7682,,6.0,0.6,-2.56,0.05,29.8582,2.0901,31.9483,3.2726,0.2291,35.45,32.6283,pt-price-st-2026-4-26.xlsx
2026-04-26,e85,GASOHOL95 E85,22.7551,,1.125,0.1125,1.79,0.05,25.8326,1.8083,27.6409,3.5038,0.2453,31.39,32.6283,pt-price-st-2026-4-26.xlsx
2026-04-26,fo1500,FO 1500 (2) 2%S,21.6222,,0.64,0.064,0.06,0.05,22.4362,1.5705,24.0067,,,,32.6283,pt-price-st-2026-4-26.xlsx
2026-04-26,fo600,FO 600 (1) 2%S,23.7959,,0.64,0.064,0.06,0.05,24.6099,1.7227,26.3326,,,,32.6283,pt-price-st-2026-4-26.xlsx
2026-04-26,gh91,GASOHOL91,26.3063,,6.75,0.675,2.55,0.05,36.3313,2.5432,38.8745,2.9958,0.2097,42.08,32.6283,pt-price-st-2026-4-26.xlsx
2026-04-26,gh95,GASOHOL95 E10,26.7117,,6.75,0.675,2.55,0.05,36.7367,2.5716,39.3083,2.9362,0.2055,42.45,32.6283,pt-price-st-2026-4-26.xlsx
2026-04-26,gl95,ULG95,27.3513,,7.5,0.75,9.79,0.05,45.4413,3.1809,48.6222,3.1942,0.2236,52.04,32.6283,pt-price-st-2026-4-26.xlsx
2026-04-26,lpg,LPG (BAHT/KILOGRAM),28.416,,2.17,0.217,-9.8851,0.0,20.9179,1.4643,22.3822,3.2566,0.228,25.8668,32.6283,pt-price-st-2026-4-26.xlsx
2026-04-27,ds,H-DIESEL,35.6575,-5.0,6.92,0.692,-2.23,0.05,36.0895,2.5263,38.6158,1.4806,0.1036,40.2,32.6283,pt-price-st-2026-4-27.xlsx
2026-04-27,dsb20,H-DIESEL B20,36.3641,-5.0,5.953,0.5953,-8.68,0.05,29.2824,2.0498,31.3322,1.7456,0.1222,33.2,32.6283,pt-price-st-2026-4-27.xlsx
2026-04-27,e20,GASOHOL95 E20,25.7682,,6.0,0.6,-2.56,0.05,29.8582,2.0901,31.9483,3.2726,0.2291,35.45,32.6283,pt-price-st-2026-4-27.xlsx
2026-04-27,e85,GASOHOL95 E85,22.7551,,1.125,0.1125,1.79,0.05,25.8326,1.8083,27.6409,3.5038,0.2453,31.39,32.6283,pt-price-st-2026-4-27.xlsx
2026-04-27,fo1500,FO 1500 (2) 2%S,21.6222,,0.64,0.064,0.06,0.05,22.4362,1.5705,24.0067,,,,32.6283,pt-price-st-2026-4-27.xlsx
2026-04-27,fo600,FO 600 (1) 2%S,23.7959,,0.64,0.064,0.06,0.05,24.6099,1.7227,26.3326,,,,32.6283,pt-price-st-2026-4-27.xlsx
2026-04-27,gh91,GASOHOL91,26.3063,,6.75,0.675,2.55,0.05,36.3313,2.5432,38.8745,2.9958,0.2097,42.08,32.6283,pt-price-st-2026-4-27.xlsx
2026-04-27,gh95,GASOHOL95 E10,26.7117,,6.75,0.675,2.55,0.05,36.7367,2.5716,39.3083,2.9362,0.2055,42.45,32.6283,pt-price-st-2026-4-27.xlsx
2026-04-27,gl95,ULG95,27.3513,,7.5,0.75,9.79,0.05,45.4413,3.1809,48.6222,3.1942,0.2236,52.04,32.6283,pt-price-st-2026-4-27.xlsx
2026-04-27,lpg,LPG (BAHT/KILOGRAM),28.416,,2.17,0.217,-9.8851,0.0,20.9179,1.4643,22.3822,3.2566,0.228,25.8668,32.6283,pt-price-st-2026-4-27.xlsx
2026-04-28,ds,H-DIESEL,35.7857,-5.0,6.92,0.692,-2.88,0.05,35.5677,2.4897,38.0574,2.0024,0.1402,40.2,32.5107,pt-price-st-2026-4-28.xlsx
2026-04-28,dsb20,H-DIESEL B20,36.4753,-5.0,5.953,0.5953,-9.05,0.05,29.0236,2.0317,31.0553,2.0044,0.1403,33.2,32.5107,pt-price-st-2026-4-28.xlsx
2026-04-28,e20,GASOHOL95 E20,25.8953,,6.0,0.6,-3.01,0.05,29.5353,2.0675,31.6028,3.5955,0.2517,35.45,32.5107,pt-price-st-2026-4-28.xlsx
2026-04-28,e85,GASOHOL95 E85,22.7944,,1.125,0.1125,1.65,0.05,25.7319,1.8012,27.5331,3.6046,0.2523,31.39,32.5107,pt-price-st-2026-4-28.xlsx
2026-04-28,fo1500,FO 1500 (2) 2%S,21.8951,,0.64,0.064,0.06,0.05,22.7091,1.5896,24.2987,,,,32.5107,pt-price-st-2026-4-28.xlsx
2026-04-28,fo600,FO 600 (1) 2%S,24.0469,,0.64,0.064,0.06,0.05,24.8609,1.7403,26.6012,,,,32.5107,pt-price-st-2026-4-28.xlsx
2026-04-28,gh91,GASOHOL91,26.449,,6.75,0.675,2.05,0.05,35.974,2.5182,38.4922,3.3531,0.2347,42.08,32.5107,pt-price-st-2026-4-28.xlsx
2026-04-28,gh95,GASOHOL95 E10,26.8529,,6.75,0.675,2.05,0.05,36.3779,2.5465,38.9244,3.295,0.2306,42.45,32.5107,pt-price-st-2026-4-28.xlsx
2026-04-28,gl95,ULG95,27.5062,,7.5,0.75,9.23,0.05,45.0362,3.1525,48.1887,3.5993,0.252,52.04,32.5107,pt-price-st-2026-4-28.xlsx
2026-04-28,lpg,LPG (BAHT/KILOGRAM),28.416,,2.17,0.217,-9.8851,0.0,20.9179,1.4643,22.3822,3.2566,0.228,25.8668,32.5107,pt-price-st-2026-4-28.xlsx
2026-04-29,ds,H-DIESEL,35.1045,-5.0,6.92,0.692,-2.2,0.05,35.5665,2.4897,38.0562,2.0036,0.1402,40.2,32.5896,pt-price-st-2026-4-29.xlsx
2026-04-29,dsb20,H-DIESEL B20,35.8845,-5.0,5.953,0.5953,-8.45,0.05,29.0328,2.0323,31.0651,1.9952,0.1397,33.2,32.5896,pt-price-st-2026-4-29.xlsx
2026-04-29,e20,GASOHOL95 E20,25.857,,6.0,0.6,-2.98,0.05,29.527,2.0669,31.5939,3.6038,0.2523,35.45,32.5896,pt-price-st-2026-4-29.xlsx
2026-04-29,e85,GASOHOL95 E85,22.7825,,1.125,0.1125,1.67,0.05,25.74,1.8018,27.5418,3.5964,0.2518,31.39,32.5896,pt-price-st-2026-4-29.xlsx
2026-04-29,fo1500,FO 1500 (2) 2%S,22.4324,,0.64,0.064,0.06,0.05,23.2464,1.6272,24.8736,,,,32.5896,pt-price-st-2026-4-29.xlsx
2026-04-29,fo600,FO 600 (1) 2%S,24.3759,,0.64,0.064,0.06,0.05,25.1899,1.7633,26.9532,,,,32.5896,pt-price-st-2026-4-29.xlsx
2026-04-29,gh91,GASOHOL91,26.406,,6.75,0.675,2.09,0.05,35.971,2.518,38.489,3.3561,0.2349,42.08,32.5896,pt-price-st-2026-4-29.xlsx
2026-04-29,gh95,GASOHOL95 E10,26.8109,,6.75,0.675,2.09,0.05,36.3759,2.5463,38.9222,3.297,0.2308,42.45,32.5896,pt-price-st-2026-4-29.xlsx
2026-04-29,gl95,ULG95,27.4603,,7.5,0.75,9.28,0.05,45.0403,3.1528,48.1931,3.5952,0.2517,52.04,32.5896,pt-price-st-2026-4-29.xlsx
2026-04-29,lpg,LPG (BAHT/KILOGRAM),28.416,,2.17,0.217,-9.8851,0.0,20.9179,1.4643,22.3822,3.2566,0.228,25.8668,32.5896,pt-price-st-2026-4-29.xlsx
2026-04-30,ds,H-DIESEL,35.0868,-5.0,6.92,0.692,-2.18,0.05,35.5688,2.4898,38.0586,2.0013,0.1401,40.2,32.7284,pt-price-st-2026-4-30.xlsx
2026-04-30,dsb20,H-DIESEL B20,35.8692,-5.0,5.953,0.5953,-8.44,0.05,29.0275,2.0319,31.0594,2.0006,0.14,33.2,32.7284,pt-price-st-2026-4-30.xlsx
2026-04-30,e20,GASOHOL95 E20,26.1428,,6.0,0.6,-3.26,0.05,29.5328,2.0673,31.6001,3.598,0.2519,35.45,32.7284,pt-price-st-2026-4-30.xlsx
2026-04-30,e85,GASOHOL95 E85,22.8708,,1.125,0.1125,1.58,0.05,25.7383,1.8017,27.54,3.5981,0.2519,31.39,32.7284,pt-price-st-2026-4-30.xlsx
2026-04-30,fo1500,FO 1500 (2) 2%S,22.6664,,0.64,0.064,0.06,0.05,23.4804,1.6436,25.124,,,,32.7284,pt-price-st-2026-4-30.xlsx
2026-04-30,fo600,FO 600 (1) 2%S,24.5681,,0.64,0.064,0.06,0.05,25.3821,1.7767,27.1588,,,,32.7284,pt-price-st-2026-4-30.xlsx
2026-04-30,gh91,GASOHOL91,26.7271,,6.75,0.675,1.76,0.05,35.9621,2.5173,38.4794,3.365,0.2356,42.08,32.7284,pt-price-st-2026-4-30.xlsx
2026-04-30,gh95,GASOHOL95 E10,27.1338,,6.75,0.675,1.76,0.05,36.3688,2.5458,38.9146,3.3041,0.2313,42.45,32.7284,pt-price-st-2026-4-30.xlsx
2026-04-30,gl95,ULG95,27.8157,,7.5,0.75,8.92,0.05,45.0357,3.1525,48.1882,3.5998,0.252,52.04,32.7284,pt-price-st-2026-4-30.xlsx
2026-04-30,lpg,LPG (BAHT/KILOGRAM),28.416,,2.17,0.217,-9.8851,0.0,20.9179,1.4643,22.3822,3.2566,0.228,25.8668,32.7284,pt-price-st-2026-4-30.xlsx
2026-05-01,ds,H-DIESEL,36.5842,-5.0,6.92,0.692,-3.12,0.05,36.1262,2.5288,38.655,2.0047,0.1403,40.8,32.9252,pt-price-st-2026-5-1.xlsx
2026-05-01,dsb20,H-DIESEL B20,37.1678,-5.0,5.953,0.5953,-9.18,0.05,29.5861,2.071,31.6571,2.0027,0.1402,33.8,32.9252,pt-price-st-2026-5-1.xlsx
2026-05-01,e20,GASOHOL95 E20,26.9116,,6.0,0.6,-3.26,0.05,30.3016,2.1211,32.4227,3.6236,0.2537,36.3,32.9252,pt-price-st-2026-5-1.xlsx
2026-05-01,e85,GASOHOL95 E85,23.5021,,1.125,0.1125,1.58,0.05,26.3696,1.8459,28.2155,3.7612,0.2633,32.24,32.9252,pt-price-st-2026-5-1.xlsx
2026-05-01,fo1500,FO 1500 (2) 2%S,23.2796,,0.64,0.064,0.06,0.05,24.0936,1.6866,25.7802,,,,32.9252,pt-price-st-2026-5-1.xlsx
2026-05-01,fo600,FO 600 (1) 2%S,25.3438,,0.64,0.064,0.06,0.05,26.1578,1.831,27.9888,,,,32.9252,pt-price-st-2026-5-1.xlsx
2026-05-01,gh91,GASOHOL91,27.5204,,6.75,0.675,1.76,0.05,36.7554,2.5729,39.3283,3.3661,0.2356,42.93,32.9252,pt-price-st-2026-5-1.xlsx
2026-05-01,gh95,GASOHOL95 E10,27.9295,,6.75,0.675,1.76,0.05,37.1645,2.6015,39.766,3.3028,0.2312,43.3,32.9252,pt-price-st-2026-5-1.xlsx
2026-05-01,gl95,ULG95,28.6347,,7.5,0.75,8.92,0.05,45.8547,3.2098,49.0645,3.5752,0.2503,52.89,32.9252,pt-price-st-2026-5-1.xlsx
2026-05-01,lpg,LPG (BAHT/KILOGRAM),28.416,,2.17,0.217,-9.8851,0.0,20.9179,1.4643,22.3822,3.2566,0.228,25.8668,32.9252,pt-price-st-2026-5-1.xlsx
2026-05-02,ds,H-DIESEL,36.5842,-5.0,6.92,0.692,-3.12,0.05,36.1262,2.5288,38.655,2.0047,0.1403,40.8,32.9252,pt-price-st-2026-5-2.xlsx
2026-05-02,dsb20,H-DIESEL B20,37.1678,-5.0,5.953,0.5953,-9.18,0.05,29.5861,2.071,31.6571,2.0027,0.1402,33.8,32.9252,pt-price-st-2026-5-2.xlsx
2026-05-02,e20,GASOHOL95 E20,26.9116,,6.0,0.6,-3.26,0.05,30.3016,2.1211,32.4227,3.6236,0.2537,36.3,32.9252,pt-price-st-2026-5-2.xlsx
2026-05-02,e85,GASOHOL95 E85,23.5021,,1.125,0.1125,1.58,0.05,26.3696,1.8459,28.2155,3.7612,0.2633,32.24,32.9252,pt-price-st-2026-5-2.xlsx
2026-05-02,fo1500,FO 1500 (2) 2%S,23.2796,,0.64,0.064,0.06,0.05,24.0936,1.6866,25.7802,,,,32.9252,pt-price-st-2026-5-2.xlsx
2026-05-02,fo600,FO 600 (1) 2%S,25.3438,,0.64,0.064,0.06,0.05,26.1578,1.831,27.9888,,,,32.9252,pt-price-st-2026-5-2.xlsx
2026-05-02,gh91,GASOHOL91,27.5204,,6.75,0.675,1.76,0.05,36.7554,2.5729,39.3283,3.3661,0.2356,42.93,32.9252,pt-price-st-2026-5-2.xlsx
2026-05-02,gh95,GASOHOL95 E10,27.9295,,6.75,0.675,1.76,0.05,37.1645,2.6015,39.766,3.3028,0.2312,43.3,32.9252,pt-price-st-2026-5-2.xlsx
2026-05-02,gl95,ULG95,28.6347,,7.5,0.75,8.92,0.05,45.8547,3.2098,49.0645,3.5752,0.2503,52.89,32.9252,pt-price-st-2026-5-2.xlsx
2026-05-02,lpg,LPG (BAHT/KILOGRAM),29.8352,,2.17,0.217,-11.3043,0.0,20.9179,1.4643,22.3822,3.2566,0.228,25.8668,32.9252,pt-price-st-2026-5-2.xlsx
2026-05-03,ds,H-DIESEL,36.5842,-5.0,6.92,0.692,-3.12,0.05,36.1262,2.5288,38.655,2.0047,0.1403,40.8,32.9252,pt-price-st-2026-5-3.xlsx
2026-05-03,dsb20,H-DIESEL B20,37.1678,-5.0,5.953,0.5953,-9.18,0.05,29.5861,2.071,31.6571,2.0027,0.1402,33.8,32.9252,pt-price-st-2026-5-3.xlsx
2026-05-03,e20,GASOHOL95 E20,26.9116,,6.0,0.6,-3.26,0.05,30.3016,2.1211,32.4227,3.6236,0.2537,36.3,32.9252,pt-price-st-2026-5-3.xlsx
2026-05-03,e85,GASOHOL95 E85,23.5021,,1.125,0.1125,1.58,0.05,26.3696,1.8459,28.2155,3.7612,0.2633,32.24,32.9252,pt-price-st-2026-5-3.xlsx
2026-05-03,fo1500,FO 1500 (2) 2%S,23.2796,,0.64,0.064,0.06,0.05,24.0936,1.6866,25.7802,,,,32.9252,pt-price-st-2026-5-3.xlsx
2026-05-03,fo600,FO 600 (1) 2%S,25.3438,,0.64,0.064,0.06,0.05,26.1578,1.831,27.9888,,,,32.9252,pt-price-st-2026-5-3.xlsx
2026-05-03,gh91,GASOHOL91,27.5204,,6.75,0.675,1.76,0.05,36.7554,2.5729,39.3283,3.3661,0.2356,42.93,32.9252,pt-price-st-2026-5-3.xlsx
2026-05-03,gh95,GASOHOL95 E10,27.9295,,6.75,0.675,1.76,0.05,37.1645,2.6015,39.766,3.3028,0.2312,43.3,32.9252,pt-price-st-2026-5-3.xlsx
2026-05-03,gl95,ULG95,28.6347,,7.5,0.75,8.92,0.05,45.8547,3.2098,49.0645,3.5752,0.2503,52.89,32.9252,pt-price-st-2026-5-3.xlsx
2026-05-03,lpg,LPG (BAHT/KILOGRAM),29.8352,,2.17,0.217,-11.3043,0.0,20.9179,1.4643,22.3822,3.2566,0.228,25.8668,32.9252,pt-price-st-2026-5-3.xlsx
2026-05-04,ds,H-DIESEL,36.4931,-5.0,6.92,0.692,-3.12,0.05,36.0351,2.5225,38.5576,2.0957,0.1467,40.8,32.9252,pt-price-st-2026-5-4.xlsx
2026-05-04,dsb20,H-DIESEL B20,36.9056,-5.0,5.953,0.5953,-9.18,0.05,29.3239,2.0527,31.3766,2.2649,0.1585,33.8,32.9252,pt-price-st-2026-5-4.xlsx
2026-05-04,e20,GASOHOL95 E20,26.9116,,6.0,0.6,-3.26,0.05,30.3016,2.1211,32.4227,3.6236,0.2537,36.3,32.9252,pt-price-st-2026-5-4.xlsx
2026-05-04,e85,GASOHOL95 E85,23.5021,,1.125,0.1125,1.58,0.05,26.3696,1.8459,28.2155,3.7612,0.2633,32.24,32.9252,pt-price-st-2026-5-4.xlsx
2026-05-04,fo1500,FO 1500 (2) 2%S,23.2796,,0.64,0.064,0.06,0.05,24.0936,1.6866,25.7802,,,,32.9252,pt-price-st-2026-5-4.xlsx
2026-05-04,fo600,FO 600 (1) 2%S,25.3438,,0.64,0.064,0.06,0.05,26.1578,1.831,27.9888,,,,32.9252,pt-price-st-2026-5-4.xlsx
2026-05-04,gh91,GASOHOL91,27.5204,,6.75,0.675,1.76,0.05,36.7554,2.5729,39.3283,3.3661,0.2356,42.93,32.9252,pt-price-st-2026-5-4.xlsx
2026-05-04,gh95,GASOHOL95 E10,27.9295,,6.75,0.675,1.76,0.05,37.1645,2.6015,39.766,3.3028,0.2312,43.3,32.9252,pt-price-st-2026-5-4.xlsx
2026-05-04,gl95,ULG95,28.6347,,7.5,0.75,8.92,0.05,45.8547,3.2098,49.0645,3.5752,0.2503,52.89,32.9252,pt-price-st-2026-5-4.xlsx
2026-05-04,lpg,LPG (BAHT/KILOGRAM),29.8352,,2.17,0.217,-11.3043,0.0,20.9179,1.4643,22.3822,3.2566,0.228,25.8668,32.9252,pt-price-st-2026-5-4.xlsx
2026-05-05,ds,H-DIESEL,34.7934,-5.0,6.92,0.692,-1.32,0.05,36.1354,2.5295,38.6649,1.9954,0.1397,40.8,32.9252,pt-price-st-2026-5-5.xlsx
2026-05-05,dsb20,H-DIESEL B20,35.4315,-5.0,5.953,0.5953,-7.44,0.05,29.5898,2.0713,31.6611,1.999,0.1399,33.8,32.9252,pt-price-st-2026-5-5.xlsx
2026-05-05,e20,GASOHOL95 E20,26.6324,,6.0,0.6,-2.96,0.05,30.3224,2.1226,32.445,3.6028,0.2522,36.3,32.9252,pt-price-st-2026-5-5.xlsx
2026-05-05,e85,GASOHOL95 E85,23.4159,,1.125,0.1125,1.83,0.05,26.5334,1.8573,28.3907,3.5975,0.2518,32.24,32.9252,pt-price-st-2026-5-5.xlsx
2026-05-05,fo1500,FO 1500 (2) 2%S,22.9359,,0.64,0.064,0.06,0.05,23.7499,1.6625,25.4124,,,,32.9252,pt-price-st-2026-5-5.xlsx
2026-05-05,fo600,FO 600 (1) 2%S,24.7573,,0.64,0.064,0.06,0.05,25.5713,1.79,27.3613,,,,32.9252,pt-price-st-2026-5-5.xlsx
2026-05-05,gh91,GASOHOL91,27.2068,,6.75,0.675,2.08,0.05,36.7618,2.5733,39.3351,3.3597,0.2352,42.93,32.9252,pt-price-st-2026-5-5.xlsx
2026-05-05,gh95,GASOHOL95 E10,27.6158,,6.75,0.675,2.08,0.05,37.1708,2.602,39.7728,3.2964,0.2308,43.3,32.9252,pt-price-st-2026-5-5.xlsx
2026-05-05,gl95,ULG95,28.2898,,7.5,0.75,9.24,0.05,45.8298,3.2081,49.0379,3.6001,0.252,52.89,32.9252,pt-price-st-2026-5-5.xlsx
2026-05-05,lpg,LPG (BAHT/KILOGRAM),29.8352,,2.17,0.217,-11.3043,0.0,20.9179,1.4643,22.3822,3.2566,0.228,25.8668,32.9252,pt-price-st-2026-5-5.xlsx
2026-05-06,ds,H-DIESEL,33.6576,-5.0,6.92,0.692,-0.19,0.05,36.1296,2.5291,38.6587,2.0012,0.1401,40.8,32.9011,pt-price-st-2026-5-6.xlsx
2026-05-06,dsb20,H-DIESEL B20,34.4465,-5.0,5.953,0.5953,-6.46,0.05,29.5848,2.0709,31.6557,2.004,0.1403,33.8,32.9011,pt-price-st-2026-5-6.xlsx
2026-05-06,e20,GASOHOL95 E20,26.8593,,6.0,0.6,-3.18,0.05,30.3293,2.1231,32.4524,3.5959,0.2517,36.3,32.9011,pt-price-st-2026-5-6.xlsx
2026-05-06,e85,GASOHOL95 E85,23.4859,,1.125,0.1125,1.76,0.05,26.5335,1.8573,28.3908,3.5974,0.2518,32.24,32.9011,pt-price-st-2026-5-6.xlsx
2026-05-06,fo1500,FO 1500 (2) 2%S,23.7151,,0.64,0.064,0.06,0.05,24.5291,1.717,26.2461,,,,32.9011,pt-price-st-2026-5-6.xlsx
2026-05-06,fo600,FO 600 (1) 2%S,25.2088,,0.64,0.064,0.06,0.05,26.0228,1.8216,27.8444,,,,32.9011,pt-price-st-2026-5-6.xlsx
2026-05-06,gh91,GASOHOL91,27.4617,,6.75,0.675,1.82,0.05,36.7567,2.573,39.3297,3.3648,0.2355,42.93,32.9011,pt-price-st-2026-5-6.xlsx
2026-05-06,gh95,GASOHOL95 E10,27.8704,,6.75,0.675,1.82,0.05,37.1654,2.6016,39.767,3.3019,0.2311,43.3,32.9011,pt-price-st-2026-5-6.xlsx
2026-05-06,gl95,ULG95,28.5697,,7.5,0.75,8.96,0.05,45.8297,3.2081,49.0378,3.6002,0.252,52.89,32.9011,pt-price-st-2026-5-6.xlsx
2026-05-06,lpg,LPG (BAHT/KILOGRAM),29.8352,,2.17,0.217,-11.3043,0.0,20.9179,1.4643,22.3822,3.2566,0.228,25.8668,32.9011,pt-price-st-2026-5-6.xlsx
2026-05-07,ds,H-DIESEL,32.9255,-5.0,6.92,0.692,0.54,0.05,36.1275,2.5289,38.6564,2.0034,0.1402,40.8,32.6326,pt-price-st-2026-5-7.xlsx
2026-05-07,dsb20,H-DIESEL B20,33.8117,-5.0,5.953,0.5953,-5.82,0.05,29.59,2.0713,31.6613,1.9988,0.1399,33.8,32.6326,pt-price-st-2026-5-7.xlsx
2026-05-07,e20,GASOHOL95 E20,26.5567,,6.0,0.6,-2.88,0.05,30.3267,2.1229,32.4496,3.5985,0.2519,36.3,32.6326,pt-price-st-2026-5-7.xlsx
2026-05-07,e85,GASOHOL95 E85,23.3926,,1.125,0.1125,1.85,0.05,26.5301,1.8571,28.3872,3.6007,0.2521,32.24,32.6326,pt-price-st-2026-5-7.xlsx
2026-05-07,fo1500,FO 1500 (2) 2%S,24.2163,,0.64,0.064,0.06,0.05,25.0303,1.7521,26.7824,,,,32.6326,pt-price-st-2026-5-7.xlsx
2026-05-07,fo600,FO 600 (1) 2%S,25.4996,,0.64,0.064,0.06,0.05,26.3136,1.842,28.1556,,,,32.6326,pt-price-st-2026-5-7.xlsx
2026-05-07,gh91,GASOHOL91,27.1218,,6.75,0.675,2.17,0.05,36.7668,2.5737,39.3405,3.3547,0.2348,42.93,32.6326,pt-price-st-2026-5-7.xlsx
2026-05-07,gh95,GASOHOL95 E10,27.5273,,6.75,0.675,2.17,0.05,37.1723,2.6021,39.7744,3.295,0.2306,43.3,32.6326,pt-price-st-2026-5-7.xlsx
2026-05-07,gl95,ULG95,28.1915,,7.5,0.75,9.34,0.05,45.8315,3.2082,49.0397,3.5984,0.2519,52.89,32.6326,pt-price-st-2026-5-7.xlsx
2026-05-07,lpg,LPG (BAHT/KILOGRAM),29.8352,,2.17,0.217,-11.3043,0.0,20.9179,1.4643,22.3822,3.2566,0.228,25.8668,32.6326,pt-price-st-2026-5-7.xlsx
2026-05-08,ds,H-DIESEL,31.5033,-5.0,6.92,0.692,1.17,0.05,35.3353,2.4735,37.8088,2.0011,0.1401,39.95,32.4105,pt-price-st-2026-5-8.xlsx
2026-05-08,dsb20,H-DIESEL B20,32.5783,-5.0,5.953,0.5953,-5.38,0.05,28.7966,2.0158,30.8124,1.9978,0.1398,32.95,32.4105,pt-price-st-2026-5-8.xlsx
2026-05-08,e20,GASOHOL95 E20,25.4859,,6.0,0.6,-2.61,0.05,29.5259,2.0668,31.5927,3.605,0.2523,35.45,32.4105,pt-price-st-2026-5-8.xlsx
2026-05-08,e85,GASOHOL95 E85,23.0621,,1.125,0.1125,1.39,0.05,25.7396,1.8018,27.5414,3.5968,0.2518,31.39,32.4105,pt-price-st-2026-5-8.xlsx
2026-05-08,fo1500,FO 1500 (2) 2%S,22.9721,,0.64,0.064,0.06,0.05,23.7861,1.665,25.4511,,,,32.4105,pt-price-st-2026-5-8.xlsx
2026-05-08,fo600,FO 600 (1) 2%S,24.2096,,0.64,0.064,0.06,0.05,25.0236,1.7517,26.7753,,,,32.4105,pt-price-st-2026-5-8.xlsx
2026-05-08,gh91,GASOHOL91,25.9188,,6.75,0.675,2.58,0.05,35.9738,2.5182,38.492,3.3533,0.2347,42.08,32.4105,pt-price-st-2026-5-8.xlsx
2026-05-08,gh95,GASOHOL95 E10,26.3215,,6.75,0.675,2.58,0.05,36.3765,2.5464,38.9229,3.2964,0.2307,42.45,32.4105,pt-price-st-2026-5-8.xlsx
2026-05-08,gl95,ULG95,26.8653,,7.5,0.75,9.87,0.05,45.0353,3.1525,48.1878,3.6002,0.252,52.04,32.4105,pt-price-st-2026-5-8.xlsx
2026-05-08,lpg,LPG (BAHT/KILOGRAM),29.8352,,2.17,0.217,-11.3043,0.0,20.9179,1.4643,22.3822,3.2566,0.228,25.8668,32.4105,pt-price-st-2026-5-8.xlsx
2026-05-10,ds,H-DIESEL,31.5459,-3.0,6.92,0.692,-0.87,0.05,35.3379,2.4737,37.8116,1.9985,0.1399,39.95,32.4154,pt-price-st-2026-5-10.xlsx
2026-05-10,dsb20,H-DIESEL B20,32.6152,-3.0,5.953,0.5953,-7.42,0.05,28.7935,2.0155,30.809,2.0009,0.1401,32.95,32.4154,pt-price-st-2026-5-10.xlsx
2026-05-10,e20,GASOHOL95 E20,24.8331,,6.0,0.6,-1.95,0.05,29.5331,2.0673,31.6004,3.5978,0.2518,35.45,32.4154,pt-price-st-2026-5-10.xlsx
2026-05-10,e85,GASOHOL95 E85,22.8606,,1.125,0.1125,1.59,0.05,25.7381,1.8017,27.5398,3.5983,0.2519,31.39,32.4154,pt-price-st-2026-5-10.xlsx
2026-05-10,fo1500,FO 1500 (2) 2%S,22.0286,,0.64,0.064,0.06,0.05,22.8426,1.599,24.4416,,,,32.4154,pt-price-st-2026-5-10.xlsx
2026-05-10,fo600,FO 600 (1) 2%S,23.4284,,0.64,0.064,0.06,0.05,24.2424,1.697,25.9394,,,,32.4154,pt-price-st-2026-5-10.xlsx
2026-05-10,gh91,GASOHOL91,25.1853,,6.75,0.675,3.31,0.05,35.9703,2.5179,38.4882,3.3568,0.235,42.08,32.4154,pt-price-st-2026-5-10.xlsx
2026-05-10,gh95,GASOHOL95 E10,25.588,,6.75,0.675,3.31,0.05,36.373,2.5461,38.9191,3.2999,0.231,42.45,32.4154,pt-price-st-2026-5-10.xlsx
2026-05-10,gl95,ULG95,26.0589,,7.5,0.75,10.68,0.05,45.0389,3.1527,48.1916,3.5966,0.2518,52.04,32.4154,pt-price-st-2026-5-10.xlsx
2026-05-10,lpg,LPG (BAHT/KILOGRAM),29.8352,,2.17,0.217,-11.3043,0.0,20.9179,1.4643,22.3822,3.2566,0.228,25.8668,32.4154,pt-price-st-2026-5-10.xlsx
2026-05-11,ds,H-DIESEL,31.5281,-3.0,6.92,0.692,-0.87,0.05,35.3201,2.4724,37.7925,2.0164,0.1411,39.95,32.4154,pt-price-st-2026-5-11.xlsx
2026-05-11,dsb20,H-DIESEL B20,32.5639,-3.0,5.953,0.5953,-7.42,0.05,28.7422,2.012,30.7542,2.0521,0.1437,32.95,32.4154,pt-price-st-2026-5-11.xlsx
2026-05-11,e20,GASOHOL95 E20,24.8331,,6.0,0.6,-1.95,0.05,29.5331,2.0673,31.6004,3.5978,0.2518,35.45,32.4154,pt-price-st-2026-5-11.xlsx
2026-05-11,e85,GASOHOL95 E85,22.8606,,1.125,0.1125,1.59,0.05,25.7381,1.8017,27.5398,3.5983,0.2519,31.39,32.4154,pt-price-st-2026-5-11.xlsx
2026-05-11,fo1500,FO 1500 (2) 2%S,22.0286,,0.64,0.064,0.06,0.05,22.8426,1.599,24.4416,,,,32.4154,pt-price-st-2026-5-11.xlsx
2026-05-11,fo600,FO 600 (1) 2%S,23.4284,,0.64,0.064,0.06,0.05,24.2424,1.697,25.9394,,,,32.4154,pt-price-st-2026-5-11.xlsx
2026-05-11,gh91,GASOHOL91,25.1853,,6.75,0.675,3.31,0.05,35.9703,2.5179,38.4882,3.3568,0.235,42.08,32.4154,pt-price-st-2026-5-11.xlsx
2026-05-11,gh95,GASOHOL95 E10,25.588,,6.75,0.675,3.31,0.05,36.373,2.5461,38.9191,3.2999,0.231,42.45,32.4154,pt-price-st-2026-5-11.xlsx
2026-05-11,gl95,ULG95,26.0589,,7.5,0.75,10.68,0.05,45.0389,3.1527,48.1916,3.5966,0.2518,52.04,32.4154,pt-price-st-2026-5-11.xlsx
2026-05-11,lpg,LPG (BAHT/KILOGRAM),29.8352,,2.17,0.217,-11.3043,0.0,20.9179,1.4643,22.3822,3.2566,0.228,25.8668,32.4154,pt-price-st-2026-5-11.xlsx
2026-05-12,ds,H-DIESEL,32.0734,-3.0,6.92,0.692,-1.4,0.05,35.3354,2.4735,37.8089,2.001,0.1401,39.95,32.4722,pt-price-st-2026-5-12.xlsx
2026-05-12,dsb20,H-DIESEL B20,33.0368,-3.0,5.953,0.5953,-7.84,0.05,28.7951,2.0157,30.8108,1.9993,0.1399,32.95,32.4722,pt-price-st-2026-5-12.xlsx
2026-05-12,e20,GASOHOL95 E20,25.2825,,6.0,0.6,-2.4,0.05,29.5325,2.0673,31.5998,3.5983,0.2519,35.45,32.4722,pt-price-st-2026-5-12.xlsx
2026-05-12,e85,GASOHOL95 E85,22.9993,,1.125,0.1125,1.45,0.05,25.7368,1.8016,27.5384,3.5996,0.252,31.39,32.4722,pt-price-st-2026-5-12.xlsx
2026-05-12,fo1500,FO 1500 (2) 2%S,22.2606,,0.64,0.064,0.06,0.05,23.0746,1.6152,24.6898,,,,32.4722,pt-price-st-2026-5-12.xlsx
2026-05-12,fo600,FO 600 (1) 2%S,23.7181,,0.64,0.064,0.06,0.05,24.5321,1.7172,26.2493,,,,32.4722,pt-price-st-2026-5-12.xlsx
2026-05-12,gh91,GASOHOL91,25.6903,,6.75,0.675,2.8,0.05,35.9653,2.5176,38.4829,3.3618,0.2353,42.08,32.4722,pt-price-st-2026-5-12.xlsx
2026-05-12,gh95,GASOHOL95 E10,26.0937,,6.75,0.675,2.8,0.05,36.3687,2.5458,38.9145,3.3042,0.2313,42.45,32.4722,pt-price-st-2026-5-12.xlsx
2026-05-12,gl95,ULG95,26.6151,,7.5,0.75,10.12,0.05,45.0351,3.1525,48.1876,3.6004,0.252,52.04,32.4722,pt-price-st-2026-5-12.xlsx
2026-05-12,lpg,LPG (BAHT/KILOGRAM),29.8352,,2.17,0.217,-11.3043,0.0,20.9179,1.4643,22.3822,3.2566,0.228,25.8668,32.4722,pt-price-st-2026-5-12.xlsx
2026-05-13,ds,H-DIESEL,32.8932,-3.0,6.92,0.692,-1.4,0.05,36.1552,2.5309,38.6861,1.9289,0.135,40.75,32.5074,pt-price-st-2026-5-13.xlsx
2026-05-13,dsb20,H-DIESEL B20,33.7478,-3.0,5.953,0.5953,-7.84,0.05,29.5061,2.0654,31.5715,2.036,0.1425,33.75,32.5074,pt-price-st-2026-5-13.xlsx
2026-05-13,e20,GASOHOL95 E20,26.131,,6.0,0.6,-2.4,0.05,30.381,2.1267,32.5077,3.5909,0.2514,36.35,32.5074,pt-price-st-2026-5-13.xlsx
2026-05-13,e85,GASOHOL95 E85,23.2612,,1.125,0.1125,1.45,0.05,25.9987,1.8199,27.8186,4.1789,0.2925,32.29,32.5074,pt-price-st-2026-5-13.xlsx
2026-05-13,fo1500,FO 1500 (2) 2%S,22.6132,,0.64,0.064,0.06,0.05,23.4272,1.6399,25.0671,,,,32.5074,pt-price-st-2026-5-13.xlsx
2026-05-13,fo600,FO 600 (1) 2%S,24.148,,0.64,0.064,0.06,0.05,24.962,1.7473,26.7093,,,,32.5074,pt-price-st-2026-5-13.xlsx
2026-05-13,gh91,GASOHOL91,26.6435,,6.75,0.675,2.8,0.05,36.9185,2.5843,39.5028,3.2497,0.2275,42.98,32.5074,pt-price-st-2026-5-13.xlsx
2026-05-13,gh95,GASOHOL95 E10,27.0473,,6.75,0.675,2.8,0.05,37.3223,2.6126,39.9349,3.1917,0.2234,43.35,32.5074,pt-price-st-2026-5-13.xlsx
2026-05-13,gl95,ULG95,27.6635,,7.5,0.75,10.12,0.05,46.0835,3.2258,49.3093,3.3932,0.2375,52.94,32.5074,pt-price-st-2026-5-13.xlsx
2026-05-13,lpg,LPG (BAHT/KILOGRAM),29.8352,,2.17,0.217,-11.3043,0.0,20.9179,1.4643,22.3822,3.2566,0.228,25.8668,32.5074,pt-price-st-2026-5-13.xlsx
2026-05-14,ds,H-DIESEL,33.8811,-3.0,6.92,0.692,-1.8,0.05,36.7431,2.572,39.3151,1.9952,0.1397,41.45,32.5383,pt-price-st-2026-5-14.xlsx
2026-05-14,dsb20,H-DIESEL B20,34.6045,-3.0,5.953,0.5953,-8.01,0.05,30.1928,2.1135,32.3063,2.0035,0.1402,34.45,32.5383,pt-price-st-2026-5-14.xlsx
2026-05-14,e20,GASOHOL95 E20,26.6539,,6.0,0.6,-2.28,0.05,31.0239,2.1717,33.1956,3.6022,0.2522,37.05,32.5383,pt-price-st-2026-5-14.xlsx
2026-05-14,e85,GASOHOL95 E85,23.4226,,1.125,0.1125,2.52,0.05,27.2301,1.9061,29.1362,3.6017,0.2521,32.99,32.5383,pt-price-st-2026-5-14.xlsx
2026-05-14,fo1500,FO 1500 (2) 2%S,22.5813,,0.64,0.064,0.06,0.05,23.3953,1.6377,25.033,,,,32.5383,pt-price-st-2026-5-14.xlsx
2026-05-14,fo600,FO 600 (1) 2%S,24.2952,,0.64,0.064,0.06,0.05,25.1092,1.7576,26.8668,,,,32.5383,pt-price-st-2026-5-14.xlsx
2026-05-14,gh91,GASOHOL91,27.2309,,6.75,0.675,2.76,0.05,37.4659,2.6226,40.0885,3.3565,0.235,43.68,32.5383,pt-price-st-2026-5-14.xlsx
2026-05-14,gh95,GASOHOL95 E10,27.6351,,6.75,0.675,2.76,0.05,37.8701,2.6509,40.521,3.2981,0.2309,44.05,32.5383,pt-price-st-2026-5-14.xlsx
2026-05-14,gl95,ULG95,28.3098,,7.5,0.75,9.92,0.05,46.5298,3.2571,49.7869,3.601,0.2521,53.64,32.5383,pt-price-st-2026-5-14.xlsx
2026-05-14,lpg,LPG (BAHT/KILOGRAM),29.8352,,2.17,0.217,-11.3043,0.0,20.9179,1.4643,22.3822,3.2566,0.228,25.8668,32.5383,pt-price-st-2026-5-14.xlsx
2026-05-15,ds,H-DIESEL,33.7283,-3.0,6.92,0.692,-1.65,0.05,36.7403,2.5718,39.3121,1.998,0.1399,41.45,32.5035,pt-price-st-2026-5-15.xlsx
2026-05-15,dsb20,H-DIESEL B20,34.472,-3.0,5.953,0.5953,-7.87,0.05,30.2003,2.114,32.3143,1.996,0.1397,34.45,32.5035,pt-price-st-2026-5-15.xlsx
2026-05-15,e20,GASOHOL95 E20,26.9796,,6.0,0.6,-2.6,0.05,31.0296,2.1721,33.2017,3.5965,0.2518,37.05,32.5035,pt-price-st-2026-5-15.xlsx
2026-05-15,e85,GASOHOL95 E85,23.5231,,1.125,0.1125,2.42,0.05,27.2306,1.9061,29.1367,3.6012,0.2521,32.99,32.5035,pt-price-st-2026-5-15.xlsx
2026-05-15,fo1500,FO 1500 (2) 2%S,22.744,,0.64,0.064,0.06,0.05,23.558,1.6491,25.2071,,,,32.5035,pt-price-st-2026-5-15.xlsx
2026-05-15,fo600,FO 600 (1) 2%S,24.4044,,0.64,0.064,0.06,0.05,25.2184,1.7653,26.9837,,,,32.5035,pt-price-st-2026-5-15.xlsx
2026-05-15,gh91,GASOHOL91,27.5969,,6.75,0.675,2.39,0.05,37.4619,2.6223,40.0842,3.3606,0.2352,43.68,32.5035,pt-price-st-2026-5-15.xlsx
2026-05-15,gh95,GASOHOL95 E10,28.0007,,6.75,0.675,2.39,0.05,37.8657,2.6506,40.5163,3.3025,0.2312,44.05,32.5035,pt-price-st-2026-5-15.xlsx
2026-05-15,gl95,ULG95,28.7116,,7.5,0.75,9.52,0.05,46.5316,3.2572,49.7888,3.5993,0.2519,53.64,32.5035,pt-price-st-2026-5-15.xlsx
2026-05-15,lpg,LPG (BAHT/KILOGRAM),29.8352,,2.17,0.217,-11.3043,0.0,20.9179,1.4643,22.3822,3.2566,0.228,25.8668,32.5035,pt-price-st-2026-5-15.xlsx
2026-05-16,ds,H-DIESEL,33.7283,-3.0,6.92,0.692,-1.65,0.05,36.7403,2.5718,39.3121,1.998,0.1399,41.45,32.5035,pt-price-st-2026-5-16.xlsx
2026-05-16,dsb20,H-DIESEL B20,34.472,-3.0,5.953,0.5953,-7.87,0.05,30.2003,2.114,32.3143,1.996,0.1397,34.45,32.5035,pt-price-st-2026-5-16.xlsx
2026-05-16,e20,GASOHOL95 E20,26.9796,,6.0,0.6,-2.6,0.05,31.0296,2.1721,33.2017,3.5965,0.2518,37.05,32.5035,pt-price-st-2026-5-16.xlsx
2026-05-16,e85,GASOHOL95 E85,23.5231,,1.125,0.1125,2.42,0.05,27.2306,1.9061,29.1367,3.6012,0.2521,32.99,32.5035,pt-price-st-2026-5-16.xlsx
2026-05-16,fo1500,FO 1500 (2) 2%S,22.744,,0.64,0.064,0.06,0.05,23.558,1.6491,25.2071,,,,32.5035,pt-price-st-2026-5-16.xlsx
2026-05-16,fo600,FO 600 (1) 2%S,24.4044,,0.64,0.064,0.06,0.05,25.2184,1.7653,26.9837,,,,32.5035,pt-price-st-2026-5-16.xlsx
2026-05-16,gh91,GASOHOL91,27.5969,,6.75,0.675,2.39,0.05,37.4619,2.6223,40.0842,3.3606,0.2352,43.68,32.5035,pt-price-st-2026-5-16.xlsx
2026-05-16,gh95,GASOHOL95 E10,28.0007,,6.75,0.675,2.39,0.05,37.8657,2.6506,40.5163,3.3025,0.2312,44.05,32.5035,pt-price-st-2026-5-16.xlsx
2026-05-16,gl95,ULG95,28.7116,,7.5,0.75,9.52,0.05,46.5316,3.2572,49.7888,3.5993,0.2519,53.64,32.5035,pt-price-st-2026-5-16.xlsx
2026-05-16,lpg,LPG (BAHT/KILOGRAM),29.8352,,2.17,0.217,-11.3043,0.0,20.9179,1.4643,22.3822,3.2566,0.228,25.8668,32.5035,pt-price-st-2026-5-16.xlsx
2026-05-17,ds,H-DIESEL,33.8144,-3.0,6.92,0.692,-1.65,0.05,36.8264,2.5778,39.4042,1.912,0.1338,41.45,32.6164,pt-price-st-2026-5-17.xlsx
2026-05-17,dsb20,H-DIESEL B20,34.5466,-3.0,5.953,0.5953,-7.87,0.05,30.2749,2.1192,32.3941,1.9214,0.1345,34.45,32.6164,pt-price-st-2026-5-17.xlsx
2026-05-17,e20,GASOHOL95 E20,27.1876,,6.0,0.6,-2.6,0.05,31.2376,2.1866,33.4242,3.3886,0.2372,37.05,32.6164,pt-price-st-2026-5-17.xlsx
2026-05-17,e85,GASOHOL95 E85,23.5873,,1.125,0.1125,2.42,0.05,27.2948,1.9106,29.2054,3.537,0.2476,32.99,32.6164,pt-price-st-2026-5-17.xlsx
2026-05-17,fo1500,FO 1500 (2) 2%S,23.5999,,0.64,0.064,0.06,0.05,24.4139,1.709,26.1229,,,,32.6164,pt-price-st-2026-5-17.xlsx
2026-05-17,fo600,FO 600 (1) 2%S,25.1347,,0.64,0.064,0.06,0.05,25.9487,1.8164,27.7651,,,,32.6164,pt-price-st-2026-5-17.xlsx
2026-05-17,gh91,GASOHOL91,27.8305,,6.75,0.675,2.39,0.05,37.6955,2.6387,40.3342,3.1269,0.2189,43.68,32.6164,pt-price-st-2026-5-17.xlsx
2026-05-17,gh95,GASOHOL95 E10,28.2357,,6.75,0.675,2.39,0.05,38.1007,2.667,40.7677,3.0676,0.2147,44.05,32.6164,pt-price-st-2026-5-17.xlsx
2026-05-17,gl95,ULG95,28.9704,,7.5,0.75,9.52,0.05,46.7904,3.2753,50.0657,3.3405,0.2338,53.64,32.6164,pt-price-st-2026-5-17.xlsx
2026-05-17,lpg,LPG (BAHT/KILOGRAM),29.8352,,2.17,0.217,-11.3043,0.0,20.9179,1.4643,22.3822,3.2566,0.228,25.8668,32.6164,pt-price-st-2026-5-17.xlsx
2026-05-18,ds,H-DIESEL,33.8771,-3.0,6.92,0.692,-1.65,0.05,36.8891,2.5822,39.4713,1.8493,0.1294,41.45,32.6164,pt-price-st-2026-5-18.xlsx
2026-05-18,dsb20,H-DIESEL B20,34.7271,-3.0,5.953,0.5953,-7.87,0.05,30.4554,2.1319,32.5873,1.7408,0.1219,34.45,32.6164,pt-price-st-2026-5-18.xlsx
2026-05-18,e20,GASOHOL95 E20,27.1876,,6.0,0.6,-2.6,0.05,31.2376,2.1866,33.4242,3.3886,0.2372,37.05,32.6164,pt-price-st-2026-5-18.xlsx
2026-05-18,e85,GASOHOL95 E85,23.5873,,1.125,0.1125,2.42,0.05,27.2948,1.9106,29.2054,3.537,0.2476,32.99,32.6164,pt-price-st-2026-5-18.xlsx
2026-05-18,fo1500,FO 1500 (2) 2%S,23.5999,,0.64,0.064,0.06,0.05,24.4139,1.709,26.1229,,,,32.6164,pt-price-st-2026-5-18.xlsx
2026-05-18,fo600,FO 600 (1) 2%S,25.1347,,0.64,0.064,0.06,0.05,25.9487,1.8164,27.7651,,,,32.6164,pt-price-st-2026-5-18.xlsx
2026-05-18,gh91,GASOHOL91,27.8305,,6.75,0.675,2.39,0.05,37.6955,2.6387,40.3342,3.1269,0.2189,43.68,32.6164,pt-price-st-2026-5-18.xlsx
2026-05-18,gh95,GASOHOL95 E10,28.2357,,6.75,0.675,2.39,0.05,38.1007,2.667,40.7677,3.0676,0.2147,44.05,32.6164,pt-price-st-2026-5-18.xlsx
2026-05-18,gl95,ULG95,28.9704,,7.5,0.75,9.52,0.05,46.7904,3.2753,50.0657,3.3405,0.2338,53.64,32.6164,pt-price-st-2026-5-18.xlsx
2026-05-18,lpg,LPG (BAHT/KILOGRAM),29.8352,,2.17,0.217,-11.3043,0.0,20.9179,1.4643,22.3822,3.2566,0.228,25.8668,32.6164,pt-price-st-2026-5-18.xlsx
2026-05-19,ds,H-DIESEL,34.4263,-3.0,6.92,0.692,-1.65,0.05,37.4383,2.6207,40.059,2.0009,0.1401,42.2,32.8762,pt-price-st-2026-5-19.xlsx
2026-05-19,dsb20,H-DIESEL B20,35.2035,-3.0,5.953,0.5953,-7.87,0.05,30.9318,2.1652,33.097,1.9654,0.1376,35.2,32.8762,pt-price-st-2026-5-19.xlsx
2026-05-19,e20,GASOHOL95 E20,27.6941,,6.0,0.6,-2.6,0.05,31.7441,2.2221,33.9662,3.6764,0.2574,37.9,32.8762,pt-price-st-2026-5-19.xlsx
2026-05-19,e85,GASOHOL95 E85,23.7436,,1.125,0.1125,2.42,0.05,27.4511,1.9216,29.3727,4.175,0.2923,33.84,32.8762,pt-price-st-2026-5-19.xlsx
2026-05-19,fo1500,FO 1500 (2) 2%S,24.2381,,0.64,0.064,0.06,0.05,25.0521,1.7536,26.8057,,,,32.8762,pt-price-st-2026-5-19.xlsx
2026-05-19,fo600,FO 600 (1) 2%S,25.7642,,0.64,0.064,0.06,0.05,26.5782,1.8605,28.4387,,,,32.8762,pt-price-st-2026-5-19.xlsx
2026-05-19,gh91,GASOHOL91,28.3995,,6.75,0.675,2.39,0.05,38.2645,2.6785,40.943,3.3523,0.2347,44.53,32.8762,pt-price-st-2026-5-19.xlsx
2026-05-19,gh95,GASOHOL95 E10,28.8079,,6.75,0.675,2.39,0.05,38.6729,2.7071,41.38,3.2897,0.2303,44.9,32.8762,pt-price-st-2026-5-19.xlsx
2026-05-19,gl95,ULG95,29.6003,,7.5,0.75,9.52,0.05,47.4203,3.3194,50.7397,3.505,0.2453,54.49,32.8762,pt-price-st-2026-5-19.xlsx
2026-05-19,lpg,LPG (BAHT/KILOGRAM),29.8352,,2.17,0.217,-11.3043,0.0,20.9179,1.4643,22.3822,3.2566,0.228,25.8668,32.8762,pt-price-st-2026-5-19.xlsx
2026-05-20,ds,H-DIESEL,34.59,,6.92,0.692,-4.81,0.05,37.442,2.6209,40.0629,1.9973,0.1398,42.2,32.7397,pt-price-st-2026-5-20.xlsx
2026-05-20,dsb20,H-DIESEL B20,35.3454,,5.953,0.5953,-11.05,0.05,30.8937,2.1626,33.0563,2.0035,0.1402,35.2,32.7397,pt-price-st-2026-5-20.xlsx
2026-05-20,e20,GASOHOL95 E20,27.6695,,6.0,0.6,-2.5,0.05,31.8195,2.2274,34.0469,3.601,0.2521,37.9,32.7397,pt-price-st-2026-5-20.xlsx
2026-05-20,e85,GASOHOL95 E85,23.736,,1.125,0.1125,3.0,0.05,28.0235,1.9616,29.9851,3.6027,0.2522,33.84,32.7397,pt-price-st-2026-5-20.xlsx
2026-05-20,fo1500,FO 1500 (2) 2%S,24.0403,,0.64,0.064,0.06,0.05,24.8543,1.7398,26.5941,,,,32.7397,pt-price-st-2026-5-20.xlsx
2026-05-20,fo600,FO 600 (1) 2%S,25.6281,,0.64,0.064,0.06,0.05,26.4421,1.8509,28.293,,,,32.7397,pt-price-st-2026-5-20.xlsx
2026-05-20,gh91,GASOHOL91,28.3719,,6.75,0.675,2.36,0.05,38.2069,2.6745,40.8814,3.4099,0.2387,44.53,32.7397,pt-price-st-2026-5-20.xlsx
2026-05-20,gh95,GASOHOL95 E10,28.7787,,6.75,0.675,2.36,0.05,38.6137,2.703,41.3167,3.3489,0.2344,44.9,32.7397,pt-price-st-2026-5-20.xlsx
2026-05-20,gl95,ULG95,29.5676,,7.5,0.75,9.46,0.05,47.3276,3.3129,50.6405,3.5977,0.2518,54.49,32.7397,pt-price-st-2026-5-20.xlsx
2026-05-20,lpg,LPG (BAHT/KILOGRAM),29.8352,,2.17,0.217,-11.3043,0.0,20.9179,1.4643,22.3822,3.2566,0.228,25.8668,32.7397,pt-price-st-2026-5-20.xlsx
2026-05-21,ds,H-DIESEL,34.482,,6.92,0.692,-4.7,0.05,37.444,2.6211,40.0651,1.9952,0.1397,42.2,32.876,pt-price-st-2026-5-21.xlsx
2026-05-21,dsb20,H-DIESEL B20,35.2518,,5.953,0.5953,-10.95,0.05,30.9001,2.163,33.0631,1.9971,0.1398,35.2,32.876,pt-price-st-2026-5-21.xlsx
2026-05-21,e20,GASOHOL95 E20,27.2541,,6.0,0.6,-2.08,0.05,31.8241,2.2277,34.0518,3.5964,0.2518,37.9,32.876,pt-price-st-2026-5-21.xlsx
2026-05-21,e85,GASOHOL95 E85,23.6078,,1.125,0.1125,3.13,0.05,28.0253,1.9618,29.9871,3.6008,0.2521,33.84,32.876,pt-price-st-2026-5-21.xlsx
2026-05-21,fo1500,FO 1500 (2) 2%S,23.5074,,0.64,0.064,0.06,0.05,24.3214,1.7025,26.0239,,,,32.876,pt-price-st-2026-5-21.xlsx
2026-05-21,fo600,FO 600 (1) 2%S,25.1632,,0.64,0.064,0.06,0.05,25.9772,1.8184,27.7956,,,,32.876,pt-price-st-2026-5-21.xlsx
2026-05-21,gh91,GASOHOL91,27.9052,,6.75,0.675,2.82,0.05,38.2002,2.674,40.8742,3.4166,0.2392,44.53,32.876,pt-price-st-2026-5-21.xlsx
2026-05-21,gh95,GASOHOL95 E10,28.3137,,6.75,0.675,2.82,0.05,38.6087,2.7026,41.3113,3.3539,0.2348,44.9,32.876,pt-price-st-2026-5-21.xlsx
2026-05-21,gl95,ULG95,29.0569,,7.5,0.75,9.97,0.05,47.3269,3.3129,50.6398,3.5983,0.2519,54.49,32.876,pt-price-st-2026-5-21.xlsx
2026-05-21,lpg,LPG (BAHT/KILOGRAM),29.8352,,2.17,0.217,-11.3043,0.0,20.9179,1.4643,22.3822,3.2566,0.228,25.8668,32.876,pt-price-st-2026-5-21.xlsx
2026-05-22,ds,H-DIESEL,33.3076,,6.92,0.692,-3.53,0.05,37.4396,2.6208,40.0604,1.9996,0.14,42.2,32.7759,pt-price-st-2026-5-22.xlsx
2026-05-22,dsb20,H-DIESEL B20,34.2333,,5.953,0.5953,-9.93,0.05,30.9016,2.1631,33.0647,1.9956,0.1397,35.2,32.7759,pt-price-st-2026-5-22.xlsx
2026-05-22,e20,GASOHOL95 E20,26.1965,,6.0,0.6,-1.03,0.05,31.8165,2.2272,34.0437,3.604,0.2523,37.9,32.7759,pt-price-st-2026-5-22.xlsx
2026-05-22,e85,GASOHOL95 E85,23.2814,,1.125,0.1125,3.46,0.05,28.0289,1.962,29.9909,3.5973,0.2518,33.84,32.7759,pt-price-st-2026-5-22.xlsx
2026-05-22,fo1500,FO 1500 (2) 2%S,22.4497,,0.64,0.064,0.06,0.05,23.2637,1.6285,24.8922,,,,32.7759,pt-price-st-2026-5-22.xlsx
2026-05-22,fo600,FO 600 (1) 2%S,24.0725,,0.64,0.064,0.06,0.05,24.8865,1.7421,26.6286,,,,32.7759,pt-price-st-2026-5-22.xlsx
2026-05-22,gh91,GASOHOL91,26.7171,,6.75,0.675,4.01,0.05,38.2021,2.6741,40.8762,3.4148,0.239,44.53,32.7759,pt-price-st-2026-5-22.xlsx
2026-05-22,gh95,GASOHOL95 E10,27.1243,,6.75,0.675,4.01,0.05,38.6093,2.7027,41.312,3.3533,0.2347,44.9,32.7759,pt-price-st-2026-5-22.xlsx
2026-05-22,gl95,ULG95,27.7491,,7.5,0.75,11.28,0.05,47.3291,3.313,50.6421,3.5962,0.2517,54.49,32.7759,pt-price-st-2026-5-22.xlsx
2026-05-22,lpg,LPG (BAHT/KILOGRAM),29.8352,,2.17,0.217,-11.3043,0.0,20.9179,1.4643,22.3822,3.2566,0.228,25.8668,32.7759,pt-price-st-2026-5-22.xlsx
2026-05-23,ds,H-DIESEL,33.3076,,6.92,0.692,-3.53,0.05,37.4396,2.6208,40.0604,1.9996,0.14,42.2,32.7759,pt-price-st-2026-5-23.xlsx
2026-05-23,dsb20,H-DIESEL B20,34.2333,,5.953,0.5953,-9.93,0.05,30.9016,2.1631,33.0647,1.9956,0.1397,35.2,32.7759,pt-price-st-2026-5-23.xlsx
2026-05-23,e20,GASOHOL95 E20,26.1965,,6.0,0.6,-1.03,0.05,31.8165,2.2272,34.0437,3.604,0.2523,37.9,32.7759,pt-price-st-2026-5-23.xlsx
2026-05-23,e85,GASOHOL95 E85,23.2814,,1.125,0.1125,3.46,0.05,28.0289,1.962,29.9909,3.5973,0.2518,33.84,32.7759,pt-price-st-2026-5-23.xlsx
2026-05-23,fo1500,FO 1500 (2) 2%S,22.4497,,0.64,0.064,0.06,0.05,23.2637,1.6285,24.8922,,,,32.7759,pt-price-st-2026-5-23.xlsx
2026-05-23,fo600,FO 600 (1) 2%S,24.0725,,0.64,0.064,0.06,0.05,24.8865,1.7421,26.6286,,,,32.7759,pt-price-st-2026-5-23.xlsx
2026-05-23,gh91,GASOHOL91,26.7171,,6.75,0.675,4.01,0.05,38.2021,2.6741,40.8762,3.4148,0.239,44.53,32.7759,pt-price-st-2026-5-23.xlsx
2026-05-23,gh95,GASOHOL95 E10,27.1243,,6.75,0.675,4.01,0.05,38.6093,2.7027,41.312,3.3533,0.2347,44.9,32.7759,pt-price-st-2026-5-23.xlsx
2026-05-23,gl95,ULG95,27.7491,,7.5,0.75,11.28,0.05,47.3291,3.313,50.6421,3.5962,0.2517,54.49,32.7759,pt-price-st-2026-5-23.xlsx
2026-05-23,lpg,LPG (BAHT/KILOGRAM),29.8352,,2.17,0.217,-11.3043,0.0,20.9179,1.4643,22.3822,3.2566,0.228,25.8668,32.7759,pt-price-st-2026-5-23.xlsx
2026-05-24,ds,H-DIESEL,32.4544,,6.92,0.692,-2.68,0.05,37.4364,2.6205,40.0569,2.0029,0.1402,42.2,32.7914,pt-price-st-2026-5-24.xlsx
2026-05-24,dsb20,H-DIESEL B20,33.4933,,5.953,0.5953,-9.19,0.05,30.9016,2.1631,33.0647,1.9956,0.1397,35.2,32.7914,pt-price-st-2026-5-24.xlsx
2026-05-24,e20,GASOHOL95 E20,25.5782,,6.0,0.6,-0.41,0.05,31.8182,2.2273,34.0455,3.6023,0.2522,37.9,32.7914,pt-price-st-2026-5-24.xlsx
2026-05-24,e85,GASOHOL95 E85,23.0906,,1.125,0.1125,3.65,0.05,28.0281,1.962,29.9901,3.598,0.2519,33.84,32.7914,pt-price-st-2026-5-24.xlsx
2026-05-24,fo1500,FO 1500 (2) 2%S,22.2903,,0.64,0.064,0.06,0.05,23.1043,1.6173,24.7216,,,,32.7914,pt-price-st-2026-5-24.xlsx
2026-05-24,fo600,FO 600 (1) 2%S,23.7889,,0.64,0.064,0.06,0.05,24.6029,1.7222,26.3251,,,,32.7914,pt-price-st-2026-5-24.xlsx
2026-05-24,gh91,GASOHOL91,26.0224,,6.75,0.675,4.71,0.05,38.2074,2.6745,40.8819,3.4094,0.2387,44.53,32.7914,pt-price-st-2026-5-24.xlsx
2026-05-24,gh95,GASOHOL95 E10,26.4298,,6.75,0.675,4.71,0.05,38.6148,2.703,41.3178,3.3479,0.2343,44.9,32.7914,pt-price-st-2026-5-24.xlsx
2026-05-24,gl95,ULG95,26.9856,,7.5,0.75,12.04,0.05,47.3256,3.3128,50.6384,3.5996,0.252,54.49,32.7914,pt-price-st-2026-5-24.xlsx
2026-05-24,lpg,LPG (BAHT/KILOGRAM),29.8352,,2.17,0.217,-11.3043,0.0,20.9179,1.4643,22.3822,3.2566,0.228,25.8668,32.7914,pt-price-st-2026-5-24.xlsx
2026-05-25,ds,H-DIESEL,32.4359,,6.92,0.692,-2.68,0.05,37.4179,2.6193,40.0372,2.0213,0.1415,42.2,32.7914,pt-price-st-2026-5-25.xlsx
2026-05-25,dsb20,H-DIESEL B20,33.4401,,5.953,0.5953,-9.19,0.05,30.8484,2.1594,33.0078,2.0488,0.1434,35.2,32.7914,pt-price-st-2026-5-25.xlsx
2026-05-25,e20,GASOHOL95 E20,25.5782,,6.0,0.6,-0.41,0.05,31.8182,2.2273,34.0455,3.6023,0.2522,37.9,32.7914,pt-price-st-2026-5-25.xlsx
2026-05-25,e85,GASOHOL95 E85,23.0906,,1.125,0.1125,3.65,0.05,28.0281,1.962,29.9901,3.598,0.2519,33.84,32.7914,pt-price-st-2026-5-25.xlsx
2026-05-25,fo1500,FO 1500 (2) 2%S,22.2903,,0.64,0.064,0.06,0.05,23.1043,1.6173,24.7216,,,,32.7914,pt-price-st-2026-5-25.xlsx
2026-05-25,fo600,FO 600 (1) 2%S,23.7889,,0.64,0.064,0.06,0.05,24.6029,1.7222,26.3251,,,,32.7914,pt-price-st-2026-5-25.xlsx
2026-05-25,gh91,GASOHOL91,26.0224,,6.75,0.675,4.71,0.05,38.2074,2.6745,40.8819,3.4094,0.2387,44.53,32.7914,pt-price-st-2026-5-25.xlsx
2026-05-25,gh95,GASOHOL95 E10,26.4298,,6.75,0.675,4.71,0.05,38.6148,2.703,41.3178,3.3479,0.2343,44.9,32.7914,pt-price-st-2026-5-25.xlsx
2026-05-25,gl95,ULG95,26.9856,,7.5,0.75,12.04,0.05,47.3256,3.3128,50.6384,3.5996,0.252,54.49,32.7914,pt-price-st-2026-5-25.xlsx
2026-05-25,lpg,LPG (BAHT/KILOGRAM),29.8352,,2.17,0.217,-11.3043,0.0,20.9179,1.4643,22.3822,3.2566,0.228,25.8668,32.7914,pt-price-st-2026-5-25.xlsx
2026-05-26,ds,H-DIESEL,30.8143,,6.92,0.692,-1.97,0.05,36.5063,2.5554,39.0617,1.9984,0.1399,41.2,32.6456,pt-price-st-2026-5-26.xlsx
2026-05-26,dsb20,H-DIESEL B20,32.0338,,5.953,0.5953,-7.73,0.05,30.9021,2.1631,33.0652,1.9951,0.1397,35.2,32.6456,pt-price-st-2026-5-26.xlsx
2026-05-26,e20,GASOHOL95 E20,25.0267,,6.0,0.6,0.14,0.05,31.8167,2.2272,34.0439,3.6038,0.2523,37.9,32.6456,pt-price-st-2026-5-26.xlsx
2026-05-26,e85,GASOHOL95 E85,22.9203,,1.125,0.1125,3.82,0.05,28.0279,1.962,29.9899,3.5982,0.2519,33.84,32.6456,pt-price-st-2026-5-26.xlsx
2026-05-26,fo1500,FO 1500 (2) 2%S,21.2158,,0.64,0.064,0.06,0.05,22.0298,1.5421,23.5719,,,,32.6456,pt-price-st-2026-5-26.xlsx
2026-05-26,fo600,FO 600 (1) 2%S,22.6056,,0.64,0.064,0.06,0.05,23.4196,1.6394,25.059,,,,32.6456,pt-price-st-2026-5-26.xlsx
2026-05-26,gh91,GASOHOL91,25.4029,,6.75,0.675,4.77,0.05,37.6479,2.6354,40.2833,3.4081,0.2386,43.93,32.6456,pt-price-st-2026-5-26.xlsx
2026-05-26,gh95,GASOHOL95 E10,25.8085,,6.75,0.675,4.77,0.05,38.0535,2.6637,40.7172,3.3484,0.2344,44.3,32.6456,pt-price-st-2026-5-26.xlsx
2026-05-26,gl95,ULG95,26.302,,7.5,0.75,12.16,0.05,46.762,3.2733,50.0353,3.6025,0.2522,53.89,32.6456,pt-price-st-2026-5-26.xlsx
2026-05-26,lpg,LPG (BAHT/KILOGRAM),29.8352,,2.17,0.217,-11.3043,0.0,20.9179,1.4643,22.3822,3.2566,0.228,25.8668,32.6456,pt-price-st-2026-5-26.xlsx
2026-05-27,ds,H-DIESEL,30.3475,,6.92,0.692,-1.5,0.05,36.5095,2.5557,39.0652,1.9951,0.1397,41.2,32.7045,pt-price-st-2026-5-27.xlsx
2026-05-27,dsb20,H-DIESEL B20,31.629,,5.953,0.5953,-7.33,0.05,30.8973,2.1628,33.0601,1.9999,0.14,35.2,32.7045,pt-price-st-2026-5-27.xlsx
2026-05-27,e20,GASOHOL95 E20,24.9074,,6.0,0.6,0.26,0.05,31.8174,2.2272,34.0446,3.6032,0.2522,37.9,32.7045,pt-price-st-2026-5-27.xlsx
2026-05-27,e85,GASOHOL95 E85,22.8835,,1.125,0.1125,3.86,0.05,28.031,1.9622,29.9932,3.5951,0.2517,33.84,32.7045,pt-price-st-2026-5-27.xlsx
2026-05-27,fo1500,FO 1500 (2) 2%S,20.7859,,0.64,0.064,0.06,0.05,21.5999,1.512,23.1119,,,,32.7045,pt-price-st-2026-5-27.xlsx
2026-05-27,fo600,FO 600 (1) 2%S,22.1638,,0.64,0.064,0.06,0.05,22.9778,1.6084,24.5862,,,,32.7045,pt-price-st-2026-5-27.xlsx
2026-05-27,gh91,GASOHOL91,25.2688,,6.75,0.675,4.9,0.05,37.6438,2.6351,40.2789,3.4122,0.2389,43.93,32.7045,pt-price-st-2026-5-27.xlsx
2026-05-27,gh95,GASOHOL95 E10,25.6751,,6.75,0.675,4.9,0.05,38.0501,2.6635,40.7136,3.3518,0.2346,44.3,32.7045,pt-price-st-2026-5-27.xlsx
2026-05-27,gl95,ULG95,26.1556,,7.5,0.75,12.31,0.05,46.7656,3.2736,50.0392,3.5989,0.2519,53.89,32.7045,pt-price-st-2026-5-27.xlsx
2026-05-27,lpg,LPG (BAHT/KILOGRAM),29.8352,,2.17,0.217,-11.3043,0.0,20.9179,1.4643,22.3822,3.2566,0.228,25.8668,32.7045,pt-price-st-2026-5-27.xlsx
2026-05-28,ds,H-DIESEL,30.4106,,6.92,0.692,-1.5,0.05,36.5726,2.5601,39.1327,1.9321,0.1352,41.2,32.779,pt-price-st-2026-5-28.xlsx
2026-05-28,dsb20,H-DIESEL B20,31.6837,,5.953,0.5953,-7.33,0.05,30.952,2.1666,33.1186,1.9452,0.1362,35.2,32.779,pt-price-st-2026-5-28.xlsx
2026-05-28,e20,GASOHOL95 E20,24.9546,,6.0,0.6,0.26,0.05,31.8646,2.2305,34.0951,3.556,0.2489,37.9,32.779,pt-price-st-2026-5-28.xlsx
2026-05-28,e85,GASOHOL95 E85,22.8981,,1.125,0.1125,3.86,0.05,28.0456,1.9632,30.0088,3.5806,0.2506,33.84,32.779,pt-price-st-2026-5-28.xlsx
2026-05-28,fo1500,FO 1500 (2) 2%S,20.8332,,0.64,0.064,0.06,0.05,21.6472,1.5153,23.1625,,,,32.779,pt-price-st-2026-5-28.xlsx
2026-05-28,fo600,FO 600 (1) 2%S,22.2143,,0.64,0.064,0.06,0.05,23.0283,1.612,24.6403,,,,32.779,pt-price-st-2026-5-28.xlsx
2026-05-28,gh91,GASOHOL91,25.3219,,6.75,0.675,4.9,0.05,37.6969,2.6388,40.3357,3.3592,0.2351,43.93,32.779,pt-price-st-2026-5-28.xlsx
2026-05-28,gh95,GASOHOL95 E10,25.7291,,6.75,0.675,4.9,0.05,38.1041,2.6673,40.7714,3.2978,0.2308,44.3,32.779,pt-price-st-2026-5-28.xlsx
2026-05-28,gl95,ULG95,26.2152,,7.5,0.75,12.31,0.05,46.8252,3.2778,50.103,3.5393,0.2477,53.89,32.779,pt-price-st-2026-5-28.xlsx
2026-05-28,lpg,LPG (BAHT/KILOGRAM),29.8352,,2.17,0.217,-11.3043,0.0,20.9179,1.4643,22.3822,3.2566,0.228,25.8668,32.779,pt-price-st-2026-5-28.xlsx
2026-05-29,ds,H-DIESEL,30.0588,,6.92,0.692,-1.22,0.05,36.5008,2.5551,39.0559,2.0038,0.1403,41.2,32.8288,pt-price-st-2026-5-29.xlsx
2026-05-29,dsb20,H-DIESEL B20,31.3786,,5.953,0.5953,-7.08,0.05,30.8969,2.1628,33.0597,2.0003,0.14,35.2,32.8288,pt-price-st-2026-5-29.xlsx
2026-05-29,e20,GASOHOL95 E20,24.2927,,6.0,0.6,0.88,0.05,31.8227,2.2276,34.0503,3.5979,0.2518,37.9,32.8288,pt-price-st-2026-5-29.xlsx
2026-05-29,e85,GASOHOL95 E85,22.6938,,1.125,0.1125,4.04,0.05,28.0213,1.9615,29.9828,3.6049,0.2523,33.84,32.8288,pt-price-st-2026-5-29.xlsx
2026-05-29,fo1500,FO 1500 (2) 2%S,20.9105,,0.64,0.064,0.06,0.05,21.7245,1.5207,23.2452,,,,32.8288,pt-price-st-2026-5-29.xlsx
2026-05-29,fo600,FO 600 (1) 2%S,22.2168,,0.64,0.064,0.06,0.05,23.0308,1.6122,24.643,,,,32.8288,pt-price-st-2026-5-29.xlsx
2026-05-29,gh91,GASOHOL91,24.5782,,6.75,0.675,4.94,0.05,36.9932,2.5895,39.5827,3.4087,0.2386,43.23,32.8288,pt-price-st-2026-5-29.xlsx
2026-05-29,gh95,GASOHOL95 E10,24.9861,,6.75,0.675,4.94,0.05,37.4011,2.6181,40.0192,3.3465,0.2343,43.6,32.8288,pt-price-st-2026-5-29.xlsx
2026-05-29,gl95,ULG95,25.3985,,7.5,0.75,12.41,0.05,46.1085,3.2276,49.3361,3.6018,0.2521,53.19,32.8288,pt-price-st-2026-5-29.xlsx
2026-05-29,lpg,LPG (BAHT/KILOGRAM),29.8352,,2.17,0.217,-11.3043,0.0,20.9179,1.4643,22.3822,3.2566,0.228,25.8668,32.8288,pt-price-st-2026-5-29.xlsx
2026-05-30,ds,H-DIESEL,30.0588,,6.92,0.692,-1.68,0.05,36.0408,2.5229,38.5637,1.9965,0.1398,40.7,32.8288,pt-price-st-2026-5-30.xlsx
2026-05-30,dsb20,H-DIESEL B20,31.3786,,5.953,0.5953,-7.08,0.05,30.8969,2.1628,33.0597,2.0003,0.14,35.2,32.8288,pt-price-st-2026-5-30.xlsx
2026-05-30,e20,GASOHOL95 E20,24.2927,,6.0,0.6,0.88,0.05,31.8227,2.2276,34.0503,3.5979,0.2518,37.9,32.8288,pt-price-st-2026-5-30.xlsx
2026-05-30,e85,GASOHOL95 E85,22.6938,,1.125,0.1125,4.04,0.05,28.0213,1.9615,29.9828,3.6049,0.2523,33.84,32.8288,pt-price-st-2026-5-30.xlsx
2026-05-30,fo1500,FO 1500 (2) 2%S,20.9105,,0.64,0.064,0.06,0.05,21.7245,1.5207,23.2452,,,,32.8288,pt-price-st-2026-5-30.xlsx
2026-05-30,fo600,FO 600 (1) 2%S,22.2168,,0.64,0.064,0.06,0.05,23.0308,1.6122,24.643,,,,32.8288,pt-price-st-2026-5-30.xlsx
2026-05-30,gh91,GASOHOL91,24.5782,,6.75,0.675,4.28,0.05,36.3332,2.5433,38.8765,3.4145,0.239,42.53,32.8288,pt-price-st-2026-5-30.xlsx
2026-05-30,gh95,GASOHOL95 E10,24.9861,,6.75,0.675,4.28,0.05,36.7411,2.5719,39.313,3.3523,0.2347,42.9,32.8288,pt-price-st-2026-5-30.xlsx
2026-05-30,gl95,ULG95,25.3985,,7.5,0.75,11.76,0.05,45.4585,3.1821,48.6406,3.5976,0.2518,52.49,32.8288,pt-price-st-2026-5-30.xlsx
2026-05-30,lpg,LPG (BAHT/KILOGRAM),29.8352,,2.17,0.217,-11.3043,0.0,20.9179,1.4643,22.3822,3.2566,0.228,25.8668,32.8288,pt-price-st-2026-5-30.xlsx
2026-05-31,ds,H-DIESEL,29.3745,,6.92,0.692,-1.0,0.05,36.0365,2.5226,38.5591,2.0008,0.1401,40.7,32.7462,pt-price-st-2026-5-31.xlsx
2026-05-31,dsb20,H-DIESEL B20,30.7852,,5.953,0.5953,-6.49,0.05,30.8935,2.1625,33.056,2.0037,0.1403,35.2,32.7462,pt-price-st-2026-5-31.xlsx
2026-05-31,e20,GASOHOL95 E20,23.4804,,6.0,0.6,1.69,0.05,31.8204,2.2274,34.0478,3.6002,0.252,37.9,32.7462,pt-price-st-2026-5-31.xlsx
2026-05-31,e85,GASOHOL95 E85,22.4431,,1.125,0.1125,4.3,0.05,28.0306,1.9621,29.9927,3.5956,0.2517,33.84,32.7462,pt-price-st-2026-5-31.xlsx
2026-05-31,fo1500,FO 1500 (2) 2%S,20.6833,,0.64,0.064,0.06,0.05,21.4973,1.5048,23.0021,,,,32.7462,pt-price-st-2026-5-31.xlsx
2026-05-31,fo600,FO 600 (1) 2%S,21.9066,,0.64,0.064,0.06,0.05,22.7206,1.5904,24.311,,,,32.7462,pt-price-st-2026-5-31.xlsx
2026-05-31,gh91,GASOHOL91,23.6657,,6.75,0.675,5.2,0.05,36.3407,2.5438,38.8845,3.407,0.2385,42.53,32.7462,pt-price-st-2026-5-31.xlsx
2026-05-31,gh95,GASOHOL95 E10,24.0725,,6.75,0.675,5.2,0.05,36.7475,2.5723,39.3198,3.346,0.2342,42.9,32.7462,pt-price-st-2026-5-31.xlsx
2026-05-31,gl95,ULG95,24.394,,7.5,0.75,12.76,0.05,45.454,3.1818,48.6358,3.6021,0.2521,52.49,32.7462,pt-price-st-2026-5-31.xlsx
2026-05-31,lpg,LPG (BAHT/KILOGRAM),29.8352,,2.17,0.217,-11.3043,0.0,20.9179,1.4643,22.3822,3.2566,0.228,25.8668,32.7462,pt-price-st-2026-5-31.xlsx
2026-06-01,ds,H-DIESEL,29.3633,,6.92,0.692,-1.0,0.05,36.0253,2.5218,38.5471,2.0121,0.1408,40.7,32.7462,pt-price-st-2026-6-1.xlsx
2026-06-01,dsb20,H-DIESEL B20,30.7529,,5.953,0.5953,-6.49,0.05,30.8612,2.1603,33.0215,2.036,0.1425,35.2,32.7462,pt-price-st-2026-6-1.xlsx
2026-06-01,e20,GASOHOL95 E20,23.4804,,6.0,0.6,1.69,0.05,31.8204,2.2274,34.0478,3.6002,0.252,37.9,32.7462,pt-price-st-2026-6-1.xlsx
2026-06-01,e85,GASOHOL95 E85,22.4431,,1.125,0.1125,4.3,0.05,28.0306,1.9621,29.9927,3.5956,0.2517,33.84,32.7462,pt-price-st-2026-6-1.xlsx
2026-06-01,fo1500,FO 1500 (2) 2%S,20.6833,,0.64,0.064,0.06,0.05,21.4973,1.5048,23.0021,,,,32.7462,pt-price-st-2026-6-1.xlsx
2026-06-01,fo600,FO 600 (1) 2%S,21.9066,,0.64,0.064,0.06,0.05,22.7206,1.5904,24.311,,,,32.7462,pt-price-st-2026-6-1.xlsx
2026-06-01,gh91,GASOHOL91,23.6657,,6.75,0.675,5.2,0.05,36.3407,2.5438,38.8845,3.407,0.2385,42.53,32.7462,pt-price-st-2026-6-1.xlsx
2026-06-01,gh95,GASOHOL95 E10,24.0725,,6.75,0.675,5.2,0.05,36.7475,2.5723,39.3198,3.346,0.2342,42.9,32.7462,pt-price-st-2026-6-1.xlsx
2026-06-01,gl95,ULG95,24.394,,7.5,0.75,12.76,0.05,45.454,3.1818,48.6358,3.6021,0.2521,52.49,32.7462,pt-price-st-2026-6-1.xlsx
2026-06-01,lpg,LPG (BAHT/KILOGRAM),29.8352,,2.17,0.217,-11.3043,0.0,20.9179,1.4643,22.3822,3.2566,0.228,25.8668,32.7462,pt-price-st-2026-6-1.xlsx
2026-06-02,ds,H-DIESEL,29.3633,,6.92,0.692,-1.0,0.05,36.0253,2.5218,38.5471,2.0121,0.1408,40.7,32.7462,pt-price-st-2026-6-2.xlsx
2026-06-02,dsb20,H-DIESEL B20,30.7529,,5.953,0.5953,-6.49,0.05,30.8612,2.1603,33.0215,2.036,0.1425,35.2,32.7462,pt-price-st-2026-6-2.xlsx
2026-06-02,e20,GASOHOL95 E20,23.4804,,6.0,0.6,1.69,0.05,31.8204,2.2274,34.0478,3.6002,0.252,37.9,32.7462,pt-price-st-2026-6-2.xlsx
2026-06-02,e85,GASOHOL95 E85,22.4431,,1.125,0.1125,4.3,0.05,28.0306,1.9621,29.9927,3.5956,0.2517,33.84,32.7462,pt-price-st-2026-6-2.xlsx
2026-06-02,fo1500,FO 1500 (2) 2%S,20.6833,,0.64,0.064,0.06,0.05,21.4973,1.5048,23.0021,,,,32.7462,pt-price-st-2026-6-2.xlsx
2026-06-02,fo600,FO 600 (1) 2%S,21.9066,,0.64,0.064,0.06,0.05,22.7206,1.5904,24.311,,,,32.7462,pt-price-st-2026-6-2.xlsx
2026-06-02,gh91,GASOHOL91,23.6657,,6.75,0.675,5.2,0.05,36.3407,2.5438,38.8845,3.407,0.2385,42.53,32.7462,pt-price-st-2026-6-2.xlsx
2026-06-02,gh95,GASOHOL95 E10,24.0725,,6.75,0.675,5.2,0.05,36.7475,2.5723,39.3198,3.346,0.2342,42.9,32.7462,pt-price-st-2026-6-2.xlsx
2026-06-02,gl95,ULG95,24.394,,7.5,0.75,12.76,0.05,45.454,3.1818,48.6358,3.6021,0.2521,52.49,32.7462,pt-price-st-2026-6-2.xlsx
2026-06-02,lpg,LPG (BAHT/KILOGRAM),29.8352,,2.17,0.217,-11.3043,0.0,20.9179,1.4643,22.3822,3.2566,0.228,25.8668,32.7462,pt-price-st-2026-6-2.xlsx
2026-06-03,ds,H-DIESEL,30.2903,,6.92,0.692,-1.91,0.05,36.0423,2.523,38.5653,1.995,0.1397,40.7,32.7601,pt-price-st-2026-6-3.xlsx
2026-06-03,dsb20,H-DIESEL B20,31.5568,,5.953,0.5953,-7.26,0.05,30.8951,2.1627,33.0578,2.0021,0.1401,35.2,32.7601,pt-price-st-2026-6-3.xlsx
2026-06-03,e20,GASOHOL95 E20,23.594,,6.0,0.6,1.58,0.05,31.824,2.2277,34.0517,3.5965,0.2518,37.9,32.7601,pt-price-st-2026-6-3.xlsx
2026-06-03,e85,GASOHOL95 E85,22.4781,,1.125,0.1125,4.26,0.05,28.0257,1.9618,29.9875,3.6005,0.252,33.84,32.7601,pt-price-st-2026-6-3.xlsx
2026-06-03,fo1500,FO 1500 (2) 2%S,21.0122,,0.64,0.064,0.06,0.05,21.8262,1.5278,23.354,,,,32.7601,pt-price-st-2026-6-3.xlsx
2026-06-03,fo600,FO 600 (1) 2%S,22.3447,,0.64,0.064,0.06,0.05,23.1587,1.6211,24.7798,,,,32.7601,pt-price-st-2026-6-3.xlsx
2026-06-03,gh91,GASOHOL91,23.7933,,6.75,0.675,5.07,0.05,36.3383,2.5437,38.882,3.4093,0.2387,42.53,32.7601,pt-price-st-2026-6-3.xlsx
2026-06-03,gh95,GASOHOL95 E10,24.2003,,6.75,0.675,5.07,0.05,36.7453,2.5722,39.3175,3.3481,0.2344,42.9,32.7601,pt-price-st-2026-6-3.xlsx
2026-06-03,gl95,ULG95,24.5345,,7.5,0.75,12.62,0.05,45.4545,3.1818,48.6363,3.6016,0.2521,52.49,32.7601,pt-price-st-2026-6-3.xlsx
2026-06-03,lpg,LPG (BAHT/KILOGRAM),31.7792,,2.17,0.217,-13.2483,0.0,20.9179,1.4643,22.3822,3.2566,0.228,25.8668,32.7601,pt-price-st-2026-6-3.xlsx
2026-06-04,ds,H-DIESEL,31.8644,,6.92,0.692,-2.74,0.05,36.7864,2.575,39.3614,1.9987,0.1399,41.5,32.7601,pt-price-st-2026-6-4.xlsx
2026-06-04,dsb20,H-DIESEL B20,32.9219,,5.953,0.5953,-7.88,0.05,31.6402,2.2148,33.855,2.0047,0.1403,36.0,32.7601,pt-price-st-2026-6-4.xlsx
2026-06-04,e20,GASOHOL95 E20,24.0896,,6.0,0.6,1.45,0.05,32.1896,2.2533,34.4429,3.6048,0.2523,38.3,32.7601,pt-price-st-2026-6-4.xlsx
2026-06-04,e85,GASOHOL95 E85,22.6311,,1.125,0.1125,4.48,0.05,28.3986,1.9879,30.3865,3.6014,0.2521,34.24,32.7601,pt-price-st-2026-6-4.xlsx
2026-06-04,fo1500,FO 1500 (2) 2%S,21.3181,,0.64,0.064,0.06,0.05,22.1321,1.5492,23.6813,,,,32.7601,pt-price-st-2026-6-4.xlsx
2026-06-04,fo600,FO 600 (1) 2%S,22.8776,,0.64,0.064,0.06,0.05,23.6916,1.6584,25.35,,,,32.7601,pt-price-st-2026-6-4.xlsx
2026-06-04,gh91,GASOHOL91,24.35,,6.75,0.675,4.89,0.05,36.715,2.5701,39.2851,3.4064,0.2385,42.93,32.7601,pt-price-st-2026-6-4.xlsx
2026-06-04,gh95,GASOHOL95 E10,24.757,,6.75,0.675,4.89,0.05,37.122,2.5985,39.7205,3.3453,0.2342,43.3,32.7601,pt-price-st-2026-6-4.xlsx
2026-06-04,gl95,ULG95,25.1465,,7.5,0.75,12.38,0.05,45.8265,3.2079,49.0344,3.6034,0.2522,52.89,32.7601,pt-price-st-2026-6-4.xlsx
2026-06-04,lpg,LPG (BAHT/KILOGRAM),31.7792,,2.17,0.217,-13.2483,0.0,20.9179,1.4643,22.3822,3.2566,0.228,25.8668,32.7601,pt-price-st-2026-6-4.xlsx
2026-06-05,ds,H-DIESEL,31.96,,6.92,0.692,-2.84,0.05,36.782,2.5747,39.3567,2.0031,0.1402,41.5,32.8751,pt-price-st-2026-6-5.xlsx
2026-06-05,dsb20,H-DIESEL B20,33.0049,,5.953,0.5953,-7.96,0.05,31.6432,2.215,33.8582,2.0017,0.1401,36.0,32.8751,pt-price-st-2026-6-5.xlsx
2026-06-05,e20,GASOHOL95 E20,23.9673,,6.0,0.6,1.58,0.05,32.1973,2.2538,34.4511,3.5971,0.2518,38.3,32.8751,pt-price-st-2026-6-5.xlsx
2026-06-05,e85,GASOHOL95 E85,22.5934,,1.125,0.1125,4.52,0.05,28.4009,1.9881,30.389,3.5991,0.2519,34.24,32.8751,pt-price-st-2026-6-5.xlsx
2026-06-05,fo1500,FO 1500 (2) 2%S,21.0314,,0.64,0.064,0.06,0.05,21.8454,1.5292,23.3746,,,,32.8751,pt-price-st-2026-6-5.xlsx
2026-06-05,fo600,FO 600 (1) 2%S,22.6544,,0.64,0.064,0.06,0.05,23.4684,1.6428,25.1112,,,,32.8751,pt-price-st-2026-6-5.xlsx
2026-06-05,gh91,GASOHOL91,24.2126,,6.75,0.675,5.02,0.05,36.7076,2.5695,39.2771,3.4139,0.239,42.93,32.8751,pt-price-st-2026-6-5.xlsx
2026-06-05,gh95,GASOHOL95 E10,24.621,,6.75,0.675,5.02,0.05,37.116,2.5981,39.7141,3.3513,0.2346,43.3,32.8751,pt-price-st-2026-6-5.xlsx
2026-06-05,gl95,ULG95,24.9973,,7.5,0.75,12.53,0.05,45.8273,3.2079,49.0352,3.6026,0.2522,52.89,32.8751,pt-price-st-2026-6-5.xlsx
2026-06-05,lpg,LPG (BAHT/KILOGRAM),31.7792,,2.17,0.217,-13.2483,0.0,20.9179,1.4643,22.3822,3.2566,0.228,25.8668,32.8751,pt-price-st-2026-6-5.xlsx
2026-06-06,ds,H-DIESEL,31.96,,6.92,0.692,-3.49,0.05,36.132,2.5292,38.6612,1.9989,0.1399,40.8,32.8751,pt-price-st-2026-6-6.xlsx
2026-06-06,dsb20,H-DIESEL B20,33.0049,,5.953,0.5953,-8.61,0.05,30.9932,2.1695,33.1627,1.9975,0.1398,35.3,32.8751,pt-price-st-2026-6-6.xlsx
2026-06-06,e20,GASOHOL95 E20,23.9673,,6.0,0.6,0.92,0.05,31.5373,2.2076,33.7449,3.6029,0.2522,37.6,32.8751,pt-price-st-2026-6-6.xlsx
2026-06-06,e85,GASOHOL95 E85,22.5934,,1.125,0.1125,3.86,0.05,27.7409,1.9419,29.6828,3.6049,0.2523,33.54,32.8751,pt-price-st-2026-6-6.xlsx
2026-06-06,fo1500,FO 1500 (2) 2%S,21.0314,,0.64,0.064,0.06,0.05,21.8454,1.5292,23.3746,,,,32.8751,pt-price-st-2026-6-6.xlsx
2026-06-06,fo600,FO 600 (1) 2%S,22.6544,,0.64,0.064,0.06,0.05,23.4684,1.6428,25.1112,,,,32.8751,pt-price-st-2026-6-6.xlsx
2026-06-06,gh91,GASOHOL91,24.2126,,6.75,0.675,4.37,0.05,36.0576,2.524,38.5816,3.4097,0.2387,42.23,32.8751,pt-price-st-2026-6-6.xlsx
2026-06-06,gh95,GASOHOL95 E10,24.621,,6.75,0.675,4.37,0.05,36.466,2.5526,39.0186,3.3471,0.2343,42.6,32.8751,pt-price-st-2026-6-6.xlsx
2026-06-06,gl95,ULG95,24.9973,,7.5,0.75,11.88,0.05,45.1773,3.1624,48.3397,3.5984,0.2519,52.19,32.8751,pt-price-st-2026-6-6.xlsx
2026-06-06,lpg,LPG (BAHT/KILOGRAM),31.7792,,2.17,0.217,-13.2483,0.0,20.9179,1.4643,22.3822,3.2566,0.228,25.8668,32.8751,pt-price-st-2026-6-6.xlsx
2026-06-07,ds,H-DIESEL,30.4313,,6.92,0.692,-1.96,0.05,36.1333,2.5293,38.6626,1.9976,0.1398,40.8,32.8466,pt-price-st-2026-6-7.xlsx
2026-06-07,dsb20,H-DIESEL B20,31.6791,,5.953,0.5953,-7.29,0.05,30.9874,2.1691,33.1565,2.0033,0.1402,35.3,32.8466,pt-price-st-2026-6-7.xlsx
2026-06-07,e20,GASOHOL95 E20,23.5107,,6.0,0.6,1.38,0.05,31.5407,2.2078,33.7485,3.5995,0.252,37.6,32.8466,pt-price-st-2026-6-7.xlsx
2026-06-07,e85,GASOHOL95 E85,22.4524,,1.125,0.1125,4.01,0.05,27.7499,1.9425,29.6924,3.5959,0.2517,33.54,32.8466,pt-price-st-2026-6-7.xlsx
2026-06-07,fo1500,FO 1500 (2) 2%S,20.472,,0.64,0.064,0.06,0.05,21.286,1.49,22.776,,,,32.8466,pt-price-st-2026-6-7.xlsx
2026-06-07,fo600,FO 600 (1) 2%S,21.9178,,0.64,0.064,0.06,0.05,22.7318,1.5912,24.323,,,,32.8466,pt-price-st-2026-6-7.xlsx
2026-06-07,gh91,GASOHOL91,23.6996,,6.75,0.675,4.88,0.05,36.0546,2.5238,38.5784,3.4127,0.2389,42.23,32.8466,pt-price-st-2026-6-7.xlsx
2026-06-07,gh95,GASOHOL95 E10,24.1077,,6.75,0.675,4.88,0.05,36.4627,2.5524,39.0151,3.3504,0.2345,42.6,32.8466,pt-price-st-2026-6-7.xlsx
2026-06-07,gl95,ULG95,24.433,,7.5,0.75,12.44,0.05,45.173,3.1621,48.3351,3.6027,0.2522,52.19,32.8466,pt-price-st-2026-6-7.xlsx
2026-06-07,lpg,LPG (BAHT/KILOGRAM),31.7792,,2.17,0.217,-13.2483,0.0,20.9179,1.4643,22.3822,3.2566,0.228,25.8668,32.8466,pt-price-st-2026-6-7.xlsx
2026-06-08,ds,H-DIESEL,30.4717,,6.92,0.692,-1.96,0.05,36.1737,2.5322,38.7059,1.9571,0.137,40.8,32.8466,pt-price-st-2026-6-8.xlsx
2026-06-08,dsb20,H-DIESEL B20,31.7447,,5.953,0.5953,-7.29,0.05,31.053,2.1737,33.2267,1.9377,0.1356,35.3,32.8466,pt-price-st-2026-6-8.xlsx
2026-06-08,e20,GASOHOL95 E20,23.5298,,6.0,0.6,1.38,0.05,31.5598,2.2092,33.769,3.5804,0.2506,37.6,32.8466,pt-price-st-2026-6-8.xlsx
2026-06-08,e85,GASOHOL95 E85,22.4583,,1.125,0.1125,4.01,0.05,27.7558,1.9429,29.6987,3.59,0.2513,33.54,32.8466,pt-price-st-2026-6-8.xlsx
2026-06-08,fo1500,FO 1500 (2) 2%S,20.472,,0.64,0.064,0.06,0.05,21.286,1.49,22.776,,,,32.8466,pt-price-st-2026-6-8.xlsx
2026-06-08,fo600,FO 600 (1) 2%S,21.9178,,0.64,0.064,0.06,0.05,22.7318,1.5912,24.323,,,,32.8466,pt-price-st-2026-6-8.xlsx
2026-06-08,gh91,GASOHOL91,23.7211,,6.75,0.675,4.88,0.05,36.0761,2.5253,38.6014,3.3912,0.2374,42.23,32.8466,pt-price-st-2026-6-8.xlsx
2026-06-08,gh95,GASOHOL95 E10,24.1294,,6.75,0.675,4.88,0.05,36.4844,2.5539,39.0383,3.3287,0.233,42.6,32.8466,pt-price-st-2026-6-8.xlsx
2026-06-08,gl95,ULG95,24.4566,,7.5,0.75,12.44,0.05,45.1966,3.1638,48.3604,3.5791,0.2505,52.19,32.8466,pt-price-st-2026-6-8.xlsx
2026-06-08,lpg,LPG (BAHT/KILOGRAM),31.7792,,2.17,0.217,-13.2483,0.0,20.9179,1.4643,22.3822,3.2566,0.228,25.8668,32.8466,pt-price-st-2026-6-8.xlsx
2026-06-09,ds,H-DIESEL,30.6921,,6.92,0.692,-1.76,0.05,36.5941,2.5616,39.1557,2.004,0.1403,41.3,33.0253,pt-price-st-2026-6-9.xlsx
2026-06-09,dsb20,H-DIESEL B20,31.9358,,5.953,0.5953,-7.08,0.05,31.4541,2.2018,33.6559,2.0038,0.1403,35.8,33.0253,pt-price-st-2026-6-9.xlsx
2026-06-09,e20,GASOHOL95 E20,24.3305,,6.0,0.6,1.03,0.05,32.0105,2.2407,34.2512,3.597,0.2518,38.1,33.0253,pt-price-st-2026-6-9.xlsx
2026-06-09,e85,GASOHOL95 E85,22.7055,,1.125,0.1125,4.22,0.05,28.213,1.9749,30.1879,3.6001,0.252,34.04,33.0253,pt-price-st-2026-6-9.xlsx
2026-06-09,fo1500,FO 1500 (2) 2%S,20.7999,,0.64,0.064,0.06,0.05,21.6139,1.513,23.1269,,,,33.0253,pt-price-st-2026-6-9.xlsx
2026-06-09,fo600,FO 600 (1) 2%S,22.2301,,0.64,0.064,0.06,0.05,23.0441,1.6131,24.6572,,,,33.0253,pt-price-st-2026-6-9.xlsx
2026-06-09,gh91,GASOHOL91,24.6207,,6.75,0.675,4.42,0.05,36.5157,2.5561,39.0718,3.4189,0.2393,42.73,33.0253,pt-price-st-2026-6-9.xlsx
2026-06-09,gh95,GASOHOL95 E10,25.0312,,6.75,0.675,4.42,0.05,36.9262,2.5848,39.511,3.3542,0.2348,43.1,33.0253,pt-price-st-2026-6-9.xlsx
2026-06-09,gl95,ULG95,25.4486,,7.5,0.75,11.89,0.05,45.6386,3.1947,48.8333,3.6044,0.2523,52.69,33.0253,pt-price-st-2026-6-9.xlsx
2026-06-09,lpg,LPG (BAHT/KILOGRAM),31.7792,,2.17,0.217,-13.2483,0.0,20.9179,1.4643,22.3822,3.2566,0.228,25.8668,33.0253,pt-price-st-2026-6-9.xlsx
2026-06-10,ds,H-DIESEL,30.1286,,6.92,0.692,-1.19,0.05,36.6006,2.562,39.1626,1.9976,0.1398,41.3,32.9986,pt-price-st-2026-6-10.xlsx
2026-06-10,dsb20,H-DIESEL B20,31.4471,,5.953,0.5953,-6.59,0.05,31.4554,2.2019,33.6573,2.0025,0.1402,35.8,32.9986,pt-price-st-2026-6-10.xlsx
2026-06-10,e20,GASOHOL95 E20,24.4725,,6.0,0.6,0.89,0.05,32.0125,2.2409,34.2534,3.595,0.2516,38.1,32.9986,pt-price-st-2026-6-10.xlsx
2026-06-10,e85,GASOHOL95 E85,22.7493,,1.125,0.1125,4.18,0.05,28.2168,1.9752,30.192,3.5963,0.2517,34.04,32.9986,pt-price-st-2026-6-10.xlsx
2026-06-10,fo1500,FO 1500 (2) 2%S,20.121,,0.64,0.064,0.06,0.05,20.935,1.4655,22.4005,,,,32.9986,pt-price-st-2026-6-10.xlsx
2026-06-10,fo600,FO 600 (1) 2%S,21.5635,,0.64,0.064,0.06,0.05,22.3775,1.5664,23.9439,,,,32.9986,pt-price-st-2026-6-10.xlsx
2026-06-10,gh91,GASOHOL91,24.7803,,6.75,0.675,4.26,0.05,36.5153,2.5561,39.0714,3.4193,0.2393,42.73,32.9986,pt-price-st-2026-6-10.xlsx
2026-06-10,gh95,GASOHOL95 E10,25.1905,,6.75,0.675,4.26,0.05,36.9255,2.5848,39.5103,3.3549,0.2348,43.1,32.9986,pt-price-st-2026-6-10.xlsx
2026-06-10,gl95,ULG95,25.6235,,7.5,0.75,11.72,0.05,45.6435,3.195,48.8385,3.5995,0.252,52.69,32.9986,pt-price-st-2026-6-10.xlsx
2026-06-10,lpg,LPG (BAHT/KILOGRAM),31.7792,,2.17,0.217,-13.2483,0.0,20.9179,1.4643,22.3822,3.2566,0.228,25.8668,32.9986,pt-price-st-2026-6-10.xlsx
2026-06-11,ds,H-DIESEL,29.5059,,6.92,0.692,-1.04,0.05,36.1279,2.529,38.6569,2.0029,0.1402,40.8,33.0895,pt-price-st-2026-6-11.xlsx
2026-06-11,dsb20,H-DIESEL B20,30.9071,,5.953,0.5953,-6.05,0.05,31.4554,2.2019,33.6573,2.0025,0.1402,35.8,33.0895,pt-price-st-2026-6-11.xlsx
2026-06-11,e20,GASOHOL95 E20,24.2214,,6.0,0.6,1.14,0.05,32.0114,2.2408,34.2522,3.5961,0.2517,38.1,33.0895,pt-price-st-2026-6-11.xlsx
2026-06-11,e85,GASOHOL95 E85,22.6718,,1.125,0.1125,4.25,0.05,28.2093,1.9747,30.184,3.6037,0.2523,34.04,33.0895,pt-price-st-2026-6-11.xlsx
2026-06-11,fo1500,FO 1500 (2) 2%S,19.7233,,0.64,0.064,0.06,0.05,20.5373,1.4376,21.9749,,,,33.0895,pt-price-st-2026-6-11.xlsx
2026-06-11,fo600,FO 600 (1) 2%S,21.1236,,0.64,0.064,0.06,0.05,21.9376,1.5356,23.4732,,,,33.0895,pt-price-st-2026-6-11.xlsx
2026-06-11,gh91,GASOHOL91,24.4981,,6.75,0.675,4.55,0.05,36.5231,2.5566,39.0797,3.4115,0.2388,42.73,33.0895,pt-price-st-2026-6-11.xlsx
2026-06-11,gh95,GASOHOL95 E10,24.9094,,6.75,0.675,4.55,0.05,36.9344,2.5854,39.5198,3.346,0.2342,43.1,33.0895,pt-price-st-2026-6-11.xlsx
2026-06-11,gl95,ULG95,25.3149,,7.5,0.75,12.03,0.05,45.6449,3.1951,48.84,3.5981,0.2519,52.69,33.0895,pt-price-st-2026-6-11.xlsx
2026-06-11,lpg,LPG (BAHT/KILOGRAM),31.7792,,2.17,0.217,-13.2483,0.0,20.9179,1.4643,22.3822,3.2566,0.228,25.8668,33.0895,pt-price-st-2026-6-11.xlsx
2026-06-12,ds,H-DIESEL,29.5213,,6.92,0.692,-1.04,0.05,36.1433,2.53,38.6733,1.9876,0.1391,40.8,33.0943,pt-price-st-2026-6-12.xlsx
2026-06-12,dsb20,H-DIESEL B20,30.9204,,5.953,0.5953,-6.05,0.05,31.4687,2.2028,33.6715,1.9893,0.1392,35.8,33.0943,pt-price-st-2026-6-12.xlsx
2026-06-12,e20,GASOHOL95 E20,24.2635,,6.0,0.6,1.14,0.05,32.0535,2.2437,34.2972,3.554,0.2488,38.1,33.0943,pt-price-st-2026-6-12.xlsx
2026-06-12,e85,GASOHOL95 E85,22.6848,,1.125,0.1125,4.25,0.05,28.2223,1.9756,30.1979,3.5907,0.2514,34.04,33.0943,pt-price-st-2026-6-12.xlsx
2026-06-12,fo1500,FO 1500 (2) 2%S,19.7083,,0.64,0.064,0.06,0.05,20.5223,1.4366,21.9589,,,,33.0943,pt-price-st-2026-6-12.xlsx
2026-06-12,fo600,FO 600 (1) 2%S,21.1186,,0.64,0.064,0.06,0.05,21.9326,1.5353,23.4679,,,,33.0943,pt-price-st-2026-6-12.xlsx
2026-06-12,gh91,GASOHOL91,24.5454,,6.75,0.675,4.55,0.05,36.5704,2.5599,39.1303,3.3642,0.2355,42.73,33.0943,pt-price-st-2026-6-12.xlsx
2026-06-12,gh95,GASOHOL95 E10,24.9567,,6.75,0.675,4.55,0.05,36.9817,2.5887,39.5704,3.2987,0.2309,43.1,33.0943,pt-price-st-2026-6-12.xlsx
2026-06-12,gl95,ULG95,25.3669,,7.5,0.75,12.03,0.05,45.6969,3.1988,48.8957,3.5461,0.2482,52.69,33.0943,pt-price-st-2026-6-12.xlsx
2026-06-12,lpg,LPG (BAHT/KILOGRAM),31.7792,,2.17,0.217,-13.2483,0.0,20.9179,1.4643,22.3822,3.2566,0.228,25.8668,33.0943,pt-price-st-2026-6-12.xlsx
2026-06-13,ds,H-DIESEL,29.5213,,6.92,0.692,-1.99,0.05,35.1933,2.4635,37.6568,2.003,0.1402,39.8,33.0943,pt-price-st-2026-6-13.xlsx
2026-06-13,dsb20,H-DIESEL B20,30.9204,,5.953,0.5953,-7.0,0.05,30.5187,2.1363,32.655,2.0047,0.1403,34.8,33.0943,pt-price-st-2026-6-13.xlsx
2026-06-13,e20,GASOHOL95 E20,24.2635,,6.0,0.6,0.35,0.05,31.2635,2.1884,33.4519,3.5964,0.2517,37.3,33.0943,pt-price-st-2026-6-13.xlsx
2026-06-13,e85,GASOHOL95 E85,22.6848,,1.125,0.1125,3.49,0.05,27.4623,1.9224,29.3847,3.6031,0.2522,33.24,33.0943,pt-price-st-2026-6-13.xlsx
2026-06-13,fo1500,FO 1500 (2) 2%S,19.7083,,0.64,0.064,0.06,0.05,20.5223,1.4366,21.9589,,,,33.0943,pt-price-st-2026-6-13.xlsx
2026-06-13,fo600,FO 600 (1) 2%S,21.1186,,0.64,0.064,0.06,0.05,21.9326,1.5353,23.4679,,,,33.0943,pt-price-st-2026-6-13.xlsx
2026-06-13,gh91,GASOHOL91,24.5454,,6.75,0.675,3.75,0.05,35.7704,2.5039,38.2743,3.4165,0.2392,41.93,33.0943,pt-price-st-2026-6-13.xlsx
2026-06-13,gh95,GASOHOL95 E10,24.9567,,6.75,0.675,3.75,0.05,36.1817,2.5327,38.7144,3.351,0.2346,42.3,33.0943,pt-price-st-2026-6-13.xlsx
2026-06-13,gl95,ULG95,25.3669,,7.5,0.75,11.23,0.05,44.8969,3.1428,48.0397,3.5984,0.2519,51.89,33.0943,pt-price-st-2026-6-13.xlsx
2026-06-13,lpg,LPG (BAHT/KILOGRAM),31.7792,,2.17,0.217,-13.2483,0.0,20.9179,1.4643,22.3822,3.2566,0.228,25.8668,33.0943,pt-price-st-2026-6-13.xlsx
2026-06-14,ds,H-DIESEL,28.0867,,6.92,0.692,-0.55,0.05,35.1987,2.4639,37.6626,1.9976,0.1398,39.8,32.9594,pt-price-st-2026-6-14.xlsx
2026-06-14,dsb20,H-DIESEL B20,29.6763,,5.953,0.5953,-5.75,0.05,30.5246,2.1367,32.6613,1.9988,0.1399,34.8,32.9594,pt-price-st-2026-6-14.xlsx
2026-06-14,e20,GASOHOL95 E20,23.5298,,6.0,0.6,1.08,0.05,31.2598,2.1882,33.448,3.6,0.252,37.3,32.9594,pt-price-st-2026-6-14.xlsx
2026-06-14,e85,GASOHOL95 E85,22.4583,,1.125,0.1125,3.72,0.05,27.4658,1.9226,29.3884,3.5996,0.252,33.24,32.9594,pt-price-st-2026-6-14.xlsx
2026-06-14,fo1500,FO 1500 (2) 2%S,18.7417,,0.64,0.064,0.06,0.05,19.5557,1.3689,20.9246,,,,32.9594,pt-price-st-2026-6-14.xlsx
2026-06-14,fo600,FO 600 (1) 2%S,20.0601,,0.64,0.064,0.06,0.05,20.8741,1.4612,22.3353,,,,32.9594,pt-price-st-2026-6-14.xlsx
2026-06-14,gh91,GASOHOL91,23.7211,,6.75,0.675,4.58,0.05,35.7761,2.5043,38.2804,3.4108,0.2388,41.93,32.9594,pt-price-st-2026-6-14.xlsx
2026-06-14,gh95,GASOHOL95 E10,24.1308,,6.75,0.675,4.58,0.05,36.1858,2.533,38.7188,3.3469,0.2343,42.3,32.9594,pt-price-st-2026-6-14.xlsx
2026-06-14,gl95,ULG95,24.4585,,7.5,0.75,12.14,0.05,44.8985,3.1429,48.0414,3.5968,0.2518,51.89,32.9594,pt-price-st-2026-6-14.xlsx
2026-06-14,lpg,LPG (BAHT/KILOGRAM),31.7792,,2.17,0.217,-13.2483,0.0,20.9179,1.4643,22.3822,3.2566,0.228,25.8668,32.9594,pt-price-st-2026-6-14.xlsx
2026-06-15,ds,H-DIESEL,28.0946,,6.92,0.692,-0.55,0.05,35.2066,2.4645,37.6711,1.9896,0.1393,39.8,32.9594,pt-price-st-2026-6-15.xlsx
2026-06-15,dsb20,H-DIESEL B20,29.6991,,5.953,0.5953,-5.75,0.05,30.5474,2.1383,32.6857,1.976,0.1383,34.8,32.9594,pt-price-st-2026-6-15.xlsx
2026-06-15,e20,GASOHOL95 E20,23.5298,,6.0,0.6,1.08,0.05,31.2598,2.1882,33.448,3.6,0.252,37.3,32.9594,pt-price-st-2026-6-15.xlsx
2026-06-15,e85,GASOHOL95 E85,22.4583,,1.125,0.1125,3.72,0.05,27.4658,1.9226,29.3884,3.5996,0.252,33.24,32.9594,pt-price-st-2026-6-15.xlsx
2026-06-15,fo1500,FO 1500 (2) 2%S,18.7417,,0.64,0.064,0.06,0.05,19.5557,1.3689,20.9246,,,,32.9594,pt-price-st-2026-6-15.xlsx
2026-06-15,fo600,FO 600 (1) 2%S,20.0601,,0.64,0.064,0.06,0.05,20.8741,1.4612,22.3353,,,,32.9594,pt-price-st-2026-6-15.xlsx
2026-06-15,gh91,GASOHOL91,23.7211,,6.75,0.675,4.58,0.05,35.7761,2.5043,38.2804,3.4108,0.2388,41.93,32.9594,pt-price-st-2026-6-15.xlsx
2026-06-15,gh95,GASOHOL95 E10,24.1308,,6.75,0.675,4.58,0.05,36.1858,2.533,38.7188,3.3469,0.2343,42.3,32.9594,pt-price-st-2026-6-15.xlsx
2026-06-15,gl95,ULG95,24.4585,,7.5,0.75,12.14,0.05,44.8985,3.1429,48.0414,3.5968,0.2518,51.89,32.9594,pt-price-st-2026-6-15.xlsx
2026-06-15,lpg,LPG (BAHT/KILOGRAM),31.7792,,2.17,0.217,-13.2483,0.0,20.9179,1.4643,22.3822,3.2566,0.228,25.8668,32.9594,pt-price-st-2026-6-15.xlsx
2026-06-16,ds,H-DIESEL,26.3999,,6.92,0.692,0.2,0.05,34.2619,2.3983,36.6602,1.9998,0.14,38.8,32.7413,pt-price-st-2026-6-16.xlsx
2026-06-16,dsb20,H-DIESEL B20,28.2293,,5.953,0.5953,-5.24,0.05,29.5876,2.0711,31.6587,2.0012,0.1401,33.8,32.7413,pt-price-st-2026-6-16.xlsx
2026-06-16,e20,GASOHOL95 E20,22.518,,6.0,0.6,0.97,0.05,30.138,2.1097,32.2477,3.6003,0.252,36.1,32.7413,pt-price-st-2026-6-16.xlsx
2026-06-16,e85,GASOHOL95 E85,22.146,,1.125,0.1125,2.91,0.05,26.3436,1.8441,28.1877,3.6003,0.252,32.04,32.7413,pt-price-st-2026-6-16.xlsx
2026-06-16,fo1500,FO 1500 (2) 2%S,17.346,,0.64,0.064,0.06,0.05,18.16,1.2712,19.4312,,,,32.7413,pt-price-st-2026-6-16.xlsx
2026-06-16,fo600,FO 600 (1) 2%S,18.5955,,0.64,0.064,0.06,0.05,19.4095,1.3587,20.7682,,,,32.7413,pt-price-st-2026-6-16.xlsx
2026-06-16,gh91,GASOHOL91,22.5844,,6.75,0.675,4.59,0.05,34.6494,2.4255,37.0749,3.416,0.2391,40.73,32.7413,pt-price-st-2026-6-16.xlsx
2026-06-16,gh95,GASOHOL95 E10,22.9915,,6.75,0.675,4.59,0.05,35.0565,2.454,37.5105,3.3547,0.2348,41.1,32.7413,pt-price-st-2026-6-16.xlsx
2026-06-16,gl95,ULG95,23.2052,,7.5,0.75,12.27,0.05,43.7752,3.0643,46.8395,3.5986,0.2519,50.69,32.7413,pt-price-st-2026-6-16.xlsx
2026-06-16,lpg,LPG (BAHT/KILOGRAM),31.7792,,2.17,0.217,-13.2483,0.0,20.9179,1.4643,22.3822,3.2566,0.228,25.8668,32.7413,pt-price-st-2026-6-16.xlsx
2026-06-17,ds,H-DIESEL,25.5156,,6.92,0.692,1.08,0.05,34.2576,2.398,36.6556,2.0041,0.1403,38.8,32.7375,pt-price-st-2026-6-17.xlsx
2026-06-17,dsb20,H-DIESEL B20,27.4625,,5.953,0.5953,-4.47,0.05,29.5908,2.0714,31.6622,1.9979,0.1399,33.8,32.7375,pt-price-st-2026-6-17.xlsx
2026-06-17,e20,GASOHOL95 E20,22.193,,6.0,0.6,0.59,0.05,29.433,2.0603,31.4933,3.6044,0.2523,35.35,32.7375,pt-price-st-2026-6-17.xlsx
2026-06-17,e85,GASOHOL95 E85,22.0457,,1.125,0.1125,2.31,0.05,25.6433,1.795,27.4383,3.5997,0.252,31.29,32.7375,pt-price-st-2026-6-17.xlsx
2026-06-17,fo1500,FO 1500 (2) 2%S,16.3638,,0.64,0.064,0.06,0.05,17.1778,1.2024,18.3802,,,,32.7375,pt-price-st-2026-6-17.xlsx
2026-06-17,fo600,FO 600 (1) 2%S,17.6187,,0.64,0.064,0.06,0.05,18.4327,1.2903,19.723,,,,32.7375,pt-price-st-2026-6-17.xlsx
2026-06-17,gh91,GASOHOL91,22.2193,,6.75,0.675,4.26,0.05,33.9543,2.3768,36.3311,3.4102,0.2387,39.98,32.7375,pt-price-st-2026-6-17.xlsx
2026-06-17,gh95,GASOHOL95 E10,22.6263,,6.75,0.675,4.26,0.05,34.3613,2.4053,36.7666,3.349,0.2344,40.35,32.7375,pt-price-st-2026-6-17.xlsx
2026-06-17,gl95,ULG95,22.8038,,7.5,0.75,11.97,0.05,43.0738,3.0152,46.089,3.5991,0.2519,49.94,32.7375,pt-price-st-2026-6-17.xlsx
2026-06-17,lpg,LPG (BAHT/KILOGRAM),31.7792,,2.17,0.217,-13.2483,0.0,20.9179,1.4643,22.3822,3.2566,0.228,25.8668,32.7375,pt-price-st-2026-6-17.xlsx
2026-06-19,ds,H-DIESEL,24.7386,,6.92,0.692,0.65,0.05,33.0506,2.3135,35.3641,1.9962,0.1397,37.5,32.8315,pt-price-st-2026-6-19.xlsx
2026-06-19,dsb20,H-DIESEL B20,26.7887,,5.953,0.5953,-5.01,0.05,28.377,1.9864,30.3634,1.9968,0.1398,32.5,32.8315,pt-price-st-2026-6-19.xlsx
2026-06-19,e20,GASOHOL95 E20,21.7497,,6.0,0.6,-0.36,0.05,28.0397,1.9628,30.0025,3.5958,0.2517,33.85,32.8315,pt-price-st-2026-6-19.xlsx
2026-06-19,e85,GASOHOL95 E85,21.9089,,1.125,0.1125,1.04,0.05,24.2364,1.6965,25.9329,3.6048,0.2523,29.79,32.8315,pt-price-st-2026-6-19.xlsx
2026-06-19,fo1500,FO 1500 (2) 2%S,15.1363,,0.64,0.064,0.06,0.05,15.9503,1.1165,17.0668,,,,32.8315,pt-price-st-2026-6-19.xlsx
2026-06-19,fo600,FO 600 (1) 2%S,16.4555,,0.64,0.064,0.06,0.05,17.2695,1.2089,18.4784,,,,32.8315,pt-price-st-2026-6-19.xlsx
2026-06-19,gh91,GASOHOL91,21.7213,,6.75,0.675,3.35,0.05,32.5463,2.2782,34.8245,3.4164,0.2391,38.48,32.8315,pt-price-st-2026-6-19.xlsx
2026-06-19,gh95,GASOHOL95 E10,22.1294,,6.75,0.675,3.35,0.05,32.9544,2.3068,35.2612,3.354,0.2348,38.85,32.8315,pt-price-st-2026-6-19.xlsx
2026-06-19,gl95,ULG95,22.2579,,7.5,0.75,11.11,0.05,41.6679,2.9168,44.5847,3.6031,0.2522,48.44,32.8315,pt-price-st-2026-6-19.xlsx
2026-06-19,lpg,LPG (BAHT/KILOGRAM),31.7792,,2.17,0.217,-13.2483,0.0,20.9179,1.4643,22.3822,3.2566,0.228,25.8668,32.8315,pt-price-st-2026-6-19.xlsx
2026-06-20,ds,H-DIESEL,24.7386,,6.92,0.692,0.65,0.05,33.0506,2.3135,35.3641,1.9962,0.1397,37.5,32.8315,pt-price-st-2026-6-20.xlsx
2026-06-20,dsb20,H-DIESEL B20,26.7887,,5.953,0.5953,-5.01,0.05,28.377,1.9864,30.3634,1.9968,0.1398,32.5,32.8315,pt-price-st-2026-6-20.xlsx
2026-06-20,e20,GASOHOL95 E20,21.7497,,6.0,0.6,-0.36,0.05,28.0397,1.9628,30.0025,3.5958,0.2517,33.85,32.8315,pt-price-st-2026-6-20.xlsx
2026-06-20,e85,GASOHOL95 E85,21.9089,,1.125,0.1125,1.04,0.05,24.2364,1.6965,25.9329,3.6048,0.2523,29.79,32.8315,pt-price-st-2026-6-20.xlsx
2026-06-20,fo1500,FO 1500 (2) 2%S,15.1363,,0.64,0.064,0.06,0.05,15.9503,1.1165,17.0668,,,,32.8315,pt-price-st-2026-6-20.xlsx
2026-06-20,fo600,FO 600 (1) 2%S,16.4555,,0.64,0.064,0.06,0.05,17.2695,1.2089,18.4784,,,,32.8315,pt-price-st-2026-6-20.xlsx
2026-06-20,gh91,GASOHOL91,21.7213,,6.75,0.675,3.35,0.05,32.5463,2.2782,34.8245,3.4164,0.2391,38.48,32.8315,pt-price-st-2026-6-20.xlsx
2026-06-20,gh95,GASOHOL95 E10,22.1294,,6.75,0.675,3.35,0.05,32.9544,2.3068,35.2612,3.354,0.2348,38.85,32.8315,pt-price-st-2026-6-20.xlsx
2026-06-20,gl95,ULG95,22.2579,,7.5,0.75,11.11,0.05,41.6679,2.9168,44.5847,3.6031,0.2522,48.44,32.8315,pt-price-st-2026-6-20.xlsx
2026-06-20,lpg,LPG (BAHT/KILOGRAM),31.7792,,2.17,0.217,-13.2483,0.0,20.9179,1.4643,22.3822,3.2566,0.228,25.8668,32.8315,pt-price-st-2026-6-20.xlsx
2026-06-21,ds,H-DIESEL,24.7584,,6.92,0.692,0.65,0.05,33.0704,2.3149,35.3853,1.9764,0.1383,37.5,32.9927,pt-price-st-2026-6-21.xlsx
2026-06-21,dsb20,H-DIESEL B20,26.8058,,5.953,0.5953,-5.01,0.05,28.3941,1.9876,30.3817,1.9797,0.1386,32.5,32.9927,pt-price-st-2026-6-21.xlsx
2026-06-21,e20,GASOHOL95 E20,21.9762,,6.0,0.6,-0.59,0.05,28.0362,1.9625,29.9987,3.5993,0.252,33.85,32.9927,pt-price-st-2026-6-21.xlsx
2026-06-21,e85,GASOHOL95 E85,21.9788,,1.125,0.1125,0.98,0.05,24.2463,1.6972,25.9435,3.5949,0.2516,29.79,32.9927,pt-price-st-2026-6-21.xlsx
2026-06-21,fo1500,FO 1500 (2) 2%S,15.3297,,0.64,0.064,0.06,0.05,16.1437,1.1301,17.2738,,,,32.9927,pt-price-st-2026-6-21.xlsx
2026-06-21,fo600,FO 600 (1) 2%S,16.6202,,0.64,0.064,0.06,0.05,17.4342,1.2204,18.6546,,,,32.9927,pt-price-st-2026-6-21.xlsx
2026-06-21,gh91,GASOHOL91,21.9757,,6.75,0.675,3.1,0.05,32.5507,2.2785,34.8292,3.412,0.2388,38.48,32.9927,pt-price-st-2026-6-21.xlsx
2026-06-21,gh95,GASOHOL95 E10,22.3859,,6.75,0.675,3.1,0.05,32.9609,2.3073,35.2682,3.3475,0.2343,38.85,32.9927,pt-price-st-2026-6-21.xlsx
2026-06-21,gl95,ULG95,22.5403,,7.5,0.75,10.83,0.05,41.6703,2.9169,44.5872,3.6007,0.2521,48.44,32.9927,pt-price-st-2026-6-21.xlsx
2026-06-21,lpg,LPG (BAHT/KILOGRAM),31.7792,,2.17,0.217,-13.2483,0.0,20.9179,1.4643,22.3822,3.2566,0.228,25.8668,32.9927,pt-price-st-2026-6-21.xlsx
2026-06-22,ds,H-DIESEL,24.6924,,6.92,0.692,0.65,0.05,33.0044,2.3103,35.3147,2.0423,0.143,37.5,32.9927,pt-price-st-2026-6-22.xlsx
2026-06-22,dsb20,H-DIESEL B20,26.6158,,5.953,0.5953,-5.01,0.05,28.2041,1.9743,30.1784,2.1697,0.1519,32.5,32.9927,pt-price-st-2026-6-22.xlsx
2026-06-22,e20,GASOHOL95 E20,21.9762,,6.0,0.6,-0.59,0.05,28.0362,1.9625,29.9987,3.5993,0.252,33.85,32.9927,pt-price-st-2026-6-22.xlsx
2026-06-22,e85,GASOHOL95 E85,21.9788,,1.125,0.1125,0.98,0.05,24.2463,1.6972,25.9435,3.5949,0.2516,29.79,32.9927,pt-price-st-2026-6-22.xlsx
2026-06-22,fo1500,FO 1500 (2) 2%S,15.3297,,0.64,0.064,0.06,0.05,16.1437,1.1301,17.2738,,,,32.9927,pt-price-st-2026-6-22.xlsx
2026-06-22,fo600,FO 600 (1) 2%S,16.6202,,0.64,0.064,0.06,0.05,17.4342,1.2204,18.6546,,,,32.9927,pt-price-st-2026-6-22.xlsx
2026-06-22,gh91,GASOHOL91,21.9757,,6.75,0.675,3.1,0.05,32.5507,2.2785,34.8292,3.412,0.2388,38.48,32.9927,pt-price-st-2026-6-22.xlsx
2026-06-22,gh95,GASOHOL95 E10,22.3859,,6.75,0.675,3.1,0.05,32.9609,2.3073,35.2682,3.3475,0.2343,38.85,32.9927,pt-price-st-2026-6-22.xlsx
2026-06-22,gl95,ULG95,22.5403,,7.5,0.75,10.83,0.05,41.6703,2.9169,44.5872,3.6007,0.2521,48.44,32.9927,pt-price-st-2026-6-22.xlsx
2026-06-22,lpg,LPG (BAHT/KILOGRAM),31.7792,,2.17,0.217,-13.2483,0.0,20.9179,1.4643,22.3822,3.2566,0.228,25.8668,32.9927,pt-price-st-2026-6-22.xlsx
2026-06-23,ds,H-DIESEL,25.0187,,6.92,0.692,0.37,0.05,33.0507,2.3135,35.3642,1.9961,0.1397,37.5,33.0864,pt-price-st-2026-6-23.xlsx
2026-06-23,dsb20,H-DIESEL B20,26.8988,,5.953,0.5953,-5.12,0.05,28.3771,1.9864,30.3635,1.9967,0.1398,32.5,33.0864,pt-price-st-2026-6-23.xlsx
2026-06-23,e20,GASOHOL95 E20,22.1381,,6.0,0.6,-0.75,0.05,28.0381,1.9627,30.0008,3.5974,0.2518,33.85,33.0864,pt-price-st-2026-6-23.xlsx
2026-06-23,e85,GASOHOL95 E85,22.0288,,1.125,0.1125,0.92,0.05,24.2363,1.6965,25.9328,3.6049,0.2523,29.79,33.0864,pt-price-st-2026-6-23.xlsx
2026-06-23,fo1500,FO 1500 (2) 2%S,15.3692,,0.64,0.064,0.06,0.05,16.1832,1.1328,17.316,,,,33.0864,pt-price-st-2026-6-23.xlsx
2026-06-23,fo600,FO 600 (1) 2%S,16.7104,,0.64,0.064,0.06,0.05,17.5244,1.2267,18.7511,,,,33.0864,pt-price-st-2026-6-23.xlsx
2026-06-23,gh91,GASOHOL91,22.1576,,6.75,0.675,2.91,0.05,32.5426,2.278,34.8206,3.42,0.2394,38.48,33.0864,pt-price-st-2026-6-23.xlsx
2026-06-23,gh95,GASOHOL95 E10,22.5689,,6.75,0.675,2.91,0.05,32.9539,2.3068,35.2607,3.3545,0.2348,38.85,33.0864,pt-price-st-2026-6-23.xlsx
2026-06-23,gl95,ULG95,22.7418,,7.5,0.75,10.63,0.05,41.6718,2.917,44.5888,3.5993,0.2519,48.44,33.0864,pt-price-st-2026-6-23.xlsx
2026-06-23,lpg,LPG (BAHT/KILOGRAM),31.7792,,2.17,0.217,-13.2483,0.0,20.9179,1.4643,22.3822,3.2566,0.228,25.8668,33.0864,pt-price-st-2026-6-23.xlsx
2026-06-24,ds,H-DIESEL,24.7078,,6.92,0.692,0.68,0.05,33.0498,2.3135,35.3633,1.9969,0.1398,37.5,33.2053,pt-price-st-2026-6-24.xlsx
2026-06-24,dsb20,H-DIESEL B20,26.6291,,5.953,0.5953,-4.85,0.05,28.3774,1.9864,30.3638,1.9964,0.1398,32.5,33.2053,pt-price-st-2026-6-24.xlsx
2026-06-24,e20,GASOHOL95 E20,21.8879,,6.0,0.6,-0.5,0.05,28.0379,1.9627,30.0006,3.5976,0.2518,33.85,33.2053,pt-price-st-2026-6-24.xlsx
2026-06-24,e85,GASOHOL95 E85,21.9516,,1.125,0.1125,1.0,0.05,24.2391,1.6967,25.9358,3.6021,0.2521,29.79,33.2053,pt-price-st-2026-6-24.xlsx
2026-06-24,fo1500,FO 1500 (2) 2%S,15.0337,,0.64,0.064,0.06,0.05,15.8477,1.1093,16.957,,,,33.2053,pt-price-st-2026-6-24.xlsx
2026-06-24,fo600,FO 600 (1) 2%S,16.3749,,0.64,0.064,0.06,0.05,17.1889,1.2032,18.3921,,,,33.2053,pt-price-st-2026-6-24.xlsx
2026-06-24,gh91,GASOHOL91,21.8765,,6.75,0.675,3.19,0.05,32.5415,2.2779,34.8194,3.4211,0.2395,38.48,33.2053,pt-price-st-2026-6-24.xlsx
2026-06-24,gh95,GASOHOL95 E10,22.2892,,6.75,0.675,3.19,0.05,32.9542,2.3068,35.261,3.3542,0.2348,38.85,33.2053,pt-price-st-2026-6-24.xlsx
2026-06-24,gl95,ULG95,22.4348,,7.5,0.75,10.94,0.05,41.6748,2.9172,44.592,3.5963,0.2517,48.44,33.2053,pt-price-st-2026-6-24.xlsx
2026-06-24,lpg,LPG (BAHT/KILOGRAM),31.7792,,2.17,0.217,-13.2483,0.0,20.9179,1.4643,22.3822,3.2566,0.228,25.8668,33.2053,pt-price-st-2026-6-24.xlsx
2026-06-25,ds,H-DIESEL,24.7526,,6.92,0.692,0.68,0.05,33.0946,2.3166,35.4112,1.9521,0.1367,37.5,33.4746,pt-price-st-2026-6-25.xlsx
2026-06-25,dsb20,H-DIESEL B20,26.668,,5.953,0.5953,-4.85,0.05,28.4163,1.9891,30.4054,1.9576,0.137,32.5,33.4746,pt-price-st-2026-6-25.xlsx
2026-06-25,e20,GASOHOL95 E20,21.548,,6.0,0.6,-0.91,0.05,27.288,1.9102,29.1982,3.5998,0.252,33.05,33.4746,pt-price-st-2026-6-25.xlsx
2026-06-25,e85,GASOHOL95 E85,21.8467,,1.125,0.1125,0.36,0.05,23.4942,1.6446,25.1388,3.5993,0.2519,28.99,33.4746,pt-price-st-2026-6-25.xlsx
2026-06-25,fo1500,FO 1500 (2) 2%S,14.9883,,0.64,0.064,0.06,0.05,15.8023,1.1062,16.9085,,,,33.4746,pt-price-st-2026-6-25.xlsx
2026-06-25,fo600,FO 600 (1) 2%S,16.3441,,0.64,0.064,0.06,0.05,17.1581,1.2011,18.3592,,,,33.4746,pt-price-st-2026-6-25.xlsx
2026-06-25,gh91,GASOHOL91,21.4947,,6.75,0.675,2.83,0.05,31.7997,2.226,34.0257,3.4152,0.2391,37.68,33.4746,pt-price-st-2026-6-25.xlsx
2026-06-25,gh95,GASOHOL95 E10,21.9107,,6.75,0.675,2.83,0.05,32.2157,2.2551,34.4708,3.345,0.2342,38.05,33.4746,pt-price-st-2026-6-25.xlsx
2026-06-25,gl95,ULG95,22.0195,,7.5,0.75,10.6,0.05,40.9195,2.8644,43.7839,3.6038,0.2523,47.64,33.4746,pt-price-st-2026-6-25.xlsx
2026-06-25,lpg,LPG (BAHT/KILOGRAM),31.7792,,2.17,0.217,-13.2483,0.0,20.9179,1.4643,22.3822,3.2566,0.228,25.8668,33.4746,pt-price-st-2026-6-25.xlsx
2026-06-26,ds,H-DIESEL,24.8955,,6.92,0.692,0.49,0.05,33.0475,2.3133,35.3608,1.9993,0.1399,37.5,33.5698,pt-price-st-2026-6-26.xlsx
2026-06-26,dsb20,H-DIESEL B20,26.7919,,5.953,0.5953,-5.02,0.05,28.3702,1.9859,30.3561,2.0036,0.1403,32.5,33.5698,pt-price-st-2026-6-26.xlsx
2026-06-26,e20,GASOHOL95 E20,21.2456,,6.0,0.6,-0.61,0.05,27.2856,1.91,29.1956,3.6022,0.2522,33.05,33.5698,pt-price-st-2026-6-26.xlsx
2026-06-26,e85,GASOHOL95 E85,21.7533,,1.125,0.1125,0.45,0.05,23.4908,1.6444,25.1352,3.6026,0.2522,28.99,33.5698,pt-price-st-2026-6-26.xlsx
2026-06-26,fo1500,FO 1500 (2) 2%S,14.6903,,0.64,0.064,0.06,0.05,15.5043,1.0853,16.5896,,,,33.5698,pt-price-st-2026-6-26.xlsx
2026-06-26,fo600,FO 600 (1) 2%S,16.1199,,0.64,0.064,0.06,0.05,16.9339,1.1854,18.1193,,,,33.5698,pt-price-st-2026-6-26.xlsx
2026-06-26,gh91,GASOHOL91,21.1549,,6.75,0.675,3.16,0.05,31.7899,2.2253,34.0152,3.425,0.2398,37.68,33.5698,pt-price-st-2026-6-26.xlsx
2026-06-26,gh95,GASOHOL95 E10,21.5722,,6.75,0.675,3.16,0.05,32.2072,2.2545,34.4617,3.3536,0.2347,38.05,33.5698,pt-price-st-2026-6-26.xlsx
2026-06-26,gl95,ULG95,21.6477,,7.5,0.75,10.98,0.05,40.9277,2.8649,43.7926,3.5957,0.2517,47.64,33.5698,pt-price-st-2026-6-26.xlsx
2026-06-26,lpg,LPG (BAHT/KILOGRAM),31.7792,,2.17,0.217,-13.2483,0.0,20.9179,1.4643,22.3822,3.2566,0.228,25.8668,33.5698,pt-price-st-2026-6-26.xlsx
2026-06-27,ds,H-DIESEL,24.8955,,6.92,0.692,0.49,0.05,33.0475,2.3133,35.3608,1.9993,0.1399,37.5,33.5698,pt-price-st-2026-6-27.xlsx
2026-06-27,dsb20,H-DIESEL B20,26.7919,,5.953,0.5953,-5.02,0.05,28.3702,1.9859,30.3561,2.0036,0.1403,32.5,33.5698,pt-price-st-2026-6-27.xlsx
2026-06-27,e20,GASOHOL95 E20,21.2456,,6.0,0.6,-0.61,0.05,27.2856,1.91,29.1956,3.6022,0.2522,33.05,33.5698,pt-price-st-2026-6-27.xlsx
2026-06-27,e85,GASOHOL95 E85,21.7533,,1.125,0.1125,0.45,0.05,23.4908,1.6444,25.1352,3.6026,0.2522,28.99,33.5698,pt-price-st-2026-6-27.xlsx
2026-06-27,fo1500,FO 1500 (2) 2%S,14.6903,,0.64,0.064,0.06,0.05,15.5043,1.0853,16.5896,,,,33.5698,pt-price-st-2026-6-27.xlsx
2026-06-27,fo600,FO 600 (1) 2%S,16.1199,,0.64,0.064,0.06,0.05,16.9339,1.1854,18.1193,,,,33.5698,pt-price-st-2026-6-27.xlsx
2026-06-27,gh91,GASOHOL91,21.1549,,6.75,0.675,3.16,0.05,31.7899,2.2253,34.0152,3.425,0.2398,37.68,33.5698,pt-price-st-2026-6-27.xlsx
2026-06-27,gh95,GASOHOL95 E10,21.5722,,6.75,0.675,3.16,0.05,32.2072,2.2545,34.4617,3.3536,0.2347,38.05,33.5698,pt-price-st-2026-6-27.xlsx
2026-06-27,gl95,ULG95,21.6477,,7.5,0.75,10.98,0.05,40.9277,2.8649,43.7926,3.5957,0.2517,47.64,33.5698,pt-price-st-2026-6-27.xlsx
2026-06-27,lpg,LPG (BAHT/KILOGRAM),31.7792,,2.17,0.217,-13.2483,0.0,20.9179,1.4643,22.3822,3.2566,0.228,25.8668,33.5698,pt-price-st-2026-6-27.xlsx
2026-06-28,ds,H-DIESEL,24.7937,,6.92,0.692,0.49,0.05,32.9457,2.3062,35.2519,2.101,0.1471,37.5,33.5581,pt-price-st-2026-6-28.xlsx
2026-06-28,dsb20,H-DIESEL B20,26.7037,,5.953,0.5953,-5.02,0.05,28.282,1.9797,30.2617,2.0919,0.1464,32.5,33.5581,pt-price-st-2026-6-28.xlsx
2026-06-28,e20,GASOHOL95 E20,21.299,,6.0,0.6,-0.61,0.05,27.339,1.9137,29.2527,3.5489,0.2484,33.05,33.5581,pt-price-st-2026-6-28.xlsx
2026-06-28,e85,GASOHOL95 E85,21.7698,,1.125,0.1125,0.45,0.05,23.5073,1.6455,25.1528,3.5862,0.251,28.99,33.5581,pt-price-st-2026-6-28.xlsx
2026-06-28,fo1500,FO 1500 (2) 2%S,14.4902,,0.64,0.064,0.06,0.05,15.3042,1.0713,16.3755,,,,33.5581,pt-price-st-2026-6-28.xlsx
2026-06-28,fo600,FO 600 (1) 2%S,15.9347,,0.64,0.064,0.06,0.05,16.7487,1.1724,17.9211,,,,33.5581,pt-price-st-2026-6-28.xlsx
2026-06-28,gh91,GASOHOL91,21.2149,,6.75,0.675,3.16,0.05,31.8499,2.2295,34.0794,3.365,0.2356,37.68,33.5581,pt-price-st-2026-6-28.xlsx
2026-06-28,gh95,GASOHOL95 E10,21.632,,6.75,0.675,3.16,0.05,32.267,2.2587,34.5257,3.2937,0.2306,38.05,33.5581,pt-price-st-2026-6-28.xlsx
2026-06-28,gl95,ULG95,21.7133,,7.5,0.75,10.98,0.05,40.9933,2.8695,43.8628,3.5301,0.2471,47.64,33.5581,pt-price-st-2026-6-28.xlsx
2026-06-28,lpg,LPG (BAHT/KILOGRAM),31.7792,,2.17,0.217,-13.2483,0.0,20.9179,1.4643,22.3822,3.2566,0.228,25.8668,33.5581,pt-price-st-2026-6-28.xlsx
2026-06-29,ds,H-DIESEL,24.8491,,6.92,0.692,0.49,0.05,33.0011,2.3101,35.3112,2.0456,0.1432,37.5,33.5581,pt-price-st-2026-6-29.xlsx
2026-06-29,dsb20,H-DIESEL B20,26.8633,,5.953,0.5953,-5.02,0.05,28.4416,1.9909,30.4325,1.9322,0.1353,32.5,33.5581,pt-price-st-2026-6-29.xlsx
2026-06-29,e20,GASOHOL95 E20,21.299,,6.0,0.6,-0.61,0.05,27.339,1.9137,29.2527,3.5489,0.2484,33.05,33.5581,pt-price-st-2026-6-29.xlsx
2026-06-29,e85,GASOHOL95 E85,21.7698,,1.125,0.1125,0.45,0.05,23.5073,1.6455,25.1528,3.5862,0.251,28.99,33.5581,pt-price-st-2026-6-29.xlsx
2026-06-29,fo1500,FO 1500 (2) 2%S,14.4902,,0.64,0.064,0.06,0.05,15.3042,1.0713,16.3755,,,,33.5581,pt-price-st-2026-6-29.xlsx
2026-06-29,fo600,FO 600 (1) 2%S,15.9347,,0.64,0.064,0.06,0.05,16.7487,1.1724,17.9211,,,,33.5581,pt-price-st-2026-6-29.xlsx
2026-06-29,gh91,GASOHOL91,21.2149,,6.75,0.675,3.16,0.05,31.8499,2.2295,34.0794,3.365,0.2356,37.68,33.5581,pt-price-st-2026-6-29.xlsx
2026-06-29,gh95,GASOHOL95 E10,21.632,,6.75,0.675,3.16,0.05,32.267,2.2587,34.5257,3.2937,0.2306,38.05,33.5581,pt-price-st-2026-6-29.xlsx
2026-06-29,gl95,ULG95,21.7133,,7.5,0.75,10.98,0.05,40.9933,2.8695,43.8628,3.5301,0.2471,47.64,33.5581,pt-price-st-2026-6-29.xlsx
2026-06-29,lpg,LPG (BAHT/KILOGRAM),31.7792,,2.17,0.217,-13.2483,0.0,20.9179,1.4643,22.3822,3.2566,0.228,25.8668,33.5581,pt-price-st-2026-6-29.xlsx
2026-06-30,ds,H-DIESEL,24.9501,,6.92,0.692,0.43,0.05,33.0421,2.3129,35.355,2.0047,0.1403,37.5,33.5325,pt-price-st-2026-6-30.xlsx
2026-06-30,dsb20,H-DIESEL B20,26.9508,,5.953,0.5953,-5.18,0.05,28.3691,1.9858,30.3549,2.0048,0.1403,32.5,33.5325,pt-price-st-2026-6-30.xlsx
2026-06-30,e20,GASOHOL95 E20,21.5557,,6.0,0.6,-0.92,0.05,27.2857,1.91,29.1957,3.6021,0.2522,33.05,33.5325,pt-price-st-2026-6-30.xlsx
2026-06-30,e85,GASOHOL95 E85,21.849,,1.125,0.1125,0.36,0.05,23.4966,1.6448,25.1414,3.5968,0.2518,28.99,33.5325,pt-price-st-2026-6-30.xlsx
2026-06-30,fo1500,FO 1500 (2) 2%S,14.6712,,0.64,0.064,0.06,0.05,15.4852,1.084,16.5692,,,,33.5325,pt-price-st-2026-6-30.xlsx
2026-06-30,fo600,FO 600 (1) 2%S,16.1039,,0.64,0.064,0.06,0.05,16.9179,1.1843,18.1022,,,,33.5325,pt-price-st-2026-6-30.xlsx
2026-06-30,gh91,GASOHOL91,21.5033,,6.75,0.675,2.82,0.05,31.7983,2.2259,34.0242,3.4166,0.2392,37.68,33.5325,pt-price-st-2026-6-30.xlsx
2026-06-30,gh95,GASOHOL95 E10,21.9201,,6.75,0.675,2.82,0.05,32.2151,2.2551,34.4702,3.3456,0.2342,38.05,33.5325,pt-price-st-2026-6-30.xlsx
2026-06-30,gl95,ULG95,22.03,,7.5,0.75,10.59,0.05,40.92,2.8644,43.7844,3.6034,0.2522,47.64,33.5325,pt-price-st-2026-6-30.xlsx
2026-06-30,lpg,LPG (BAHT/KILOGRAM),31.7792,,2.17,0.217,-13.2483,0.0,20.9179,1.4643,22.3822,3.2566,0.228,25.8668,33.5325,pt-price-st-2026-6-30.xlsx
2026-07-01,ds,H-DIESEL,25.1104,,6.92,0.692,0.27,0.05,33.0424,2.313,35.3554,2.0043,0.1403,37.5,33.4363,pt-price-st-2026-7-01.xlsx
2026-07-01,dsb20,H-DIESEL B20,27.0898,,5.953,0.5953,-5.31,0.05,28.3781,1.9865,30.3646,1.9957,0.1397,32.5,33.4363,pt-price-st-2026-7-01.xlsx
2026-07-01,e20,GASOHOL95 E20,22.0562,,6.0,0.6,-1.42,0.05,27.2862,1.91,29.1962,3.6017,0.2521,33.05,33.4363,pt-price-st-2026-7-01.xlsx
2026-07-01,e85,GASOHOL95 E85,24.1398,,1.125,0.1125,-1.93,0.05,23.4973,1.6448,25.1421,3.5962,0.2517,28.99,33.4363,pt-price-st-2026-7-01.xlsx
2026-07-01,fo1500,FO 1500 (2) 2%S,14.6368,,0.64,0.064,0.06,0.05,15.4508,1.0816,16.5324,,,,33.4363,pt-price-st-2026-7-01.xlsx
2026-07-01,fo600,FO 600 (1) 2%S,16.1035,,0.64,0.064,0.06,0.05,16.9175,1.1842,18.1017,,,,33.4363,pt-price-st-2026-7-01.xlsx
2026-07-01,gh91,GASOHOL91,21.6841,,6.75,0.675,2.64,0.05,31.7991,2.2259,34.025,3.4159,0.2391,37.68,33.4363,pt-price-st-2026-7-01.xlsx
2026-07-01,gh95,GASOHOL95 E10,22.0998,,6.75,0.675,2.64,0.05,32.2148,2.255,34.4698,3.346,0.2342,38.05,33.4363,pt-price-st-2026-7-01.xlsx
2026-07-01,gl95,ULG95,21.9214,,7.5,0.75,10.7,0.05,40.9214,2.8645,43.7859,3.602,0.2521,47.64,33.4363,pt-price-st-2026-7-01.xlsx
2026-07-01,lpg,LPG (BAHT/KILOGRAM),31.7792,,2.17,0.217,-13.2483,0.0,20.9179,1.4643,22.3822,3.2566,0.228,25.8668,33.4363,pt-price-st-2026-7-01.xlsx
2026-07-02,ds,H-DIESEL,25.4501,,6.92,0.692,-0.07,0.05,33.0421,2.3129,35.355,2.0047,0.1403,37.5,33.4701,pt-price-st-2026-7-02.xlsx
2026-07-02,dsb20,H-DIESEL B20,27.3844,,5.953,0.5953,-5.61,0.05,28.3727,1.9861,30.3588,2.0011,0.1401,32.5,33.4701,pt-price-st-2026-7-02.xlsx
2026-07-02,e20,GASOHOL95 E20,21.6415,,6.0,0.6,-1.0,0.05,27.2915,1.9104,29.2019,3.5964,0.2517,33.05,33.4701,pt-price-st-2026-7-02.xlsx
2026-07-02,e85,GASOHOL95 E85,24.0118,,1.125,0.1125,-1.81,0.05,23.4893,1.6443,25.1336,3.6041,0.2523,28.99,33.4701,pt-price-st-2026-7-02.xlsx
2026-07-02,fo1500,FO 1500 (2) 2%S,14.421,,0.64,0.064,0.06,0.05,15.235,1.0665,16.3015,,,,33.4701,pt-price-st-2026-7-02.xlsx
2026-07-02,fo600,FO 600 (1) 2%S,15.9829,,0.64,0.064,0.06,0.05,16.7969,1.1758,17.9727,,,,33.4701,pt-price-st-2026-7-02.xlsx
2026-07-02,gh91,GASOHOL91,21.2182,,6.75,0.675,3.1,0.05,31.7932,2.2255,34.0187,3.4218,0.2395,37.68,33.4701,pt-price-st-2026-7-02.xlsx
2026-07-02,gh95,GASOHOL95 E10,21.6343,,6.75,0.675,3.1,0.05,32.2093,2.2547,34.464,3.3514,0.2346,38.05,33.4701,pt-price-st-2026-7-02.xlsx
2026-07-02,gl95,ULG95,21.4098,,7.5,0.75,11.21,0.05,40.9198,2.8644,43.7842,3.6036,0.2522,47.64,33.4701,pt-price-st-2026-7-02.xlsx
2026-07-02,lpg,LPG (BAHT/KILOGRAM),25.7518,,2.17,0.217,-7.2209,0.0,20.9179,1.4643,22.3822,3.2566,0.228,25.8668,33.4701,pt-price-st-2026-7-02.xlsx
2026-07-03,ds,H-DIESEL,25.7977,,6.92,0.692,-0.41,0.05,33.0497,2.3135,35.3632,1.997,0.1398,37.5,33.491,pt-price-st-2026-7-03.xlsx
2026-07-03,dsb20,H-DIESEL B20,27.6859,,5.953,0.5953,-5.91,0.05,28.3742,1.9862,30.3604,1.9996,0.14,32.5,33.491,pt-price-st-2026-7-03.xlsx
2026-07-03,e20,GASOHOL95 E20,21.2671,,6.0,0.6,-1.19,0.05,26.7271,1.8709,28.598,3.6,0.252,32.45,33.491,pt-price-st-2026-7-03.xlsx
2026-07-03,e85,GASOHOL95 E85,23.8963,,1.125,0.1125,-2.25,0.05,22.9338,1.6054,24.5392,3.5989,0.2519,28.39,33.491,pt-price-st-2026-7-03.xlsx
2026-07-03,fo1500,FO 1500 (2) 2%S,14.3021,,0.64,0.064,0.06,0.05,15.1161,1.0581,16.1742,,,,33.491,pt-price-st-2026-7-03.xlsx
2026-07-03,fo600,FO 600 (1) 2%S,15.9447,,0.64,0.064,0.06,0.05,16.7587,1.1731,17.9318,,,,33.491,pt-price-st-2026-7-03.xlsx
2026-07-03,gh91,GASOHOL91,20.7976,,6.75,0.675,2.96,0.05,31.2326,2.1863,33.4189,3.4216,0.2395,37.08,33.491,pt-price-st-2026-7-03.xlsx
2026-07-03,gh95,GASOHOL95 E10,21.2139,,6.75,0.675,2.96,0.05,31.6489,2.2154,33.8643,3.3511,0.2346,37.45,33.491,pt-price-st-2026-7-03.xlsx
2026-07-03,gl95,ULG95,20.9477,,7.5,0.75,10.55,0.05,39.7977,2.7858,42.5835,3.6042,0.2523,46.44,33.491,pt-price-st-2026-7-03.xlsx
2026-07-03,lpg,LPG (BAHT/KILOGRAM),25.7518,,2.17,0.217,-7.2209,0.0,20.9179,1.4643,22.3822,3.2566,0.228,25.8668,33.491,pt-price-st-2026-7-03.xlsx
2026-07-06,ds,H-DIESEL,25.5089,,6.92,0.692,-0.09,0.05,33.0809,2.3157,35.3966,1.9658,0.1376,37.5,33.3414,pt-price-st-2026-7-06.xlsx
2026-07-06,dsb20,H-DIESEL B20,27.5111,,5.953,0.5953,-5.63,0.05,28.4794,1.9936,30.473,1.8944,0.1326,32.5,33.3414,pt-price-st-2026-7-06.xlsx
2026-07-06,e20,GASOHOL95 E20,21.3638,,6.0,0.6,-1.29,0.05,26.7238,1.8707,28.5945,3.6033,0.2522,32.45,33.3414,pt-price-st-2026-7-06.xlsx
2026-07-06,e85,GASOHOL95 E85,23.9261,,1.125,0.1125,-2.28,0.05,22.9336,1.6054,24.539,3.5991,0.2519,28.39,33.3414,pt-price-st-2026-7-06.xlsx
2026-07-06,fo1500,FO 1500 (2) 2%S,14.2742,,0.64,0.064,0.06,0.05,15.0882,1.0562,16.1444,,,,33.3414,pt-price-st-2026-7-06.xlsx
2026-07-06,fo600,FO 600 (1) 2%S,15.8642,,0.64,0.064,0.06,0.05,16.6782,1.1675,17.8457,,,,33.3414,pt-price-st-2026-7-06.xlsx
2026-07-06,gh91,GASOHOL91,20.9063,,6.75,0.675,2.85,0.05,31.2313,2.1862,33.4175,3.4229,0.2396,37.08,33.3414,pt-price-st-2026-7-06.xlsx
2026-07-06,gh95,GASOHOL95 E10,21.3207,,6.75,0.675,2.85,0.05,31.6457,2.2152,33.8609,3.3543,0.2348,37.45,33.3414,pt-price-st-2026-7-06.xlsx
2026-07-06,gl95,ULG95,21.0647,,7.5,0.75,10.44,0.05,39.8047,2.7863,42.591,3.5972,0.2518,46.44,33.3414,pt-price-st-2026-7-06.xlsx
2026-07-06,lpg,LPG (BAHT/KILOGRAM),25.7518,,2.17,0.217,-7.2209,0.0,20.9179,1.4643,22.3822,3.2566,0.228,25.8668,33.3414,pt-price-st-2026-7-06.xlsx
2026-07-07,ds,H-DIESEL,25.57,,6.92,0.692,-0.19,0.05,33.042,2.3129,35.3549,2.0048,0.1403,37.5,33.4117,pt-price-st-2026-7-07.xlsx
2026-07-07,dsb20,H-DIESEL B20,27.5641,,5.953,0.5953,-5.79,0.05,28.3724,1.9861,30.3585,2.0014,0.1401,32.5,33.4117,pt-price-st-2026-7-07.xlsx
2026-07-07,e20,GASOHOL95 E20,21.6839,,6.0,0.6,-1.61,0.05,26.7239,1.8707,28.5946,3.6032,0.2522,32.45,33.4117,pt-price-st-2026-7-07.xlsx
2026-07-07,e85,GASOHOL95 E85,24.0249,,1.125,0.1125,-2.38,0.05,22.9324,1.6053,24.5377,3.6003,0.252,28.39,33.4117,pt-price-st-2026-7-07.xlsx
2026-07-07,fo1500,FO 1500 (2) 2%S,14.1664,,0.64,0.064,0.06,0.05,14.9804,1.0486,16.029,,,,33.4117,pt-price-st-2026-7-07.xlsx
2026-07-07,fo600,FO 600 (1) 2%S,15.7846,,0.64,0.064,0.06,0.05,16.5986,1.1619,17.7605,,,,33.4117,pt-price-st-2026-7-07.xlsx
2026-07-07,gh91,GASOHOL91,21.2658,,6.75,0.675,2.49,0.05,31.2308,2.1862,33.417,3.4234,0.2396,37.08,33.4117,pt-price-st-2026-7-07.xlsx
2026-07-07,gh95,GASOHOL95 E10,21.6812,,6.75,0.675,2.49,0.05,31.6462,2.2152,33.8614,3.3538,0.2348,37.45,33.4117,pt-price-st-2026-7-07.xlsx
2026-07-07,gl95,ULG95,21.4611,,7.5,0.75,10.04,0.05,39.8011,2.7861,42.5872,3.6007,0.2521,46.44,33.4117,pt-price-st-2026-7-07.xlsx
2026-07-07,lpg,LPG (BAHT/KILOGRAM),25.7518,,2.17,0.217,-7.2209,0.0,20.9179,1.4643,22.3822,3.2566,0.228,25.8668,33.4117,pt-price-st-2026-7-07.xlsx
2026-07-08,ds,H-DIESEL,25.8875,,6.92,0.692,-2.9,0.05,30.6495,2.1455,32.795,2.0047,0.1403,34.94,33.472,pt-price-st-2026-7-08.xlsx
2026-07-08,dsb20,H-DIESEL B20,27.8395,,5.953,0.5953,-8.46,0.05,25.9778,1.8184,27.7962,2.0036,0.1402,29.94,33.472,pt-price-st-2026-7-08.xlsx
2026-07-08,e20,GASOHOL95 E20,21.4445,,6.0,0.6,-3.71,0.05,24.3845,1.7069,26.0914,3.5968,0.2518,29.94,33.472,pt-price-st-2026-7-08.xlsx
2026-07-08,e85,GASOHOL95 E85,23.951,,1.125,0.1125,-4.65,0.05,20.5885,1.4412,22.0297,3.5984,0.2519,25.88,33.472,pt-price-st-2026-7-08.xlsx
2026-07-08,fo1500,FO 1500 (2) 2%S,14.019,,0.64,0.064,0.06,0.05,14.833,1.0383,15.8713,,,,33.472,pt-price-st-2026-7-08.xlsx
2026-07-08,fo600,FO 600 (1) 2%S,15.7172,,0.64,0.064,0.06,0.05,16.5312,1.1572,17.6884,,,,33.472,pt-price-st-2026-7-08.xlsx
2026-07-08,gh91,GASOHOL91,20.9969,,6.75,0.675,0.42,0.05,28.8919,2.0224,30.9143,3.4165,0.2392,34.57,33.472,pt-price-st-2026-7-08.xlsx
2026-07-08,gh95,GASOHOL95 E10,21.413,,6.75,0.675,0.42,0.05,29.308,2.0516,31.3596,3.3462,0.2342,34.94,33.472,pt-price-st-2026-7-08.xlsx
2026-07-08,gl95,ULG95,21.1665,,7.5,0.75,7.99,0.05,37.4565,2.622,40.0785,3.5995,0.252,43.93,33.472,pt-price-st-2026-7-08.xlsx
2026-07-08,lpg,LPG (BAHT/KILOGRAM),25.7518,,2.17,0.217,-7.2209,0.0,20.9179,1.4643,22.3822,3.2566,0.298,25.87,33.472,pt-price-st-2026-7-08.xlsx
2026-07-09,ds,H-DIESEL,26.4465,-1.4,6.92,0.692,-2.04,0.05,30.6685,2.1468,32.8153,1.9857,0.139,34.94,33.5369,pt-price-st-2026-7-09.xlsx
2026-07-09,dsb20,H-DIESEL B20,28.3243,-1.4,5.953,0.5953,-7.53,0.05,25.9926,1.8195,27.8121,1.9887,0.1392,29.94,33.5369,pt-price-st-2026-7-09.xlsx
2026-07-09,e20,GASOHOL95 E20,21.3255,,6.0,0.6,-3.59,0.05,24.3855,1.707,26.0925,3.5958,0.2517,29.94,33.5369,pt-price-st-2026-7-09.xlsx
2026-07-09,e85,GASOHOL95 E85,23.9143,,1.125,0.1125,-4.61,0.05,20.5918,1.4414,22.0332,3.5951,0.2517,25.88,33.5369,pt-price-st-2026-7-09.xlsx
2026-07-09,fo1500,FO 1500 (2) 2%S,14.7747,,0.64,0.064,0.06,0.05,15.5887,1.0912,16.6799,,,,33.5369,pt-price-st-2026-7-09.xlsx
2026-07-09,fo600,FO 600 (1) 2%S,16.4472,,0.64,0.064,0.06,0.05,17.2612,1.2083,18.4695,,,,33.5369,pt-price-st-2026-7-09.xlsx
2026-07-09,gh91,GASOHOL91,20.8632,,6.75,0.675,0.55,0.05,28.8882,2.0222,30.9104,3.4202,0.2394,34.57,33.5369,pt-price-st-2026-7-09.xlsx
2026-07-09,gh95,GASOHOL95 E10,21.28,,6.75,0.675,0.55,0.05,29.305,2.0514,31.3564,3.3492,0.2344,34.94,33.5369,pt-price-st-2026-7-09.xlsx
2026-07-09,gl95,ULG95,21.0206,,7.5,0.75,8.14,0.05,37.4606,2.6222,40.0828,3.5955,0.2517,43.93,33.5369,pt-price-st-2026-7-09.xlsx
2026-07-09,lpg,LPG (BAHT/KILOGRAM),25.7518,,2.17,0.217,-7.2209,0.0,20.9179,1.4643,22.3822,3.2566,0.228,25.8668,33.5369,pt-price-st-2026-7-09.xlsx
2026-07-10,ds,H-DIESEL,27.4514,-1.4,6.92,0.692,-3.05,0.05,30.6634,2.1464,32.8098,1.9908,0.1394,34.94,33.6264,pt-price-st-2026-7-10.xlsx
2026-07-10,dsb20,H-DIESEL B20,29.1957,-1.4,5.953,0.5953,-8.41,0.05,25.984,1.8189,27.8029,1.9973,0.1398,29.94,33.6264,pt-price-st-2026-7-10.xlsx
2026-07-10,e20,GASOHOL95 E20,21.3826,,6.0,0.6,-3.65,0.05,24.3826,1.7068,26.0894,3.5987,0.2519,29.94,33.6264,pt-price-st-2026-7-10.xlsx
2026-07-10,e85,GASOHOL95 E85,23.9319,,1.125,0.1125,-4.63,0.05,20.5894,1.4413,22.0307,3.5975,0.2518,25.88,33.6264,pt-price-st-2026-7-10.xlsx
2026-07-10,fo1500,FO 1500 (2) 2%S,15.0821,,0.64,0.064,0.06,0.05,15.8961,1.1127,17.0088,,,,33.6264,pt-price-st-2026-7-10.xlsx
2026-07-10,fo600,FO 600 (1) 2%S,16.8909,,0.64,0.064,0.06,0.05,17.7049,1.2393,18.9442,,,,33.6264,pt-price-st-2026-7-10.xlsx
2026-07-10,gh91,GASOHOL91,20.9273,,6.75,0.675,0.48,0.05,28.8823,2.0218,30.9041,3.4261,0.2398,34.57,33.6264,pt-price-st-2026-7-10.xlsx
2026-07-10,gh95,GASOHOL95 E10,21.3461,,6.75,0.675,0.48,0.05,29.3011,2.0511,31.3522,3.3531,0.2347,34.94,33.6264,pt-price-st-2026-7-10.xlsx
2026-07-10,gl95,ULG95,21.0926,,7.5,0.75,8.06,0.05,37.4526,2.6217,40.0743,3.6035,0.2522,43.93,33.6264,pt-price-st-2026-7-10.xlsx
2026-07-10,lpg,LPG (BAHT/KILOGRAM),25.7518,,2.17,0.217,-7.2209,0.0,20.9179,1.4643,22.3822,3.2566,0.228,25.8668,33.6264,pt-price-st-2026-7-10.xlsx
2026-07-13,ds,H-DIESEL,26.1237,-1.4,6.92,0.692,-3.05,0.05,30.7357,2.1515,32.8872,1.9185,0.1343,34.94,33.4985,pt-price-st-2026-7-13.xlsx
2026-07-13,dsb20,H-DIESEL B20,27.8,-1.4,5.953,0.5953,-8.41,0.05,25.9883,1.8192,27.8075,1.993,0.1395,29.94,33.4985,pt-price-st-2026-7-13.xlsx
2026-07-13,e20,GASOHOL95 E20,21.5303,,6.0,0.6,-3.65,0.05,24.5303,1.7171,26.2474,3.451,0.2416,29.94,33.4985,pt-price-st-2026-7-13.xlsx
2026-07-13,e85,GASOHOL95 E85,23.9775,,1.125,0.1125,-4.63,0.05,20.635,1.4445,22.0795,3.5519,0.2486,25.88,33.4985,pt-price-st-2026-7-13.xlsx
2026-07-13,fo1500,FO 1500 (2) 2%S,15.04,,0.64,0.064,0.06,0.05,15.854,1.1098,16.9638,,,,33.4985,pt-price-st-2026-7-13.xlsx
2026-07-13,fo600,FO 600 (1) 2%S,16.8738,,0.64,0.064,0.06,0.05,17.6878,1.2381,18.9259,,,,33.4985,pt-price-st-2026-7-13.xlsx
2026-07-13,gh91,GASOHOL91,21.0933,,6.75,0.675,0.48,0.05,29.0483,2.0334,31.0817,3.2601,0.2282,34.57,33.4985,pt-price-st-2026-7-13.xlsx
2026-07-13,gh95,GASOHOL95 E10,21.5105,,6.75,0.675,0.48,0.05,29.4655,2.0626,31.5281,3.1887,0.2232,34.94,33.4985,pt-price-st-2026-7-13.xlsx
2026-07-13,gl95,ULG95,21.2729,,7.5,0.75,8.06,0.05,37.6329,2.6343,40.2672,3.4232,0.2396,43.93,33.4985,pt-price-st-2026-7-13.xlsx
2026-07-13,lpg,LPG (BAHT/KILOGRAM),25.7518,,2.17,0.217,-7.2209,0.0,20.9179,1.4643,22.3822,3.2566,0.228,25.8668,33.4985,pt-price-st-2026-7-13.xlsx
2026-07-14,ds,H-DIESEL,28.3761,-1.4,6.92,0.692,-4.06,0.05,30.5781,2.1405,32.7186,2.0761,0.1453,34.94,33.5125,pt-price-st-2026-7-14.xlsx
2026-07-14,dsb20,H-DIESEL B20,29.9392,-1.4,5.953,0.5953,-9.17,0.05,25.9675,1.8177,27.7852,2.0138,0.141,29.94,33.5125,pt-price-st-2026-7-14.xlsx
2026-07-14,e20,GASOHOL95 E20,21.8767,,6.0,0.6,-4.16,0.05,24.3667,1.7057,26.0724,3.6146,0.253,29.94,33.5125,pt-price-st-2026-7-14.xlsx
2026-07-14,e85,GASOHOL95 E85,24.0844,,1.125,0.1125,-4.85,0.05,20.5219,1.4365,21.9584,3.665,0.2566,25.88,33.5125,pt-price-st-2026-7-14.xlsx
2026-07-14,fo1500,FO 1500 (2) 2%S,15.5302,,0.64,0.064,0.06,0.05,16.3442,1.1441,17.4883,,,,33.5125,pt-price-st-2026-7-14.xlsx
2026-07-14,fo600,FO 600 (1) 2%S,17.4337,,0.64,0.064,0.06,0.05,18.2477,1.2773,19.525,,,,33.5125,pt-price-st-2026-7-14.xlsx
2026-07-14,gh91,GASOHOL91,21.4825,,6.75,0.675,-0.23,0.05,28.7275,2.0109,30.7384,3.5809,0.2507,34.57,33.5125,pt-price-st-2026-7-14.xlsx
2026-07-14,gh95,GASOHOL95 E10,21.8999,,6.75,0.675,-0.23,0.05,29.1449,2.0401,31.185,3.5093,0.2457,34.94,33.5125,pt-price-st-2026-7-14.xlsx
2026-07-14,gl95,ULG95,21.7011,,7.5,0.75,7.24,0.05,37.2411,2.6069,39.848,3.815,0.267,43.93,33.5125,pt-price-st-2026-7-14.xlsx
2026-07-14,lpg,LPG (BAHT/KILOGRAM),25.7518,,2.17,0.217,-7.2209,0.0,20.9179,1.4643,22.3822,3.2566,0.228,25.8668,33.5125,pt-price-st-2026-7-14.xlsx
2026-07-15,ds,H-DIESEL,31.7163,-1.4,6.92,0.692,-7.32,0.05,30.6583,2.1461,32.8044,1.9959,0.1397,34.94,33.666,pt-price-st-2026-7-15.xlsx
2026-07-15,dsb20,H-DIESEL B20,32.8359,-1.4,5.953,0.5953,-12.05,0.05,25.9842,1.8189,27.8031,1.9971,0.1398,29.94,33.666,pt-price-st-2026-7-15.xlsx
2026-07-15,e20,GASOHOL95 E20,23.2429,,6.0,0.6,-5.51,0.05,24.3829,1.7068,26.0897,3.5984,0.2519,29.94,33.666,pt-price-st-2026-7-15.xlsx
2026-07-15,e85,GASOHOL95 E85,24.5061,,1.125,0.1125,-5.21,0.05,20.5836,1.4409,22.0245,3.6033,0.2522,25.88,33.666,pt-price-st-2026-7-15.xlsx
2026-07-15,fo1500,FO 1500 (2) 2%S,17.1765,,0.64,0.064,0.06,0.05,17.9905,1.2593,19.2498,,,,33.666,pt-price-st-2026-7-15.xlsx
2026-07-15,fo600,FO 600 (1) 2%S,19.3977,,0.64,0.064,0.06,0.05,20.2117,1.4148,21.6265,,,,33.666,pt-price-st-2026-7-15.xlsx
2026-07-15,gh91,GASOHOL91,23.0173,,6.75,0.675,-1.61,0.05,28.8823,2.0218,30.9041,3.4261,0.2398,34.57,33.666,pt-price-st-2026-7-15.xlsx
2026-07-15,gh95,GASOHOL95 E10,23.4367,,6.75,0.675,-1.61,0.05,29.3017,2.0511,31.3528,3.3525,0.2347,34.94,33.666,pt-price-st-2026-7-15.xlsx
2026-07-15,gl95,ULG95,23.391,,7.5,0.75,5.77,0.05,37.461,2.6223,40.0833,3.595,0.2517,43.93,33.666,pt-price-st-2026-7-15.xlsx
2026-07-15,lpg,LPG (BAHT/KILOGRAM),25.7518,,2.17,0.217,-7.2209,0.0,20.9179,1.4643,22.3822,3.2566,0.228,25.8668,33.666,pt-price-st-2026-7-15.xlsx
2026-07-16,ds,H-DIESEL,32.1428,-1.4,6.92,0.692,-7.75,0.05,30.6548,2.1458,32.8006,1.9994,0.14,34.94,33.6516,pt-price-st-2026-7-16.xlsx
2026-07-16,dsb20,H-DIESEL B20,33.2059,-1.4,5.953,0.5953,-12.42,0.05,25.9842,1.8189,27.8031,1.9971,0.1398,29.94,33.6516,pt-price-st-2026-7-16.xlsx
2026-07-16,e20,GASOHOL95 E20,23.6297,,6.0,0.6,-5.9,0.05,24.3797,1.7066,26.0863,3.6016,0.2521,29.94,33.6516,pt-price-st-2026-7-16.xlsx
2026-07-16,e85,GASOHOL95 E85,24.6255,,1.125,0.1125,-5.33,0.05,20.583,1.4408,22.0238,3.6039,0.2523,25.88,33.6516,pt-price-st-2026-7-16.xlsx
2026-07-16,fo1500,FO 1500 (2) 2%S,18.0692,,0.64,0.064,0.06,0.05,18.8832,1.3218,20.205,,,,33.6516,pt-price-st-2026-7-16.xlsx
2026-07-16,fo600,FO 600 (1) 2%S,20.219,,0.64,0.064,0.06,0.05,21.033,1.4723,22.5053,,,,33.6516,pt-price-st-2026-7-16.xlsx
2026-07-16,gh91,GASOHOL91,23.4519,,6.75,0.675,-2.04,0.05,28.8869,2.0221,30.909,3.4215,0.2395,34.57,33.6516,pt-price-st-2026-7-16.xlsx
2026-07-16,gh95,GASOHOL95 E10,23.8711,,6.75,0.675,-2.04,0.05,29.3061,2.0514,31.3575,3.3481,0.2344,34.94,33.6516,pt-price-st-2026-7-16.xlsx
2026-07-16,gl95,ULG95,23.8685,,7.5,0.75,5.29,0.05,37.4585,2.6221,40.0806,3.5976,0.2518,43.93,33.6516,pt-price-st-2026-7-16.xlsx
2026-07-16,lpg,LPG (BAHT/KILOGRAM),25.7518,,2.17,0.217,-7.2209,0.0,20.9179,1.4643,22.3822,3.2566,0.228,25.8668,33.6516,pt-price-st-2026-7-16.xlsx
2026-07-17,ds,H-DIESEL,31.3375,-1.4,6.92,0.692,-6.95,0.05,30.6495,2.1455,32.795,2.0047,0.1403,34.94,33.7471,pt-price-st-2026-7-17.xlsx
2026-07-17,dsb20,H-DIESEL B20,32.5075,-1.4,5.953,0.5953,-11.72,0.05,25.9858,1.819,27.8048,1.9955,0.1397,29.94,33.7471,pt-price-st-2026-7-17.xlsx
2026-07-17,e20,GASOHOL95 E20,23.4836,,6.0,0.6,-5.75,0.05,24.3836,1.7069,26.0905,3.5977,0.2518,29.94,33.7471,pt-price-st-2026-7-17.xlsx
2026-07-17,e85,GASOHOL95 E85,24.5804,,1.125,0.1125,-5.28,0.05,20.5879,1.4412,22.0291,3.599,0.2519,25.88,33.7471,pt-price-st-2026-7-17.xlsx
2026-07-17,fo1500,FO 1500 (2) 2%S,17.722,,0.64,0.064,0.06,0.05,18.536,1.2975,19.8335,,,,33.7471,pt-price-st-2026-7-17.xlsx
2026-07-17,fo600,FO 600 (1) 2%S,19.7868,,0.64,0.064,0.06,0.05,20.6008,1.4421,22.0429,,,,33.7471,pt-price-st-2026-7-17.xlsx
2026-07-17,gh91,GASOHOL91,23.2878,,6.75,0.675,-1.88,0.05,28.8828,2.0218,30.9046,3.4256,0.2398,34.57,33.7471,pt-price-st-2026-7-17.xlsx
2026-07-17,gh95,GASOHOL95 E10,23.7082,,6.75,0.675,-1.88,0.05,29.3032,2.0512,31.3544,3.351,0.2346,34.94,33.7471,pt-price-st-2026-7-17.xlsx
2026-07-17,gl95,ULG95,23.6897,,7.5,0.75,5.47,0.05,37.4597,2.6222,40.0819,3.5964,0.2517,43.93,33.7471,pt-price-st-2026-7-17.xlsx
2026-07-17,lpg,LPG (BAHT/KILOGRAM),25.7518,,2.17,0.217,-7.2209,0.0,20.9179,1.4643,22.3822,3.2566,0.228,25.8668,33.7471,pt-price-st-2026-7-17.xlsx
2026-07-20,ds,H-DIESEL,31.8055,-1.4,6.92,0.692,-7.39,0.05,30.6775,2.1474,32.8249,1.9767,0.1384,34.94,33.7594,pt-price-st-2026-7-20.xlsx
2026-07-20,dsb20,H-DIESEL B20,32.9519,-1.4,5.953,0.5953,-12.11,0.05,26.0402,1.8228,27.863,1.9411,0.1359,29.94,33.7594,pt-price-st-2026-7-20.xlsx
2026-07-20,e20,GASOHOL95 E20,23.6648,,6.0,0.6,-5.93,0.05,24.3848,1.7069,26.0917,3.5965,0.2518,29.94,33.7594,pt-price-st-2026-7-20.xlsx
2026-07-20,e85,GASOHOL95 E85,24.6363,,1.125,0.1125,-5.34,0.05,20.5838,1.4409,22.0247,3.6031,0.2522,25.88,33.7594,pt-price-st-2026-7-20.xlsx
2026-07-20,fo1500,FO 1500 (2) 2%S,17.5737,,0.64,0.064,0.06,0.05,18.3877,1.2871,19.6748,,,,33.7594,pt-price-st-2026-7-20.xlsx
2026-07-20,fo600,FO 600 (1) 2%S,19.7418,,0.64,0.064,0.06,0.05,20.5558,1.4389,21.9947,,,,33.7594,pt-price-st-2026-7-20.xlsx
2026-07-20,gh91,GASOHOL91,23.4913,,6.75,0.675,-2.08,0.05,28.8863,2.022,30.9083,3.4221,0.2396,34.57,33.7594,pt-price-st-2026-7-20.xlsx
2026-07-20,gh95,GASOHOL95 E10,23.9118,,6.75,0.675,-2.08,0.05,29.3068,2.0515,31.3583,3.3474,0.2343,34.94,33.7594,pt-price-st-2026-7-20.xlsx
2026-07-20,gl95,ULG95,23.9137,,7.5,0.75,5.24,0.05,37.4537,2.6218,40.0755,3.6023,0.2522,43.93,33.7594,pt-price-st-2026-7-20.xlsx
2026-07-20,lpg,LPG (BAHT/KILOGRAM),25.7518,,2.17,0.217,0.0,0.0,28.1388,1.9697,30.1085,3.2566,0.228,33.5931,33.7594,pt-price-st-2026-7-20.xlsx
2026-07-21,ds,H-DIESEL,32.3597,-1.4,6.92,0.692,-7.97,0.05,30.6517,2.1456,32.7973,2.0025,0.1402,34.94,33.8145,pt-price-st-2026-7-21.xlsx
2026-07-21,dsb20,H-DIESEL B20,33.4324,-1.4,5.953,0.5953,-12.65,0.05,25.9807,1.8186,27.7993,2.0007,0.14,29.94,33.8145,pt-price-st-2026-7-21.xlsx
2026-07-21,e20,GASOHOL95 E20,24.3165,,6.0,0.6,-6.59,0.05,24.3765,1.7064,26.0829,3.6048,0.2523,29.94,33.8145,pt-price-st-2026-7-21.xlsx
2026-07-21,e85,GASOHOL95 E85,24.8375,,1.125,0.1125,-5.54,0.05,20.585,1.441,22.026,3.6019,0.2521,25.88,33.8145,pt-price-st-2026-7-21.xlsx
2026-07-21,fo1500,FO 1500 (2) 2%S,18.2226,,0.64,0.064,0.06,0.05,19.0366,1.3326,20.3692,,,,33.8145,pt-price-st-2026-7-21.xlsx
2026-07-21,fo600,FO 600 (1) 2%S,20.3817,,0.64,0.064,0.06,0.05,21.1957,1.4837,22.6794,,,,33.8145,pt-price-st-2026-7-21.xlsx
2026-07-21,gh91,GASOHOL91,24.2235,,6.75,0.675,-2.82,0.05,28.8785,2.0215,30.9,3.4299,0.2401,34.57,33.8145,pt-price-st-2026-7-21.xlsx
2026-07-21,gh95,GASOHOL95 E10,24.6447,,6.75,0.675,-2.82,0.05,29.2997,2.051,31.3507,3.3545,0.2348,34.94,33.8145,pt-price-st-2026-7-21.xlsx
2026-07-21,gl95,ULG95,24.7194,,7.5,0.75,4.44,0.05,37.4594,2.6222,40.0816,3.5966,0.2518,43.93,33.8145,pt-price-st-2026-7-21.xlsx
2026-07-21,lpg,LPG (BAHT/KILOGRAM),25.7518,,2.17,0.217,-7.2209,0.0,20.9179,1.4643,22.3822,3.2566,0.228,25.8668,33.8145,pt-price-st-2026-7-21.xlsx
2026-07-22,ds,H-DIESEL,32.9735,-1.4,6.92,0.692,-7.79,0.05,31.4455,2.2012,33.6467,2.0031,0.1402,35.79,33.8103,pt-price-st-2026-7-22.xlsx
2026-07-22,dsb20,H-DIESEL B20,33.9648,-1.4,5.953,0.5953,-12.39,0.05,26.7731,1.8741,28.6472,2.0026,0.1402,30.79,33.8103,pt-price-st-2026-7-22.xlsx
2026-07-22,e20,GASOHOL95 E20,24.8244,,6.0,0.6,-6.3,0.05,25.1744,1.7622,26.9366,3.6013,0.2521,30.79,33.8103,pt-price-st-2026-7-22.xlsx
2026-07-22,e85,GASOHOL95 E85,24.9942,,1.125,0.1125,-4.9,0.05,21.3817,1.4967,22.8784,3.5996,0.252,26.73,33.8103,pt-price-st-2026-7-22.xlsx
2026-07-22,fo1500,FO 1500 (2) 2%S,18.6679,,0.64,0.064,0.06,0.05,19.4819,1.3637,20.8456,,,,33.8103,pt-price-st-2026-7-22.xlsx
2026-07-22,fo600,FO 600 (1) 2%S,20.8621,,0.64,0.064,0.06,0.05,21.6761,1.5173,23.1934,,,,33.8103,pt-price-st-2026-7-22.xlsx
2026-07-22,gh91,GASOHOL91,24.7941,,6.75,0.675,-2.59,0.05,29.6791,2.0775,31.7566,3.4237,0.2397,35.42,33.8103,pt-price-st-2026-7-22.xlsx
2026-07-22,gh95,GASOHOL95 E10,25.2152,,6.75,0.675,-2.59,0.05,30.1002,2.107,32.2072,3.3484,0.2344,35.79,33.8103,pt-price-st-2026-7-22.xlsx
2026-07-22,gl95,ULG95,25.3467,,7.5,0.75,4.6,0.05,38.2467,2.6773,40.924,3.6037,0.2523,44.78,33.8103,pt-price-st-2026-7-22.xlsx
2026-07-22,lpg,LPG (BAHT/KILOGRAM),25.7518,,2.17,0.217,-7.2209,0.0,20.9179,1.4643,22.3822,3.2566,0.228,25.8668,33.8103,pt-price-st-2026-7-22.xlsx
2026-07-23,ds,H-DIESEL,34.5964,-1.4,6.92,0.692,-8.57,0.05,32.2884,2.2602,34.5486,2.0013,0.1401,36.69,33.9161,pt-price-st-2026-7-23.xlsx
2026-07-23,dsb20,H-DIESEL B20,35.3722,-1.4,5.953,0.5953,-12.95,0.05,27.6205,1.9334,29.5539,1.9964,0.1397,31.69,33.9161,pt-price-st-2026-7-23.xlsx
2026-07-23,e20,GASOHOL95 E20,25.8364,,6.0,0.6,-6.47,0.05,26.0164,1.8211,27.8375,3.6005,0.252,31.69,33.9161,pt-price-st-2026-7-23.xlsx
2026-07-23,e85,GASOHOL95 E85,25.3066,,1.125,0.1125,-4.37,0.05,22.2241,1.5557,23.7798,3.5983,0.2519,27.63,33.9161,pt-price-st-2026-7-23.xlsx
2026-07-23,fo1500,FO 1500 (2) 2%S,19.7594,,0.64,0.064,0.06,0.05,20.5734,1.4401,22.0135,,,,33.9161,pt-price-st-2026-7-23.xlsx
2026-07-23,fo600,FO 600 (1) 2%S,22.06,,0.64,0.064,0.06,0.05,22.874,1.6012,24.4752,,,,33.9161,pt-price-st-2026-7-23.xlsx
2026-07-23,gh91,GASOHOL91,25.931,,6.75,0.675,-2.89,0.05,30.516,2.1361,32.6521,3.4279,0.24,36.32,33.9161,pt-price-st-2026-7-23.xlsx
2026-07-23,gh95,GASOHOL95 E10,26.3536,,6.75,0.675,-2.89,0.05,30.9386,2.1657,33.1043,3.3511,0.2346,36.69,33.9161,pt-price-st-2026-7-23.xlsx
2026-07-23,gl95,ULG95,26.5984,,7.5,0.75,4.19,0.05,39.0884,2.7362,41.8246,3.6032,0.2522,45.68,33.9161,pt-price-st-2026-7-23.xlsx
2026-07-23,lpg,LPG (BAHT/KILOGRAM),25.7518,,2.17,0.217,-7.2209,0.0,20.9179,1.4643,22.3822,3.2566,0.228,25.8668,33.9161,pt-price-st-2026-7-23.xlsx
2026-07-24,ds,H-DIESEL,35.7888,-2.4,6.92,0.692,-8.76,0.05,32.2908,2.2604,34.5512,1.9989,0.1399,36.69,33.949,pt-price-st-2026-7-24.xlsx
2026-07-24,dsb20,H-DIESEL B20,36.4063,-2.4,5.953,0.5953,-12.99,0.05,27.6146,1.933,29.5476,2.0022,0.1402,31.69,33.949,pt-price-st-2026-7-24.xlsx
2026-07-24,e20,GASOHOL95 E20,26.6532,,6.0,0.6,-7.29,0.05,26.0132,1.8209,27.8341,3.6036,0.2523,31.69,33.949,pt-price-st-2026-7-24.xlsx
2026-07-24,e85,GASOHOL95 E85,25.5587,,1.125,0.1125,-4.62,0.05,22.2262,1.5558,23.782,3.5963,0.2517,27.63,33.949,pt-price-st-2026-7-24.xlsx
2026-07-24,fo1500,FO 1500 (2) 2%S,20.3505,,0.64,0.064,0.06,0.05,21.1645,1.4815,22.646,,,,33.949,pt-price-st-2026-7-24.xlsx
2026-07-24,fo600,FO 600 (1) 2%S,22.764,,0.64,0.064,0.06,0.05,23.578,1.6505,25.2285,,,,33.949,pt-price-st-2026-7-24.xlsx
2026-07-24,gh91,GASOHOL91,26.8487,,6.75,0.675,-3.81,0.05,30.5137,2.136,32.6497,3.4302,0.2401,36.32,33.949,pt-price-st-2026-7-24.xlsx
2026-07-24,gh95,GASOHOL95 E10,27.2716,,6.75,0.675,-3.81,0.05,30.9366,2.1656,33.1022,3.3531,0.2347,36.69,33.949,pt-price-st-2026-7-24.xlsx
2026-07-24,gl95,ULG95,27.6078,,7.5,0.75,3.18,0.05,39.0878,2.7361,41.8239,3.6038,0.2523,45.68,33.949,pt-price-st-2026-7-24.xlsx
2026-07-24,lpg,LPG (BAHT/KILOGRAM),25.7518,,2.17,0.217,-7.2209,0.0,20.9179,1.4643,22.3822,3.2566,0.228,25.8668,33.949,pt-price-st-2026-7-24.xlsx
2026-07-27,ds,H-DIESEL,35.7473,-2.4,6.92,0.692,-8.7,0.05,32.3093,2.2617,34.571,1.9804,0.1386,36.69,33.9615,pt-price-st-2026-7-27.xlsx
2026-07-27,dsb20,H-DIESEL B20,36.4194,-2.4,5.953,0.5953,-12.93,0.05,27.6877,1.9381,29.6258,1.9292,0.135,31.69,33.9615,pt-price-st-2026-7-27.xlsx
2026-07-27,e20,GASOHOL95 E20,26.2658,,6.0,0.6,-6.9,0.05,26.0158,1.8211,27.8369,3.601,0.2521,31.69,33.9615,pt-price-st-2026-7-27.xlsx
2026-07-27,e85,GASOHOL95 E85,25.4391,,1.125,0.1125,-4.5,0.05,22.2266,1.5559,23.7825,3.5958,0.2517,27.63,33.9615,pt-price-st-2026-7-27.xlsx
2026-07-27,fo1500,FO 1500 (2) 2%S,20.2424,,0.64,0.064,0.06,0.05,21.0564,1.4739,22.5303,,,,33.9615,pt-price-st-2026-7-27.xlsx
2026-07-27,fo600,FO 600 (1) 2%S,22.6621,,0.64,0.064,0.06,0.05,23.4761,1.6433,25.1194,,,,33.9615,pt-price-st-2026-7-27.xlsx
2026-07-27,gh91,GASOHOL91,26.4134,,6.75,0.675,-3.37,0.05,30.5184,2.1363,32.6547,3.4255,0.2398,36.32,33.9615,pt-price-st-2026-7-27.xlsx
2026-07-27,gh95,GASOHOL95 E10,26.8365,,6.75,0.675,-3.37,0.05,30.9415,2.1659,33.1074,3.3482,0.2344,36.69,33.9615,pt-price-st-2026-7-27.xlsx
2026-07-27,gl95,ULG95,27.1295,,7.5,0.75,3.66,0.05,39.0895,2.7363,41.8258,3.6021,0.2521,45.68,33.9615,pt-price-st-2026-7-27.xlsx
2026-07-27,lpg,LPG (BAHT/KILOGRAM),25.7518,,2.17,0.217,-7.2209,0.0,20.9179,1.4643,22.3822,3.2566,0.228,25.8668,33.9615,pt-price-st-2026-7-27.xlsx
2026-07-31,ds,H-DIESEL,34.6532,-2.4,6.92,0.692,-7.63,0.05,32.2852,2.26,34.5452,2.0045,0.1403,36.69,33.7199,pt-price-st-2026-7-31.xlsx
2026-07-31,dsb20,H-DIESEL B20,35.4706,-2.4,5.953,0.5953,-12.05,0.05,27.6189,1.9333,29.5522,1.9979,0.1399,31.69,33.7199,pt-price-st-2026-7-31.xlsx
2026-07-31,e20,GASOHOL95 E20,25.4062,,6.0,0.6,-6.04,0.05,26.0162,1.8211,27.8373,3.6007,0.252,31.69,33.7199,pt-price-st-2026-7-31.xlsx
2026-07-31,e85,GASOHOL95 E85,25.1738,,1.125,0.1125,-4.24,0.05,22.2213,1.5555,23.7768,3.6011,0.2521,27.63,33.7199,pt-price-st-2026-7-31.xlsx
2026-07-31,fo1500,FO 1500 (2) 2%S,18.6488,,0.64,0.064,0.06,0.05,19.4628,1.3624,20.8252,,,,33.7199,pt-price-st-2026-7-31.xlsx
2026-07-31,fo600,FO 600 (1) 2%S,21.1377,,0.64,0.064,0.06,0.05,21.9517,1.5366,23.4883,,,,33.7199,pt-price-st-2026-7-31.xlsx
2026-07-31,gh91,GASOHOL91,25.4476,,6.75,0.675,-2.4,0.05,30.5227,2.1366,32.6593,3.4212,0.2395,36.32,33.7199,pt-price-st-2026-7-31.xlsx
2026-07-31,gh95,GASOHOL95 E10,25.8676,,6.75,0.675,-2.4,0.05,30.9426,2.166,33.1086,3.3471,0.2343,36.69,33.7199,pt-price-st-2026-7-31.xlsx
2026-07-31,gl95,ULG95,26.0636,,7.5,0.75,4.73,0.05,39.0936,2.7366,41.8302,3.5979,0.2519,45.68,33.7199,pt-price-st-2026-7-31.xlsx
2026-07-31,lpg,LPG (BAHT/KILOGRAM),25.7518,,2.17,0.217,-7.2209,0.0,20.9179,1.4643,22.3822,3.2566,0.228,25.8668,33.7199,pt-price-st-2026-7-31.xlsx
2026-08-03,ds,H-DIESEL,34.5098,-2.4,6.92,0.692,-7.45,0.05,32.3218,2.2625,34.5843,1.9679,0.1378,36.69,33.5811,pt-price-st-2026-8-3.xlsx
2026-08-03,dsb20,H-DIESEL B20,35.4046,-2.4,5.953,0.5953,-11.9,0.05,27.7029,1.9392,29.6421,1.9139,0.134,31.69,33.5811,pt-price-st-2026-8-3.xlsx
2026-08-03,e20,GASOHOL95 E20,25.1609,,6.0,0.6,-5.79,0.05,26.0209,1.8215,27.8424,3.5959,0.2517,31.69,33.5811,pt-price-st-2026-8-3.xlsx
2026-08-03,e85,GASOHOL95 E85,25.0911,,1.125,0.1125,-4.16,0.05,22.2187,1.5553,23.774,3.6037,0.2523,27.63,33.5811,pt-price-st-2026-8-3.xlsx
2026-08-03,fo1500,FO 1500 (2) 2%S,18.4417,,0.64,0.064,0.06,0.05,19.2557,1.3479,20.6036,,,,33.5811,pt-price-st-2026-8-3.xlsx
2026-08-03,fo600,FO 600 (1) 2%S,20.9346,,0.64,0.064,0.06,0.05,21.7486,1.5224,23.271,,,,33.5811,pt-price-st-2026-8-3.xlsx
2026-08-03,gh91,GASOHOL91,25.1734,,6.75,0.675,-2.13,0.05,30.5184,2.1363,32.6547,3.4255,0.2398,36.32,33.5811,pt-price-st-2026-8-3.xlsx
2026-08-03,gh95,GASOHOL95 E10,25.5917,,6.75,0.675,-2.13,0.05,30.9367,2.1656,33.1023,3.353,0.2347,36.69,33.5811,pt-price-st-2026-8-3.xlsx
2026-08-03,gl95,ULG95,25.7608,,7.5,0.75,5.03,0.05,39.0908,2.7364,41.8272,3.6007,0.2521,45.68,33.5811,pt-price-st-2026-8-3.xlsx
2026-08-03,lpg,LPG (BAHT/KILOGRAM),25.7518,,2.17,0.217,-7.2209,0.0,20.9179,1.4643,22.3822,3.2566,0.228,25.8668,33.5811,pt-price-st-2026-8-3.xlsx
2026-08-04,ds,H-DIESEL,33.9185,-2.4,6.92,0.692,-6.89,0.05,32.2905,2.2603,34.5508,1.9993,0.1399,36.69,33.5086,pt-price-st-2026-8-4.xlsx
2026-08-04,dsb20,H-DIESEL B20,34.8918,-2.4,5.953,0.5953,-11.47,0.05,27.6201,1.9334,29.5535,1.9967,0.1398,31.69,33.5086,pt-price-st-2026-8-4.xlsx
2026-08-04,e20,GASOHOL95 E20,24.2801,,6.0,0.6,-4.91,0.05,26.0201,1.8214,27.8415,3.5967,0.2518,31.69,33.5086,pt-price-st-2026-8-4.xlsx
2026-08-04,e85,GASOHOL95 E85,24.8193,,1.125,0.1125,-3.88,0.05,22.2268,1.5559,23.7827,3.5956,0.2517,27.63,33.5086,pt-price-st-2026-8-4.xlsx
2026-08-04,fo1500,FO 1500 (2) 2%S,17.8943,,0.64,0.064,0.06,0.05,18.7083,1.3096,20.0179,,,,33.5086,pt-price-st-2026-8-4.xlsx
2026-08-04,fo600,FO 600 (1) 2%S,20.3731,,0.64,0.064,0.06,0.05,21.1871,1.4831,22.6702,,,,33.5086,pt-price-st-2026-8-4.xlsx
2026-08-04,gh91,GASOHOL91,24.1838,,6.75,0.675,-1.14,0.05,30.5188,2.1363,32.6551,3.4251,0.2398,36.32,33.5086,pt-price-st-2026-8-4.xlsx
2026-08-04,gh95,GASOHOL95 E10,24.6012,,6.75,0.675,-1.14,0.05,30.9362,2.1655,33.1017,3.3536,0.2347,36.69,33.5086,pt-price-st-2026-8-4.xlsx
2026-08-04,gl95,ULG95,24.6716,,7.5,0.75,6.12,0.05,39.0916,2.7364,41.828,3.6,0.252,45.68,33.5086,pt-price-st-2026-8-4.xlsx
2026-08-04,lpg,LPG (BAHT/KILOGRAM),28.3951,,2.17,0.217,-9.8642,0.0,20.9179,1.4643,22.3822,3.2566,0.228,25.8668,33.5086,pt-price-st-2026-8-4.xlsx
2026-08-05,ds,H-DIESEL,32.6296,-2.4,6.92,0.692,-5.6,0.05,32.2916,2.2604,34.552,1.9981,0.1399,36.69,33.569,pt-price-st-2026-8-5.xlsx
2026-08-05,dsb20,H-DIESEL B20,33.7741,-2.4,5.953,0.5953,-10.36,0.05,27.6124,1.9329,29.5453,2.0044,0.1403,31.69,33.569,pt-price-st-2026-8-5.xlsx
2026-08-05,e20,GASOHOL95 E20,23.869,,6.0,0.6,-4.5,0.05,26.019,1.8213,27.8403,3.5979,0.2518,31.69,33.569,pt-price-st-2026-8-5.xlsx
2026-08-05,e85,GASOHOL95 E85,24.6924,,1.125,0.1125,-3.76,0.05,22.2199,1.5554,23.7753,3.6025,0.2522,27.63,33.569,pt-price-st-2026-8-5.xlsx
2026-08-05,fo1500,FO 1500 (2) 2%S,18.0917,,0.64,0.064,0.06,0.05,18.9057,1.3234,20.2291,,,,33.569,pt-price-st-2026-8-5.xlsx
2026-08-05,fo600,FO 600 (1) 2%S,20.311,,0.64,0.064,0.06,0.05,21.125,1.4788,22.6038,,,,33.569,pt-price-st-2026-8-5.xlsx
2026-08-05,gh91,GASOHOL91,23.7219,,6.75,0.675,-0.68,0.05,30.5169,2.1362,32.6531,3.427,0.2399,36.32,33.569,pt-price-st-2026-8-5.xlsx
2026-08-05,gh95,GASOHOL95 E10,24.1401,,6.75,0.675,-0.68,0.05,30.9351,2.1655,33.1006,3.3546,0.2348,36.69,33.569,pt-price-st-2026-8-5.xlsx
2026-08-05,gl95,ULG95,24.1649,,7.5,0.75,6.63,0.05,39.0949,2.7366,41.8315,3.5967,0.2518,45.68,33.569,pt-price-st-2026-8-5.xlsx
2026-08-05,lpg,LPG (BAHT/KILOGRAM),28.3951,,2.17,0.217,-9.8642,0.0,20.9179,1.4643,22.3822,3.2566,0.228,25.8668,33.569,pt-price-st-2026-8-5.xlsx
2026-08-06,ds,H-DIESEL,31.1257,-2.4,6.92,0.692,-4.1,0.05,32.2877,2.2601,34.5478,2.0021,0.1401,36.69,33.3815,pt-price-st-2026-8-6.xlsx
2026-08-06,dsb20,H-DIESEL B20,32.4698,-2.4,5.953,0.5953,-9.05,0.05,27.6181,1.9333,29.5514,1.9987,0.1399,31.69,33.3815,pt-price-st-2026-8-6.xlsx
2026-08-06,e20,GASOHOL95 E20,22.9208,,6.0,0.6,-4.21,0.05,25.3608,1.7753,27.1361,3.6018,0.2521,30.99,33.3815,pt-price-st-2026-8-6.xlsx
2026-08-06,e85,GASOHOL95 E85,24.3997,,1.125,0.1125,-4.12,0.05,21.5673,1.5097,23.077,3.6009,0.2521,26.93,33.3815,pt-price-st-2026-8-6.xlsx
2026-08-06,fo1500,FO 1500 (2) 2%S,17.8597,,0.64,0.064,0.06,0.05,18.6737,1.3072,19.9809,,,,33.3815,pt-price-st-2026-8-6.xlsx
2026-08-06,fo600,FO 600 (1) 2%S,19.8527,,0.64,0.064,0.06,0.05,20.6667,1.4467,22.1134,,,,33.3815,pt-price-st-2026-8-6.xlsx
2026-08-06,gh91,GASOHOL91,22.6567,,6.75,0.675,-0.26,0.05,29.8717,2.091,31.9627,3.418,0.2393,35.62,33.3815,pt-price-st-2026-8-6.xlsx
2026-08-06,gh95,GASOHOL95 E10,23.0725,,6.75,0.675,-0.26,0.05,30.2875,2.1201,32.4076,3.348,0.2344,35.99,33.3815,pt-price-st-2026-8-6.xlsx
2026-08-06,gl95,ULG95,22.9907,,7.5,0.75,7.15,0.05,38.4407,2.6908,41.1315,3.5967,0.2518,44.98,33.3815,pt-price-st-2026-8-6.xlsx
2026-08-06,lpg,LPG (BAHT/KILOGRAM),28.3951,,2.17,0.217,-9.8642,0.0,20.9179,1.4643,22.3822,3.2566,0.228,25.8668,33.3815,pt-price-st-2026-8-6.xlsx
2026-08-07,ds,H-DIESEL,30.7242,-2.4,6.92,0.692,-3.7,0.05,32.2862,2.26,34.5462,2.0036,0.1402,36.69,33.241,pt-price-st-2026-8-07.xlsx
2026-08-07,dsb20,H-DIESEL B20,32.1216,-2.4,5.953,0.5953,-8.7,0.05,27.6199,1.9334,29.5533,1.9969,0.1398,31.69,33.241,pt-price-st-2026-8-07.xlsx
2026-08-07,e20,GASOHOL95 E20,22.4993,,6.0,0.6,-3.79,0.05,25.3593,1.7752,27.1345,3.6033,0.2522,30.99,33.241,pt-price-st-2026-8-07.xlsx
2026-08-07,e85,GASOHOL95 E85,24.2697,,1.125,0.1125,-3.99,0.05,21.5672,1.5097,23.0769,3.601,0.2521,26.93,33.241,pt-price-st-2026-8-07.xlsx
2026-08-07,fo1500,FO 1500 (2) 2%S,17.6908,,0.64,0.064,0.06,0.05,18.5048,1.2953,19.8001,,,,33.241,pt-price-st-2026-8-07.xlsx
2026-08-07,fo600,FO 600 (1) 2%S,19.6411,,0.64,0.064,0.06,0.05,20.4551,1.4319,21.887,,,,33.241,pt-price-st-2026-8-07.xlsx
2026-08-07,gh91,GASOHOL91,22.1832,,6.75,0.675,0.21,0.05,29.8682,2.0908,31.959,3.4215,0.2395,35.62,33.241,pt-price-st-2026-8-07.xlsx
2026-08-07,gh95,GASOHOL95 E10,22.5973,,6.75,0.675,0.21,0.05,30.2823,2.1198,32.4021,3.3532,0.2347,35.99,33.241,pt-price-st-2026-8-07.xlsx
2026-08-07,gl95,ULG95,22.4678,,7.5,0.75,7.67,0.05,38.4378,2.6906,41.1284,3.5996,0.252,44.98,33.241,pt-price-st-2026-8-07.xlsx
2026-08-07,lpg,LPG (BAHT/KILOGRAM),28.3951,,2.17,0.217,-9.8642,0.0,20.9179,1.4643,22.3822,3.2566,0.228,25.8668,33.241,pt-price-st-2026-8-07.xlsx
2026-08-10,ds,H-DIESEL,31.5137,-2.4,6.92,0.692,-4.48,0.05,32.2957,2.2607,34.5564,1.994,0.1396,36.69,33.2786,pt-price-st-2026-8-10.xlsx
2026-08-10,dsb20,H-DIESEL B20,32.8182,-2.4,5.953,0.5953,-9.38,0.05,27.6365,1.9346,29.5711,1.9803,0.1386,31.69,33.2786,pt-price-st-2026-8-10.xlsx
2026-08-10,e20,GASOHOL95 E20,23.0749,,6.0,0.6,-4.36,0.05,25.3649,1.7755,27.1404,3.5978,0.2518,30.99,33.2786,pt-price-st-2026-8-10.xlsx
2026-08-10,e85,GASOHOL95 E85,24.4473,,1.125,0.1125,-4.17,0.05,21.5648,1.5095,23.0743,3.6035,0.2522,26.93,33.2786,pt-price-st-2026-8-10.xlsx
2026-08-10,fo1500,FO 1500 (2) 2%S,18.279,,0.64,0.064,0.06,0.05,19.093,1.3365,20.4295,,,,33.2786,pt-price-st-2026-8-10.xlsx
2026-08-10,fo600,FO 600 (1) 2%S,20.2708,,0.64,0.064,0.06,0.05,21.0848,1.4759,22.5607,,,,33.2786,pt-price-st-2026-8-10.xlsx
2026-08-10,gh91,GASOHOL91,22.8299,,6.75,0.675,-0.43,0.05,29.8749,2.0912,31.9661,3.4149,0.239,35.62,33.2786,pt-price-st-2026-8-10.xlsx
2026-08-10,gh95,GASOHOL95 E10,23.2444,,6.75,0.675,-0.43,0.05,30.2894,2.1203,32.4097,3.3461,0.2342,35.99,33.2786,pt-price-st-2026-8-10.xlsx
2026-08-10,gl95,ULG95,23.1793,,7.5,0.75,6.96,0.05,38.4393,2.6908,41.1301,3.598,0.2519,44.98,33.2786,pt-price-st-2026-8-10.xlsx
2026-08-10,lpg,LPG (BAHT/KILOGRAM),28.3951,,2.17,0.217,-9.8642,0.0,20.9179,1.4643,22.3822,3.2566,0.228,25.8668,33.2786,pt-price-st-2026-8-10.xlsx
2026-08-11,ds,H-DIESEL,31.3809,-2.4,6.92,0.692,-4.48,0.05,32.1629,2.2514,34.4143,2.1268,0.1489,36.69,33.1585,pt-price-st-2026-8-11.xlsx
2026-08-11,dsb20,H-DIESEL B20,32.7031,-2.4,5.953,0.5953,-9.38,0.05,27.5214,1.9265,29.4479,2.0954,0.1467,31.69,33.1585,pt-price-st-2026-8-11.xlsx
2026-08-11,e20,GASOHOL95 E20,22.9867,,6.0,0.6,-4.36,0.05,25.2767,1.7694,27.0461,3.6859,0.258,30.99,33.1585,pt-price-st-2026-8-11.xlsx
2026-08-11,e85,GASOHOL95 E85,24.4201,,1.125,0.1125,-4.17,0.05,21.5376,1.5076,23.0452,3.6307,0.2541,26.93,33.1585,pt-price-st-2026-8-11.xlsx
2026-08-11,fo1500,FO 1500 (2) 2%S,18.2131,,0.64,0.064,0.06,0.05,19.0271,1.3319,20.359,,,,33.1585,pt-price-st-2026-8-11.xlsx
2026-08-11,fo600,FO 600 (1) 2%S,20.1976,,0.64,0.064,0.06,0.05,21.0116,1.4708,22.4824,,,,33.1585,pt-price-st-2026-8-11.xlsx
2026-08-11,gh91,GASOHOL91,22.7308,,6.75,0.675,-0.43,0.05,29.7758,2.0843,31.8601,3.5139,0.246,35.62,33.1585,pt-price-st-2026-8-11.xlsx
2026-08-11,gh95,GASOHOL95 E10,23.1427,,6.75,0.675,-0.43,0.05,30.1877,2.1131,32.3008,3.4479,0.2413,35.99,33.1585,pt-price-st-2026-8-11.xlsx
2026-08-11,gl95,ULG95,23.0683,,7.5,0.75,6.96,0.05,38.3283,2.683,41.0113,3.7091,0.2596,44.98,33.1585,pt-price-st-2026-8-11.xlsx
2026-08-11,lpg,LPG (BAHT/KILOGRAM),28.3951,,2.17,0.217,-9.8642,0.0,20.9179,1.4643,22.3822,3.2566,0.228,25.8668,33.1585,pt-price-st-2026-8-11.xlsx
2026-08-13,ds,H-DIESEL,33.7389,-2.4,6.92,0.692,-5.92,0.05,33.0809,2.3157,35.3966,2.0032,0.1402,37.54,33.2087,pt-price-st-2026-8-13.xlsx
2026-08-13,dsb20,H-DIESEL B20,34.7481,-2.4,5.953,0.5953,-10.54,0.05,28.4064,1.9884,30.3948,2.0049,0.1403,32.54,33.2087,pt-price-st-2026-8-13.xlsx
2026-08-13,e20,GASOHOL95 E20,24.2182,,6.0,0.6,-4.71,0.05,26.1582,1.8311,27.9893,3.5988,0.2519,31.84,33.2087,pt-price-st-2026-8-13.xlsx
2026-08-13,e85,GASOHOL95 E85,24.8002,,1.125,0.1125,-3.73,0.05,22.3577,1.565,23.9227,3.605,0.2523,27.78,33.2087,pt-price-st-2026-8-13.xlsx
2026-08-13,fo1500,FO 1500 (2) 2%S,19.0289,,0.64,0.064,0.06,0.05,19.8429,1.389,21.2319,,,,33.2087,pt-price-st-2026-8-13.xlsx
2026-08-13,fo600,FO 600 (1) 2%S,21.2947,,0.64,0.064,0.06,0.05,22.1087,1.5476,23.6563,,,,33.2087,pt-price-st-2026-8-13.xlsx
2026-08-13,gh91,GASOHOL91,24.1142,,6.75,0.675,-0.92,0.05,30.6692,2.1468,32.816,3.415,0.239,36.47,33.2087,pt-price-st-2026-8-13.xlsx
2026-08-13,gh95,GASOHOL95 E10,24.5268,,6.75,0.675,-0.92,0.05,31.0818,2.1757,33.2575,3.3481,0.2344,36.84,33.2087,pt-price-st-2026-8-13.xlsx
2026-08-13,gl95,ULG95,24.5902,,7.5,0.75,6.34,0.05,39.2302,2.7461,41.9763,3.6016,0.2521,45.83,33.2087,pt-price-st-2026-8-13.xlsx
2026-08-13,lpg,LPG (BAHT/KILOGRAM),28.3951,,2.17,0.217,-9.8642,0.0,20.9179,1.4643,22.3822,3.2566,0.228,25.8668,33.2087,pt-price-st-2026-8-13.xlsx
2026-08-14,ds,H-DIESEL,33.6774,-2.4,6.92,0.692,-5.92,0.05,33.0194,2.3114,35.3308,2.0647,0.1445,37.54,33.2647,pt-price-st-2026-8-14.xlsx
2026-08-14,dsb20,H-DIESEL B20,34.6947,-2.4,5.953,0.5953,-10.54,0.05,28.353,1.9847,30.3377,2.0582,0.1441,32.54,33.2647,pt-price-st-2026-8-14.xlsx
2026-08-14,e20,GASOHOL95 E20,24.1158,,6.0,0.6,-4.71,0.05,26.0558,1.8239,27.8797,3.7012,0.2591,31.84,33.2647,pt-price-st-2026-8-14.xlsx
2026-08-14,e85,GASOHOL95 E85,24.7686,,1.125,0.1125,-3.73,0.05,22.3261,1.5628,23.8889,3.6365,0.2546,27.78,33.2647,pt-price-st-2026-8-14.xlsx
2026-08-14,fo1500,FO 1500 (2) 2%S,19.1038,,0.64,0.064,0.06,0.05,19.9178,1.3942,21.312,,,,33.2647,pt-price-st-2026-8-14.xlsx
2026-08-14,fo600,FO 600 (1) 2%S,21.3463,,0.64,0.064,0.06,0.05,22.1603,1.5512,23.7115,,,,33.2647,pt-price-st-2026-8-14.xlsx
2026-08-14,gh91,GASOHOL91,23.9992,,6.75,0.675,-0.92,0.05,30.5542,2.1388,32.693,3.5299,0.2471,36.47,33.2647,pt-price-st-2026-8-14.xlsx
2026-08-14,gh95,GASOHOL95 E10,24.4124,,6.75,0.675,-0.92,0.05,30.9674,2.1677,33.1351,3.4625,0.2424,36.84,33.2647,pt-price-st-2026-8-14.xlsx
2026-08-14,gl95,ULG95,24.4646,,7.5,0.75,6.34,0.05,39.1046,2.7373,41.8419,3.7272,0.2609,45.83,33.2647,pt-price-st-2026-8-14.xlsx
2026-08-14,lpg,LPG (BAHT/KILOGRAM),28.3951,,2.17,0.217,-9.8642,0.0,20.9179,1.4643,22.3822,3.2566,0.228,25.8668,33.2647,pt-price-st-2026-8-14.xlsx
2026-08-17,ds,H-DIESEL,34.0694,-2.4,6.92,0.692,-5.92,0.05,33.4114,2.3388,35.7502,1.6727,0.1171,37.54,33.3605,pt-price-st-2026-8-17.xlsx
2026-08-17,dsb20,H-DIESEL B20,34.9656,-2.4,5.953,0.5953,-10.54,0.05,28.6239,2.0037,30.6276,1.7873,0.1251,32.54,33.3605,pt-price-st-2026-8-17.xlsx
2026-08-17,e20,GASOHOL95 E20,24.2193,,6.0,0.6,-4.71,0.05,26.1593,1.8312,27.9905,3.5977,0.2518,31.84,33.3605,pt-price-st-2026-8-17.xlsx
2026-08-17,e85,GASOHOL95 E85,24.8005,,1.125,0.1125,-3.73,0.05,22.358,1.5651,23.9231,3.6046,0.2523,27.78,33.3605,pt-price-st-2026-8-17.xlsx
2026-08-17,fo1500,FO 1500 (2) 2%S,19.3422,,0.64,0.064,0.06,0.05,20.1562,1.4109,21.5671,,,,33.3605,pt-price-st-2026-8-17.xlsx
2026-08-17,fo600,FO 600 (1) 2%S,21.6205,,0.64,0.064,0.06,0.05,22.4345,1.5704,24.0049,,,,33.3605,pt-price-st-2026-8-17.xlsx
2026-08-17,gh91,GASOHOL91,24.1155,,6.75,0.675,-0.92,0.05,30.6705,2.1469,32.8174,3.4136,0.239,36.47,33.3605,pt-price-st-2026-8-17.xlsx
2026-08-17,gh95,GASOHOL95 E10,24.53,,6.75,0.675,-0.92,0.05,31.085,2.176,33.261,3.3449,0.2341,36.84,33.3605,pt-price-st-2026-8-17.xlsx
2026-08-17,gl95,ULG95,24.5941,,7.5,0.75,6.34,0.05,39.2341,2.7464,41.9805,3.5977,0.2518,45.83,33.3605,pt-price-st-2026-8-17.xlsx
2026-08-17,lpg,LPG (BAHT/KILOGRAM),28.3951,,2.17,0.217,-9.8642,0.0,20.9179,1.4643,22.3822,3.2566,0.228,25.8668,33.3605,pt-price-st-2026-8-17.xlsx
2026-08-18,ds,H-DIESEL,33.9215,-2.4,6.92,0.692,-5.92,0.05,33.2635,2.3284,35.5919,1.8207,0.1274,37.54,33.2264,pt-price-st-2026-8-18.xlsx
2026-08-18,dsb20,H-DIESEL B20,34.8373,-2.4,5.953,0.5953,-10.54,0.05,28.4956,1.9947,30.4903,1.9156,0.1341,32.54,33.2264,pt-price-st-2026-8-18.xlsx
2026-08-18,e20,GASOHOL95 E20,24.2119,,6.0,0.6,-4.71,0.05,26.1519,1.8306,27.9825,3.6051,0.2524,31.84,33.2264,pt-price-st-2026-8-18.xlsx
2026-08-18,e85,GASOHOL95 E85,24.7982,,1.125,0.1125,-3.73,0.05,22.3558,1.5649,23.9207,3.6068,0.2525,27.78,33.2264,pt-price-st-2026-8-18.xlsx
2026-08-18,fo1500,FO 1500 (2) 2%S,19.5216,,0.64,0.064,0.06,0.05,20.3356,1.4235,21.7591,,,,33.2264,pt-price-st-2026-8-18.xlsx
2026-08-18,fo600,FO 600 (1) 2%S,21.7447,,0.64,0.064,0.06,0.05,22.5587,1.5791,24.1378,,,,33.2264,pt-price-st-2026-8-18.xlsx
2026-08-18,gh91,GASOHOL91,24.1072,,6.75,0.675,-0.92,0.05,30.6622,2.1464,32.8086,3.4219,0.2395,36.47,33.2264,pt-price-st-2026-8-18.xlsx
2026-08-18,gh95,GASOHOL95 E10,24.52,,6.75,0.675,-0.92,0.05,31.075,2.1753,33.2503,3.3549,0.2348,36.84,33.2264,pt-price-st-2026-8-18.xlsx
2026-08-18,gl95,ULG95,24.5828,,7.5,0.75,6.34,0.05,39.2228,2.7456,41.9684,3.609,0.2526,45.83,33.2264,pt-price-st-2026-8-18.xlsx
2026-08-18,lpg,LPG (BAHT/KILOGRAM),28.3951,,2.17,0.217,-9.8642,0.0,20.9179,1.4643,22.3822,3.2566,0.228,25.8668,33.2264,pt-price-st-2026-8-18.xlsx
2026-08-19,ds,H-DIESEL,34.5108,-2.4,6.92,0.692,-5.9,0.05,33.8728,2.3711,36.2439,2.0057,0.1404,38.39,33.2108,pt-price-st-2026-8-19.xlsx
2026-08-19,dsb20,H-DIESEL B20,35.3484,-2.4,5.953,0.5953,-10.4,0.05,29.1468,2.0403,31.1871,2.0588,0.1441,33.39,33.2108,pt-price-st-2026-8-19.xlsx
2026-08-19,e20,GASOHOL95 E20,24.5404,,6.0,0.6,-4.03,0.05,27.1604,1.9012,29.0616,3.391,0.2374,32.69,33.2108,pt-price-st-2026-8-19.xlsx
2026-08-19,e85,GASOHOL95 E85,24.8996,,1.125,0.1125,-2.94,0.05,23.2471,1.6273,24.8744,3.5099,0.2457,28.63,33.2108,pt-price-st-2026-8-19.xlsx
2026-08-19,fo1500,FO 1500 (2) 2%S,20.0761,,0.64,0.064,0.06,0.05,20.8901,1.4623,22.3524,,,,33.2108,pt-price-st-2026-8-19.xlsx
2026-08-19,fo600,FO 600 (1) 2%S,22.3121,,0.64,0.064,0.06,0.05,23.1261,1.6188,24.7449,,,,33.2108,pt-price-st-2026-8-19.xlsx
2026-08-19,gh91,GASOHOL91,24.4762,,6.75,0.675,-0.39,0.05,31.5612,2.2093,33.7705,3.3173,0.2322,37.32,33.2108,pt-price-st-2026-8-19.xlsx
2026-08-19,gh95,GASOHOL95 E10,24.8887,,6.75,0.675,-0.39,0.05,31.9737,2.2382,34.2119,3.2506,0.2275,37.69,33.2108,pt-price-st-2026-8-19.xlsx
2026-08-19,gl95,ULG95,24.9881,,7.5,0.75,7.01,0.05,40.2981,2.8209,43.119,3.328,0.233,46.68,33.2108,pt-price-st-2026-8-19.xlsx
2026-08-19,lpg,LPG (BAHT/KILOGRAM),28.3951,,2.17,0.217,-9.8642,0.0,20.9179,1.4643,22.3822,3.2566,0.228,25.8668,33.2108,pt-price-st-2026-8-19.xlsx
2026-08-20,ds,H-DIESEL,35.0267,-2.4,6.92,0.692,-6.43,0.05,33.8587,2.3701,36.2288,2.0198,0.1414,38.39,33.2885,pt-price-st-2026-8-20.xlsx
2026-08-20,dsb20,H-DIESEL B20,35.7958,-2.4,5.953,0.5953,-10.8,0.05,29.1941,2.0436,31.2377,2.0115,0.1408,33.39,33.2885,pt-price-st-2026-8-20.xlsx
2026-08-20,e20,GASOHOL95 E20,24.8245,,6.0,0.6,-4.52,0.05,26.9545,1.8868,28.8413,3.5969,0.2518,32.69,33.2885,pt-price-st-2026-8-20.xlsx
2026-08-20,e85,GASOHOL95 E85,24.9873,,1.125,0.1125,-3.12,0.05,23.1548,1.6208,24.7756,3.6022,0.2522,28.63,33.2885,pt-price-st-2026-8-20.xlsx
2026-08-20,fo1500,FO 1500 (2) 2%S,20.447,,0.64,0.064,0.06,0.05,21.261,1.4883,22.7493,,,,33.2885,pt-price-st-2026-8-20.xlsx
2026-08-20,fo600,FO 600 (1) 2%S,22.7128,,0.64,0.064,0.06,0.05,23.5268,1.6469,25.1737,,,,33.2885,pt-price-st-2026-8-20.xlsx
2026-08-20,gh91,GASOHOL91,24.7955,,6.75,0.675,-0.81,0.05,31.4605,2.2022,33.6627,3.418,0.2393,37.32,33.2885,pt-price-st-2026-8-20.xlsx
2026-08-20,gh95,GASOHOL95 E10,25.2091,,6.75,0.675,-0.81,0.05,31.8741,2.2312,34.1053,3.3502,0.2345,37.69,33.2885,pt-price-st-2026-8-20.xlsx
2026-08-20,gl95,ULG95,25.3404,,7.5,0.75,6.39,0.05,40.0304,2.8021,42.8325,3.5958,0.2517,46.68,33.2885,pt-price-st-2026-8-20.xlsx
2026-08-20,lpg,LPG (BAHT/KILOGRAM),28.3951,,2.17,0.217,-9.8642,0.0,20.9179,1.4643,22.3822,3.2566,0.228,25.8668,33.2885,pt-price-st-2026-8-20.xlsx
2026-08-21,ds,H-DIESEL,34.5519,-2.4,6.92,0.692,-5.96,0.05,33.8539,2.3698,36.2237,2.0246,0.1417,38.39,33.0099,pt-price-st-2026-8-21.xlsx
2026-08-21,dsb20,H-DIESEL B20,35.3841,-2.4,5.953,0.5953,-10.39,0.05,29.1924,2.0435,31.2359,2.0132,0.1409,33.39,33.0099,pt-price-st-2026-8-21.xlsx
2026-08-21,e20,GASOHOL95 E20,24.5478,,6.0,0.6,-4.25,0.05,26.9478,1.8863,28.8341,3.6036,0.2523,32.69,33.0099,pt-price-st-2026-8-21.xlsx
2026-08-21,e85,GASOHOL95 E85,24.9019,,1.125,0.1125,-3.03,0.05,23.1594,1.6212,24.7806,3.5976,0.2518,28.63,33.0099,pt-price-st-2026-8-21.xlsx
2026-08-21,fo1500,FO 1500 (2) 2%S,20.5286,,0.64,0.064,0.06,0.05,21.3426,1.494,22.8366,,,,33.0099,pt-price-st-2026-8-21.xlsx
2026-08-21,fo600,FO 600 (1) 2%S,22.698,,0.64,0.064,0.06,0.05,23.512,1.6458,25.1578,,,,33.0099,pt-price-st-2026-8-21.xlsx
2026-08-21,gh91,GASOHOL91,24.4845,,6.75,0.675,-0.5,0.05,31.4595,2.2022,33.6617,3.419,0.2393,37.32,33.0099,pt-price-st-2026-8-21.xlsx
2026-08-21,gh95,GASOHOL95 E10,24.8946,,6.75,0.675,-0.5,0.05,31.8696,2.2309,34.1005,3.3547,0.2348,37.69,33.0099,pt-price-st-2026-8-21.xlsx
2026-08-21,gl95,ULG95,24.9938,,7.5,0.75,6.73,0.05,40.0238,2.8017,42.8255,3.6023,0.2522,46.68,33.0099,pt-price-st-2026-8-21.xlsx
2026-08-21,lpg,LPG (BAHT/KILOGRAM),28.3951,,2.17,0.217,-9.8642,0.0,20.9179,1.4643,22.3822,3.2566,0.228,25.8668,33.0099,pt-price-st-2026-8-21.xlsx
2026-08-24,ds,H-DIESEL,34.2911,-2.4,6.92,0.692,-5.96,0.05,33.5931,2.3515,35.9446,2.2854,0.16,38.39,,pt-price-st-2026-8-24.xlsx
2026-08-24,dsb20,H-DIESEL B20,35.0424,-2.4,5.953,0.5953,-10.39,0.05,28.8507,2.0195,30.8702,2.355,0.1648,33.39,,pt-price-st-2026-8-24.xlsx
2026-08-24,e20,GASOHOL95 E20,24.4891,,6.0,0.6,-4.25,0.05,26.8891,1.8822,28.7713,3.6623,0.2564,32.69,,pt-price-st-2026-8-24.xlsx
2026-08-24,e85,GASOHOL95 E85,24.8838,,1.125,0.1125,-3.03,0.05,23.1413,1.6199,24.7612,3.6157,0.2531,28.63,,pt-price-st-2026-8-24.xlsx
2026-08-24,fo1500,FO 1500 (2) 2%S,20.5382,,0.64,0.064,0.06,0.05,21.3522,1.4947,22.8469,,,,,pt-price-st-2026-8-24.xlsx
2026-08-24,fo600,FO 600 (1) 2%S,22.6703,,0.64,0.064,0.06,0.05,23.4843,1.6439,25.1282,,,,,pt-price-st-2026-8-24.xlsx
2026-08-24,gh91,GASOHOL91,24.4186,,6.75,0.675,-0.5,0.05,31.3936,2.1976,33.5912,3.4849,0.2439,37.32,,pt-price-st-2026-8-24.xlsx
2026-08-24,gh95,GASOHOL95 E10,24.8283,,6.75,0.675,-0.5,0.05,31.8033,2.2262,34.0295,3.421,0.2395,37.69,,pt-price-st-2026-8-24.xlsx
2026-08-24,gl95,ULG95,24.9209,,7.5,0.75,6.73,0.05,39.9509,2.7966,42.7475,3.6752,0.2573,46.68,,pt-price-st-2026-8-24.xlsx
2026-08-24,lpg,LPG (BAHT/KILOGRAM),28.3951,,2.17,0.217,-9.8642,0.0,20.9179,1.4643,22.3822,3.2566,0.228,25.8668,,pt-price-st-2026-8-24.xlsx
2026-08-25,ds,H-DIESEL,33.9872,-2.4,6.92,0.692,-5.37,0.05,33.8792,2.3715,36.2507,1.9993,0.14,38.39,32.8081,pt-price-st-2026-8-25.xlsx
2026-08-25,dsb20,H-DIESEL B20,34.7788,-2.4,5.953,0.5953,-9.77,0.05,29.2071,2.0445,31.2516,1.9985,0.1399,33.39,32.8081,pt-price-st-2026-8-25.xlsx
2026-08-25,e20,GASOHOL95 E20,24.2306,,6.0,0.6,-3.93,0.05,26.9506,1.8865,28.8371,3.6008,0.2521,32.69,32.8081,pt-price-st-2026-8-25.xlsx
2026-08-25,e85,GASOHOL95 E85,24.804,,1.125,0.1125,-2.93,0.05,23.1615,1.6213,24.7828,3.5955,0.2517,28.63,32.8081,pt-price-st-2026-8-25.xlsx
2026-08-25,fo1500,FO 1500 (2) 2%S,20.429,,0.64,0.064,0.06,0.05,21.243,1.487,22.73,,,,32.8081,pt-price-st-2026-8-25.xlsx
2026-08-25,fo600,FO 600 (1) 2%S,22.5259,,0.64,0.064,0.06,0.05,23.3399,1.6338,24.9737,,,,32.8081,pt-price-st-2026-8-25.xlsx
2026-08-25,gh91,GASOHOL91,24.1282,,6.75,0.675,-0.14,0.05,31.4632,2.2024,33.6656,3.4153,0.2391,37.32,32.8081,pt-price-st-2026-8-25.xlsx
2026-08-25,gh95,GASOHOL95 E10,24.5357,,6.75,0.675,-0.14,0.05,31.8707,2.2309,34.1016,3.3536,0.2348,37.69,32.8081,pt-price-st-2026-8-25.xlsx
2026-08-25,gl95,ULG95,24.5987,,7.5,0.75,7.13,0.05,40.0287,2.802,42.8307,3.5975,0.2518,46.68,32.8081,pt-price-st-2026-8-25.xlsx
2026-08-25,lpg,LPG (BAHT/KILOGRAM),28.3951,,2.17,0.217,-9.8642,0.0,20.9179,1.4643,22.3822,3.2566,0.228,25.8668,32.8081,pt-price-st-2026-8-25.xlsx
2026-08-26,ds,H-DIESEL,33.2047,-2.4,6.92,0.692,-4.59,0.05,33.8767,2.3714,36.2481,2.0018,0.1401,38.39,32.8942,pt-price-st-2026-8-26.xlsx
2026-08-26,dsb20,H-DIESEL B20,34.1003,-2.4,5.953,0.5953,-9.09,0.05,29.2086,2.0446,31.2532,1.997,0.1398,33.39,32.8942,pt-price-st-2026-8-26.xlsx
2026-08-26,e20,GASOHOL95 E20,24.1715,,6.0,0.6,-3.87,0.05,26.9515,1.8866,28.8381,3.5999,0.252,32.69,32.8942,pt-price-st-2026-8-26.xlsx
2026-08-26,e85,GASOHOL95 E85,24.7858,,1.125,0.1125,-2.92,0.05,23.1533,1.6207,24.774,3.6037,0.2523,28.63,32.8942,pt-price-st-2026-8-26.xlsx
2026-08-26,fo1500,FO 1500 (2) 2%S,20.3086,,0.64,0.064,0.06,0.05,21.1226,1.4786,22.6012,,,,32.8942,pt-price-st-2026-8-26.xlsx
2026-08-26,fo600,FO 600 (1) 2%S,22.2873,,0.64,0.064,0.06,0.05,23.1013,1.6171,24.7184,,,,32.8942,pt-price-st-2026-8-26.xlsx
2026-08-26,gh91,GASOHOL91,24.0618,,6.75,0.675,-0.07,0.05,31.4668,2.2027,33.6695,3.4117,0.2388,37.32,32.8942,pt-price-st-2026-8-26.xlsx
2026-08-26,gh95,GASOHOL95 E10,24.4704,,6.75,0.675,-0.07,0.05,31.8754,2.2313,34.1067,3.3489,0.2344,37.69,32.8942,pt-price-st-2026-8-26.xlsx
2026-08-26,gl95,ULG95,24.5272,,7.5,0.75,7.2,0.05,40.0272,2.8019,42.8291,3.599,0.2519,46.68,32.8942,pt-price-st-2026-8-26.xlsx
2026-08-26,lpg,LPG (BAHT/KILOGRAM),28.3951,,2.17,0.217,-9.8642,0.0,20.9179,1.4643,22.3822,3.2566,0.228,25.8668,32.8942,pt-price-st-2026-8-26.xlsx
2026-08-27,ds,H-DIESEL,31.6643,-2.4,6.92,0.692,-3.05,0.05,33.8763,2.3713,36.2476,2.0022,0.1402,38.39,32.8734,pt-price-st-2026-8-27.xlsx
2026-08-27,dsb20,H-DIESEL B20,32.7643,-2.4,5.953,0.5953,-7.76,0.05,29.2026,2.0442,31.2468,2.003,0.1402,33.39,32.8734,pt-price-st-2026-8-27.xlsx
2026-08-27,e20,GASOHOL95 E20,23.7687,,6.0,0.6,-3.47,0.05,26.9487,1.8864,28.8351,3.6027,0.2522,32.69,32.8734,pt-price-st-2026-8-27.xlsx
2026-08-27,e85,GASOHOL95 E85,24.6614,,1.125,0.1125,-2.79,0.05,23.159,1.6211,24.7801,3.598,0.2519,28.63,32.8734,pt-price-st-2026-8-27.xlsx
2026-08-27,fo1500,FO 1500 (2) 2%S,19.4472,,0.64,0.064,0.06,0.05,20.2612,1.4183,21.6795,,,,32.8734,pt-price-st-2026-8-27.xlsx
2026-08-27,fo600,FO 600 (1) 2%S,21.296,,0.64,0.064,0.06,0.05,22.11,1.5477,23.6577,,,,32.8734,pt-price-st-2026-8-27.xlsx
2026-08-27,gh91,GASOHOL91,23.6093,,6.75,0.675,0.38,0.05,31.4643,2.2025,33.6668,3.4142,0.239,37.32,32.8734,pt-price-st-2026-8-27.xlsx
2026-08-27,gh95,GASOHOL95 E10,24.0177,,6.75,0.675,0.38,0.05,31.8727,2.2311,34.1038,3.3516,0.2346,37.69,32.8734,pt-price-st-2026-8-27.xlsx
2026-08-27,gl95,ULG95,24.0294,,7.5,0.75,7.7,0.05,40.0294,2.8021,42.8315,3.5967,0.2518,46.68,32.8734,pt-price-st-2026-8-27.xlsx
2026-08-27,lpg,LPG (BAHT/KILOGRAM),28.3951,,2.17,0.217,-9.8642,0.0,20.9179,1.4643,22.3822,3.2566,0.228,25.8668,32.8734,pt-price-st-2026-8-27.xlsx
2026-08-28,ds,H-DIESEL,31.6737,-2.4,6.92,0.692,-3.05,0.05,33.8857,2.372,36.2577,1.9928,0.1395,38.39,32.9794,pt-price-st-2026-8-28.xlsx
2026-08-28,dsb20,H-DIESEL B20,32.7725,-2.4,5.953,0.5953,-7.76,0.05,29.2108,2.0448,31.2556,1.9948,0.1396,33.39,32.9794,pt-price-st-2026-8-28.xlsx
2026-08-28,e20,GASOHOL95 E20,23.9992,,6.0,0.6,-3.47,0.05,27.1792,1.9025,29.0817,3.3722,0.2361,32.69,32.9794,pt-price-st-2026-8-28.xlsx
2026-08-28,e85,GASOHOL95 E85,24.7326,,1.125,0.1125,-2.79,0.05,23.2301,1.6261,24.8562,3.5269,0.2469,28.63,32.9794,pt-price-st-2026-8-28.xlsx
2026-08-28,fo1500,FO 1500 (2) 2%S,18.9146,,0.64,0.064,0.06,0.05,19.7286,1.381,21.1096,,,,32.9794,pt-price-st-2026-8-28.xlsx
2026-08-28,fo600,FO 600 (1) 2%S,20.8522,,0.64,0.064,0.06,0.05,21.6662,1.5166,23.1828,,,,32.9794,pt-price-st-2026-8-28.xlsx
2026-08-28,gh91,GASOHOL91,23.8683,,6.75,0.675,0.38,0.05,31.7233,2.2206,33.9439,3.1552,0.2209,37.32,32.9794,pt-price-st-2026-8-28.xlsx
2026-08-28,gh95,GASOHOL95 E10,24.278,,6.75,0.675,0.38,0.05,32.133,2.2493,34.3823,3.0913,0.2164,37.69,32.9794,pt-price-st-2026-8-28.xlsx
2026-08-28,gl95,ULG95,24.3159,,7.5,0.75,7.7,0.05,40.3159,2.8221,43.138,3.3103,0.2317,46.68,32.9794,pt-price-st-2026-8-28.xlsx
2026-08-28,lpg,LPG (BAHT/KILOGRAM),28.3951,,2.17,0.217,-9.8642,0.0,20.9179,1.4643,22.3822,3.2566,0.228,25.8668,32.9794,pt-price-st-2026-8-28.xlsx
2026-08-31,ds,H-DIESEL,32.3884,-2.4,6.92,0.692,-3.74,0.05,33.9104,2.3737,36.2841,1.9681,0.1378,38.39,33.0797,pt-price-st-2026-8-31.xlsx
2026-08-31,dsb20,H-DIESEL B20,33.4586,-2.4,5.953,0.5953,-8.36,0.05,29.2969,2.0508,31.3477,1.9087,0.1336,33.39,33.0797,pt-price-st-2026-8-31.xlsx
2026-08-31,e20,GASOHOL95 E20,24.3989,,6.0,0.6,-4.1,0.05,26.9489,1.8864,28.8353,3.6025,0.2522,32.69,33.0797,pt-price-st-2026-8-31.xlsx
2026-08-31,e85,GASOHOL95 E85,24.8559,,1.125,0.1125,-2.99,0.05,23.1535,1.6207,24.7742,3.6036,0.2522,28.63,33.0797,pt-price-st-2026-8-31.xlsx
2026-08-31,fo1500,FO 1500 (2) 2%S,18.9042,,0.64,0.064,0.06,0.05,19.7182,1.3803,21.0985,,,,33.0797,pt-price-st-2026-8-31.xlsx
2026-08-31,fo600,FO 600 (1) 2%S,20.9633,,0.64,0.064,0.06,0.05,21.7773,1.5244,23.3017,,,,33.0797,pt-price-st-2026-8-31.xlsx
2026-08-31,gh91,GASOHOL91,24.3173,,6.75,0.675,-0.33,0.05,31.4623,2.2024,33.6647,3.4162,0.2391,37.32,33.0797,pt-price-st-2026-8-31.xlsx
2026-08-31,gh95,GASOHOL95 E10,24.7282,,6.75,0.675,-0.33,0.05,31.8732,2.2311,34.1043,3.3511,0.2346,37.69,33.0797,pt-price-st-2026-8-31.xlsx
2026-08-31,gl95,ULG95,24.8112,,7.5,0.75,6.92,0.05,40.0312,2.8022,42.8334,3.595,0.2516,46.68,33.0797,pt-price-st-2026-8-31.xlsx
2026-08-31,lpg,LPG (BAHT/KILOGRAM),28.3951,,2.17,0.217,-9.8642,0.0,20.9179,1.4643,22.3822,3.2566,0.228,25.8668,33.0797,pt-price-st-2026-8-31.xlsx
2026-09-01,ds,H-DIESEL,33.3454,-2.4,6.92,0.692,-4.73,0.05,33.8774,2.3714,36.2488,2.0011,0.1401,38.39,33.3115,pt-price-st-2026-9-1.xlsx
2026-09-01,dsb20,H-DIESEL B20,34.2887,-2.4,5.953,0.5953,-9.28,0.05,29.207,2.0445,31.2515,1.9986,0.1399,33.39,33.3115,pt-price-st-2026-9-1.xlsx
2026-09-01,e20,GASOHOL95 E20,25.0989,,6.0,0.6,-4.8,0.05,26.9489,1.8864,28.8353,3.6025,0.2522,32.69,33.3115,pt-price-st-2026-9-1.xlsx
2026-09-01,e85,GASOHOL95 E85,25.0789,,1.125,0.1125,-3.21,0.05,23.1564,1.6209,24.7773,3.6007,0.252,28.63,33.3115,pt-price-st-2026-9-1.xlsx
2026-09-01,fo1500,FO 1500 (2) 2%S,19.4057,,0.64,0.064,0.06,0.05,20.2197,1.4154,21.6351,,,,33.3115,pt-price-st-2026-9-1.xlsx
2026-09-01,fo600,FO 600 (1) 2%S,21.5505,,0.64,0.064,0.06,0.05,22.3645,1.5655,23.93,,,,33.3115,pt-price-st-2026-9-1.xlsx
2026-09-01,gh91,GASOHOL91,25.1025,,6.75,0.675,-1.12,0.05,31.4575,2.202,33.6595,3.421,0.2395,37.32,33.3115,pt-price-st-2026-9-1.xlsx
2026-09-01,gh95,GASOHOL95 E10,25.5164,,6.75,0.675,-1.12,0.05,31.8714,2.231,34.1024,3.3529,0.2347,37.69,33.3115,pt-price-st-2026-9-1.xlsx
2026-09-01,gl95,ULG95,25.6773,,7.5,0.75,6.05,0.05,40.0273,2.8019,42.8292,3.5989,0.2519,46.68,33.3115,pt-price-st-2026-9-1.xlsx
2026-09-01,lpg,LPG (BAHT/KILOGRAM),28.3951,,2.17,0.217,-9.8642,0.0,20.9179,1.4643,22.3822,3.2566,0.228,25.8668,33.3115,pt-price-st-2026-9-1.xlsx
2026-09-02,ds,H-DIESEL,34.3215,-2.4,6.92,0.692,-5.0,0.05,34.5835,2.4208,37.0043,1.996,0.1397,39.14,33.3488,pt-price-st-2026-9-2.xlsx
2026-09-02,dsb20,H-DIESEL B20,35.1351,-2.4,5.953,0.5953,-9.43,0.05,29.9034,2.0932,31.9966,2.0032,0.1402,34.14,33.3488,pt-price-st-2026-9-2.xlsx
2026-09-02,e20,GASOHOL95 E20,25.4784,,6.0,0.6,-4.62,0.05,27.5084,1.9256,29.434,3.6037,0.2523,33.29,33.3488,pt-price-st-2026-9-2.xlsx
2026-09-02,e85,GASOHOL95 E85,25.1961,,1.125,0.1125,-2.77,0.05,23.7136,1.66,25.3736,3.6041,0.2523,29.23,33.3488,pt-price-st-2026-9-2.xlsx
2026-09-02,fo1500,FO 1500 (2) 2%S,19.9921,,0.64,0.064,0.06,0.05,20.8061,1.4564,22.2625,,,,33.3488,pt-price-st-2026-9-2.xlsx
2026-09-02,fo600,FO 600 (1) 2%S,22.2125,,0.64,0.064,0.06,0.05,23.0265,1.6119,24.6384,,,,33.3488,pt-price-st-2026-9-2.xlsx
2026-09-02,gh91,GASOHOL91,25.5288,,6.75,0.675,-0.98,0.05,32.0238,2.2417,34.2655,3.4154,0.2391,37.92,33.3488,pt-price-st-2026-9-2.xlsx
2026-09-02,gh95,GASOHOL95 E10,25.9431,,6.75,0.675,-0.98,0.05,32.4381,2.2707,34.7088,3.3469,0.2343,38.29,33.3488,pt-price-st-2026-9-2.xlsx
2026-09-02,gl95,ULG95,26.1466,,7.5,0.75,6.14,0.05,40.5866,2.8411,43.4277,3.6003,0.252,47.28,33.3488,pt-price-st-2026-9-2.xlsx
2026-09-02,lpg,LPG (BAHT/KILOGRAM),27.7145,,2.17,0.217,-9.1836,0.0,20.9179,1.4643,22.3822,3.2566,0.228,25.8668,33.3488,pt-price-st-2026-9-2.xlsx
2026-09-03,ds,H-DIESEL,35.3557,-2.4,6.92,0.692,-6.04,0.05,34.5777,2.4204,36.9981,2.0018,0.1401,39.14,33.4765,pt-price-st-2026-9-3.xlsx
2026-09-03,dsb20,H-DIESEL B20,36.032,-2.4,5.953,0.5953,-10.32,0.05,29.9103,2.0937,32.004,1.9963,0.1397,34.14,33.4765,pt-price-st-2026-9-3.xlsx
2026-09-03,e20,GASOHOL95 E20,26.0167,,6.0,0.6,-5.15,0.05,27.5167,1.9262,29.4429,3.5954,0.2517,33.29,33.4765,pt-price-st-2026-9-3.xlsx
2026-09-03,e85,GASOHOL95 E85,25.3622,,1.125,0.1125,-2.93,0.05,23.7197,1.6604,25.3801,3.598,0.2519,29.23,33.4765,pt-price-st-2026-9-3.xlsx
2026-09-03,fo1500,FO 1500 (2) 2%S,20.1825,,0.64,0.064,0.06,0.05,20.9965,1.4698,22.4663,,,,33.4765,pt-price-st-2026-9-3.xlsx
2026-09-03,fo600,FO 600 (1) 2%S,22.5535,,0.64,0.064,0.06,0.05,23.3675,1.6357,25.0032,,,,33.4765,pt-price-st-2026-9-3.xlsx
2026-09-03,gh91,GASOHOL91,26.1336,,6.75,0.675,-1.59,0.05,32.0186,2.2413,34.2599,3.4207,0.2394,37.92,33.4765,pt-price-st-2026-9-3.xlsx
2026-09-03,gh95,GASOHOL95 E10,26.5495,,6.75,0.675,-1.59,0.05,32.4345,2.2704,34.7049,3.3506,0.2345,38.29,33.4765,pt-price-st-2026-9-3.xlsx
2026-09-03,gl95,ULG95,26.8136,,7.5,0.75,5.47,0.05,40.5836,2.8409,43.4245,3.6033,0.2522,47.28,33.4765,pt-price-st-2026-9-3.xlsx
2026-09-03,lpg,LPG (BAHT/KILOGRAM),27.7145,,2.17,0.217,-9.1836,0.0,20.9179,1.4643,22.3822,3.2566,0.228,25.8668,33.4765,pt-price-st-2026-9-3.xlsx
2026-09-04,ds,H-DIESEL,35.3575,-2.4,6.92,0.692,-6.04,0.05,34.5795,2.4206,37.0001,1.9999,0.14,39.14,33.2499,pt-price-st-2026-9-4.xlsx
2026-09-04,dsb20,H-DIESEL B20,36.0336,-2.4,5.953,0.5953,-10.32,0.05,29.9119,2.0938,32.0057,1.9947,0.1396,34.14,33.2499,pt-price-st-2026-9-4.xlsx
2026-09-04,e20,GASOHOL95 E20,26.2601,,6.0,0.6,-5.15,0.05,27.7601,1.9432,29.7033,3.3521,0.2346,33.29,33.2499,pt-price-st-2026-9-4.xlsx
2026-09-04,e85,GASOHOL95 E85,25.4373,,1.125,0.1125,-2.93,0.05,23.7948,1.6656,25.4604,3.523,0.2466,29.23,33.2499,pt-price-st-2026-9-4.xlsx
2026-09-04,fo1500,FO 1500 (2) 2%S,19.8866,,0.64,0.064,0.06,0.05,20.7006,1.449,22.1496,,,,33.2499,pt-price-st-2026-9-4.xlsx
2026-09-04,fo600,FO 600 (1) 2%S,22.3069,,0.64,0.064,0.06,0.05,23.1209,1.6185,24.7394,,,,33.2499,pt-price-st-2026-9-4.xlsx
2026-09-04,gh91,GASOHOL91,26.407,,6.75,0.675,-1.59,0.05,32.292,2.2604,34.5524,3.1473,0.2203,37.92,33.2499,pt-price-st-2026-9-4.xlsx
2026-09-04,gh95,GASOHOL95 E10,26.82,,6.75,0.675,-1.59,0.05,32.705,2.2894,34.9944,3.08,0.2156,38.29,33.2499,pt-price-st-2026-9-4.xlsx
2026-09-04,gl95,ULG95,27.1104,,7.5,0.75,5.47,0.05,40.8804,2.8616,43.742,3.3065,0.2315,47.28,33.2499,pt-price-st-2026-9-4.xlsx
2026-09-04,lpg,LPG (BAHT/KILOGRAM),27.7145,,2.17,0.217,-9.1836,0.0,20.9179,1.4643,22.3822,3.2566,0.228,25.8668,33.2499,pt-price-st-2026-9-4.xlsx
2026-09-07,ds,H-DIESEL,34.9877,-2.4,6.92,0.692,-5.66,0.05,34.5897,2.4213,37.011,1.9897,0.1393,39.14,33.0913,pt-price-st-2026-9-7.xlsx
2026-09-07,dsb20,H-DIESEL B20,35.7435,-2.4,5.953,0.5953,-9.99,0.05,29.9518,2.0966,32.0484,1.9548,0.1368,34.14,33.0913,pt-price-st-2026-9-7.xlsx
2026-09-07,e20,GASOHOL95 E20,26.1718,,6.0,0.6,-5.31,0.05,27.5118,1.9258,29.4376,3.6004,0.252,33.29,33.0913,pt-price-st-2026-9-7.xlsx
2026-09-07,e85,GASOHOL95 E85,25.4101,,1.125,0.1125,-2.98,0.05,23.7176,1.6602,25.3778,3.6002,0.252,29.23,33.0913,pt-price-st-2026-9-7.xlsx
2026-09-07,fo1500,FO 1500 (2) 2%S,19.7917,,0.64,0.064,0.06,0.05,20.6057,1.4424,22.0481,,,,33.0913,pt-price-st-2026-9-7.xlsx
2026-09-07,fo600,FO 600 (1) 2%S,22.1602,,0.64,0.064,0.06,0.05,22.9742,1.6082,24.5824,,,,33.0913,pt-price-st-2026-9-7.xlsx
2026-09-07,gh91,GASOHOL91,26.3079,,6.75,0.675,-1.77,0.05,32.0129,2.2409,34.2538,3.4264,0.2398,37.92,33.0913,pt-price-st-2026-9-7.xlsx
2026-09-07,gh95,GASOHOL95 E10,26.719,,6.75,0.675,-1.77,0.05,32.424,2.2697,34.6937,3.361,0.2353,38.29,33.0913,pt-price-st-2026-9-7.xlsx
2026-09-07,gl95,ULG95,26.9987,,7.5,0.75,5.29,0.05,40.5887,2.8412,43.4299,3.5982,0.2519,47.28,33.0913,pt-price-st-2026-9-7.xlsx
2026-09-07,lpg,LPG (BAHT/KILOGRAM),27.7145,,2.17,0.217,-9.1836,0.0,20.9179,1.4643,22.3822,3.2566,0.228,25.8668,33.0913,pt-price-st-2026-9-7.xlsx
2026-09-08,ds,H-DIESEL,35.084,-2.4,6.92,0.692,-5.77,0.05,34.576,2.4203,36.9963,2.0035,0.1402,39.14,33.0584,pt-price-st-2026-9-8.xlsx
2026-09-08,dsb20,H-DIESEL B20,35.827,-2.4,5.953,0.5953,-10.12,0.05,29.9053,2.0934,31.9987,2.0012,0.1401,34.14,33.0584,pt-price-st-2026-9-8.xlsx
2026-09-08,e20,GASOHOL95 E20,26.5548,,6.0,0.6,-5.69,0.05,27.5148,1.926,29.4408,3.5974,0.2518,33.29,33.0584,pt-price-st-2026-9-8.xlsx
2026-09-08,e85,GASOHOL95 E85,25.5283,,1.125,0.1125,-3.1,0.05,23.7158,1.6601,25.3759,3.602,0.2521,29.23,33.0584,pt-price-st-2026-9-8.xlsx
2026-09-08,fo1500,FO 1500 (2) 2%S,19.7274,,0.64,0.064,0.06,0.05,20.5414,1.4379,21.9793,,,,33.0584,pt-price-st-2026-9-8.xlsx
2026-09-08,fo600,FO 600 (1) 2%S,22.1235,,0.64,0.064,0.06,0.05,22.9375,1.6056,24.5431,,,,33.0584,pt-price-st-2026-9-8.xlsx
2026-09-08,gh91,GASOHOL91,26.7381,,6.75,0.675,-2.19,0.05,32.0231,2.2416,34.2647,3.4162,0.2391,37.92,33.0584,pt-price-st-2026-9-8.xlsx
2026-09-08,gh95,GASOHOL95 E10,27.1488,,6.75,0.675,-2.19,0.05,32.4338,2.2704,34.7042,3.3512,0.2346,38.29,33.0584,pt-price-st-2026-9-8.xlsx
2026-09-08,gl95,ULG95,27.4712,,7.5,0.75,4.82,0.05,40.5912,2.8414,43.4326,3.5957,0.2517,47.28,33.0584,pt-price-st-2026-9-8.xlsx
2026-09-08,lpg,LPG (BAHT/KILOGRAM),27.7145,,2.17,0.217,-9.1836,0.0,20.9179,1.4643,22.3822,3.2566,0.228,25.8668,33.0584,pt-price-st-2026-9-8.xlsx
2026-09-09,ds,H-DIESEL,35.7713,-2.4,6.92,0.692,-5.8,0.05,35.2333,2.4663,37.6996,2.0004,0.14,39.84,33.041,pt-price-st-2026-9-9.xlsx
2026-09-09,dsb20,H-DIESEL B20,36.423,-2.4,5.953,0.5953,-10.06,0.05,30.5613,2.1393,32.7006,1.9994,0.14,34.84,33.041,pt-price-st-2026-9-9.xlsx
2026-09-09,e20,GASOHOL95 E20,27.3787,,6.0,0.6,-5.77,0.05,28.2587,1.9781,30.2368,3.6011,0.2521,34.09,33.041,pt-price-st-2026-9-9.xlsx
2026-09-09,e85,GASOHOL95 E85,25.7826,,1.125,0.1125,-2.6,0.05,24.4701,1.7129,26.183,3.5953,0.2517,30.03,33.041,pt-price-st-2026-9-9.xlsx
2026-09-09,fo1500,FO 1500 (2) 2%S,20.2065,,0.64,0.064,0.06,0.05,21.0205,1.4714,22.4919,,,,33.041,pt-price-st-2026-9-9.xlsx
2026-09-09,fo600,FO 600 (1) 2%S,22.6401,,0.64,0.064,0.06,0.05,23.4541,1.6418,25.0959,,,,33.041,pt-price-st-2026-9-9.xlsx
2026-09-09,gh91,GASOHOL91,27.6637,,6.75,0.675,-2.37,0.05,32.7687,2.2938,35.0625,3.4182,0.2393,38.72,33.041,pt-price-st-2026-9-9.xlsx
2026-09-09,gh95,GASOHOL95 E10,28.074,,6.75,0.675,-2.37,0.05,33.179,2.3225,35.5015,3.3537,0.2348,39.09,33.041,pt-price-st-2026-9-9.xlsx
2026-09-09,gl95,ULG95,28.4884,,7.5,0.75,4.55,0.05,41.3384,2.8937,44.2321,3.5962,0.2517,48.08,33.041,pt-price-st-2026-9-9.xlsx
2026-09-09,lpg,LPG (BAHT/KILOGRAM),27.7145,,2.17,0.217,-9.1836,0.0,20.9179,1.4643,22.3822,3.2566,0.228,25.8668,33.041,pt-price-st-2026-9-9.xlsx
2026-09-10,ds,H-DIESEL,35.922,-2.4,6.92,0.692,-5.8,0.05,35.384,2.4769,37.8609,1.8496,0.1295,39.84,33.0404,pt-price-st-2026-9-10.xlsx
2026-09-10,dsb20,H-DIESEL B20,36.5537,-2.4,5.953,0.5953,-10.06,0.05,30.692,2.1484,32.8404,1.8688,0.1308,34.84,33.0404,pt-price-st-2026-9-10.xlsx
2026-09-10,e20,GASOHOL95 E20,27.6386,,6.0,0.6,-5.77,0.05,28.5186,1.9963,30.5149,3.3412,0.2339,34.09,33.0404,pt-price-st-2026-9-10.xlsx
2026-09-10,e85,GASOHOL95 E85,25.8628,,1.125,0.1125,-2.6,0.05,24.5503,1.7185,26.2688,3.5151,0.2461,30.03,33.0404,pt-price-st-2026-9-10.xlsx
2026-09-10,fo1500,FO 1500 (2) 2%S,20.8053,,0.64,0.064,0.06,0.05,21.6193,1.5134,23.1327,,,,33.0404,pt-price-st-2026-9-10.xlsx
2026-09-10,fo600,FO 600 (1) 2%S,23.1672,,0.64,0.064,0.06,0.05,23.9812,1.6787,25.6599,,,,33.0404,pt-price-st-2026-9-10.xlsx
2026-09-10,gh91,GASOHOL91,27.9557,,6.75,0.675,-2.37,0.05,33.0607,2.3142,35.3749,3.1263,0.2188,38.72,33.0404,pt-price-st-2026-9-10.xlsx
2026-09-10,gh95,GASOHOL95 E10,28.366,,6.75,0.675,-2.37,0.05,33.471,2.343,35.814,3.0617,0.2143,39.09,33.0404,pt-price-st-2026-9-10.xlsx
2026-09-10,gl95,ULG95,28.8094,,7.5,0.75,4.55,0.05,41.6594,2.9162,44.5756,3.2751,0.2293,48.08,33.0404,pt-price-st-2026-9-10.xlsx
2026-09-10,lpg,LPG (BAHT/KILOGRAM),27.7145,,2.17,0.217,-9.1836,0.0,20.9179,1.4643,22.3822,3.2566,0.228,25.8668,33.0404,pt-price-st-2026-9-10.xlsx
2026-09-11,ds,H-DIESEL,35.782,-2.4,6.92,0.692,-5.8,0.05,35.244,2.4671,37.7111,1.9896,0.1393,39.84,33.0766,pt-price-st-2026-9-11.xlsx
2026-09-11,dsb20,H-DIESEL B20,36.4323,-2.4,5.953,0.5953,-10.06,0.05,30.5706,2.1399,32.7105,1.9902,0.1393,34.84,33.0766,pt-price-st-2026-9-11.xlsx
2026-09-11,e20,GASOHOL95 E20,27.6571,,6.0,0.6,-5.77,0.05,28.5371,1.9976,30.5347,3.3227,0.2326,34.09,33.0766,pt-price-st-2026-9-11.xlsx
2026-09-11,e85,GASOHOL95 E85,25.8685,,1.125,0.1125,-2.6,0.05,24.556,1.7189,26.2749,3.5094,0.2457,30.03,33.0766,pt-price-st-2026-9-11.xlsx
2026-09-11,fo1500,FO 1500 (2) 2%S,21.3627,,0.64,0.064,0.06,0.05,22.1767,1.5524,23.7291,,,,33.0766,pt-price-st-2026-9-11.xlsx
2026-09-11,fo600,FO 600 (1) 2%S,23.6085,,0.64,0.064,0.06,0.05,24.4225,1.7096,26.1321,,,,33.0766,pt-price-st-2026-9-11.xlsx
2026-09-11,gh91,GASOHOL91,27.9764,,6.75,0.675,-2.37,0.05,33.0814,2.3157,35.3971,3.1055,0.2174,38.72,33.0766,pt-price-st-2026-9-11.xlsx
2026-09-11,gh95,GASOHOL95 E10,28.3872,,6.75,0.675,-2.37,0.05,33.4922,2.3445,35.8367,3.0405,0.2128,39.09,33.0766,pt-price-st-2026-9-11.xlsx
2026-09-11,gl95,ULG95,28.8328,,7.5,0.75,4.55,0.05,41.6828,2.9178,44.6006,3.2518,0.2276,48.08,33.0766,pt-price-st-2026-9-11.xlsx
2026-09-11,lpg,LPG (BAHT/KILOGRAM),27.7145,,2.17,0.217,-9.1836,0.0,20.9179,1.4643,22.3822,3.2566,0.228,25.8668,33.0766,pt-price-st-2026-9-11.xlsx
2026-09-14,ds,H-DIESEL,38.7426,-2.4,6.92,0.692,-8.75,0.05,35.2546,2.4678,37.7224,1.9791,0.1385,39.84,33.2891,pt-price-st-2026-9-14.xlsx
2026-09-14,dsb20,H-DIESEL B20,39.049,-2.4,5.953,0.5953,-12.62,0.05,30.6273,2.1439,32.7712,1.9335,0.1353,34.84,33.2891,pt-price-st-2026-9-14.xlsx
2026-09-14,e20,GASOHOL95 E20,29.0442,,6.0,0.6,-7.43,0.05,28.2642,1.9785,30.2427,3.5956,0.2517,34.09,33.2891,pt-price-st-2026-9-14.xlsx
2026-09-14,e85,GASOHOL95 E85,26.2966,,1.125,0.1125,-3.12,0.05,24.4641,1.7125,26.1766,3.6013,0.2521,30.03,33.2891,pt-price-st-2026-9-14.xlsx
2026-09-14,fo1500,FO 1500 (2) 2%S,22.7674,,0.64,0.064,0.06,0.05,23.5814,1.6507,25.2321,,,,33.2891,pt-price-st-2026-9-14.xlsx
2026-09-14,fo600,FO 600 (1) 2%S,25.2992,,0.64,0.064,0.06,0.05,26.1132,1.8279,27.9411,,,,33.2891,pt-price-st-2026-9-14.xlsx
2026-09-14,gh91,GASOHOL91,29.5348,,6.75,0.675,-4.24,0.05,32.7698,2.2939,35.0637,3.4171,0.2392,38.72,33.2891,pt-price-st-2026-9-14.xlsx
2026-09-14,gh95,GASOHOL95 E10,29.9483,,6.75,0.675,-4.24,0.05,33.1833,2.3228,35.5061,3.3494,0.2345,39.09,33.2891,pt-price-st-2026-9-14.xlsx
2026-09-14,gl95,ULG95,30.5497,,7.5,0.75,2.48,0.05,41.3297,2.8931,44.2228,3.6049,0.2523,48.08,33.2891,pt-price-st-2026-9-14.xlsx
2026-09-14,lpg,LPG (BAHT/KILOGRAM),27.7145,,2.17,0.217,-9.1836,0.0,20.9179,1.4643,22.3822,3.2566,0.228,25.8668,33.2891,pt-price-st-2026-9-14.xlsx
2026-09-15,ds,H-DIESEL,40.5967,-2.4,6.92,0.692,-9.83,0.05,36.0287,2.522,38.5507,1.9993,0.14,40.69,33.3138,pt-price-st-2026-9-15.xlsx
2026-09-15,dsb20,H-DIESEL B20,40.6569,-2.4,5.953,0.5953,-13.5,0.05,31.3552,2.1949,33.5501,1.9999,0.14,35.69,33.3138,pt-price-st-2026-9-15.xlsx
2026-09-15,e20,GASOHOL95 E20,29.6289,,6.0,0.6,-7.22,0.05,29.0589,2.0341,31.093,3.5953,0.2517,34.94,33.3138,pt-price-st-2026-9-15.xlsx
2026-09-15,e85,GASOHOL95 E85,26.4771,,1.125,0.1125,-2.5,0.05,25.2646,1.7685,27.0331,3.5952,0.2517,30.88,33.3138,pt-price-st-2026-9-15.xlsx
2026-09-15,fo1500,FO 1500 (2) 2%S,23.7686,,0.64,0.064,0.06,0.05,24.5826,1.7208,26.3034,,,,33.3138,pt-price-st-2026-9-15.xlsx
2026-09-15,fo600,FO 600 (1) 2%S,26.4625,,0.64,0.064,0.06,0.05,27.2765,1.9094,29.1859,,,,33.3138,pt-price-st-2026-9-15.xlsx
2026-09-15,gh91,GASOHOL91,30.1918,,6.75,0.675,-4.1,0.05,33.5668,2.3497,35.9165,3.4145,0.239,39.57,33.3138,pt-price-st-2026-9-15.xlsx
2026-09-15,gh95,GASOHOL95 E10,30.6054,,6.75,0.675,-4.1,0.05,33.9804,2.3786,36.359,3.3467,0.2343,39.94,33.3138,pt-price-st-2026-9-15.xlsx
2026-09-15,gl95,ULG95,31.2722,,7.5,0.75,2.56,0.05,42.1322,2.9493,45.0815,3.5967,0.2518,48.93,33.3138,pt-price-st-2026-9-15.xlsx
2026-09-15,lpg,LPG (BAHT/KILOGRAM),27.7145,,2.17,0.217,-9.1836,0.0,20.9179,1.4643,22.3822,3.2566,0.228,25.8668,33.3138,pt-price-st-2026-9-15.xlsx
2026-09-16,ds,H-DIESEL,40.7988,-4.0,6.92,0.692,-8.43,0.05,36.0308,2.5222,38.553,1.9972,0.1398,40.69,33.4204,pt-price-st-2026-9-16.xlsx
2026-09-16,dsb20,H-DIESEL B20,40.8321,-4.0,5.953,0.5953,-12.08,0.05,31.3504,2.1945,33.5449,2.0048,0.1403,35.69,33.4204,pt-price-st-2026-9-16.xlsx
2026-09-16,e20,GASOHOL95 E20,29.7085,,6.0,0.6,-7.3,0.05,29.0585,2.0341,31.0926,3.5957,0.2517,34.94,33.4204,pt-price-st-2026-9-16.xlsx
2026-09-16,e85,GASOHOL95 E85,26.5016,,1.125,0.1125,-2.53,0.05,25.2591,1.7681,27.0272,3.6007,0.2521,30.88,33.4204,pt-price-st-2026-9-16.xlsx
2026-09-16,fo1500,FO 1500 (2) 2%S,23.9722,,0.64,0.064,0.06,0.05,24.7862,1.735,26.5212,,,,33.4204,pt-price-st-2026-9-16.xlsx
2026-09-16,fo600,FO 600 (1) 2%S,26.6681,,0.64,0.064,0.06,0.05,27.4821,1.9237,29.4058,,,,33.4204,pt-price-st-2026-9-16.xlsx
2026-09-16,gh91,GASOHOL91,30.2811,,6.75,0.675,-4.19,0.05,33.5661,2.3496,35.9157,3.4152,0.2391,39.57,33.4204,pt-price-st-2026-9-16.xlsx
2026-09-16,gh95,GASOHOL95 E10,30.6962,,6.75,0.675,-4.19,0.05,33.9812,2.3787,36.3599,3.3459,0.2342,39.94,33.4204,pt-price-st-2026-9-16.xlsx
2026-09-16,gl95,ULG95,31.3723,,7.5,0.75,2.46,0.05,42.1323,2.9493,45.0816,3.5966,0.2518,48.93,33.4204,pt-price-st-2026-9-16.xlsx
2026-09-16,lpg,LPG (BAHT/KILOGRAM),27.7145,,2.17,0.217,-9.1836,0.0,20.9179,1.4643,22.3822,3.2566,0.228,25.8668,33.4204,pt-price-st-2026-9-16.xlsx
2026-09-17,ds,H-DIESEL,41.591,-4.0,6.92,0.692,-9.22,0.05,36.033,2.5223,38.5553,1.995,0.1397,40.69,33.4412,pt-price-st-2026-9-17.xlsx
2026-09-17,dsb20,H-DIESEL B20,41.5192,-4.0,5.953,0.5953,-12.76,0.05,31.3575,2.195,33.5525,1.9977,0.1398,35.69,33.4412,pt-price-st-2026-9-17.xlsx
2026-09-17,e20,GASOHOL95 E20,30.1903,,6.0,0.6,-7.79,0.05,29.0503,2.0335,31.0838,3.6039,0.2523,34.94,33.4412,pt-price-st-2026-9-17.xlsx
2026-09-17,e85,GASOHOL95 E85,26.6504,,1.125,0.1125,-2.68,0.05,25.2579,1.7681,27.026,3.6019,0.2521,30.88,33.4412,pt-price-st-2026-9-17.xlsx
2026-09-17,fo1500,FO 1500 (2) 2%S,23.643,,0.64,0.064,0.06,0.05,24.457,1.712,26.169,,,,33.4412,pt-price-st-2026-9-17.xlsx
2026-09-17,fo600,FO 600 (1) 2%S,26.5323,,0.64,0.064,0.06,0.05,27.3463,1.9142,29.2605,,,,33.4412,pt-price-st-2026-9-17.xlsx
2026-09-17,gh91,GASOHOL91,30.8225,,6.75,0.675,-4.74,0.05,33.5575,2.349,35.9065,3.4238,0.2397,39.57,33.4412,pt-price-st-2026-9-17.xlsx
2026-09-17,gh95,GASOHOL95 E10,31.2378,,6.75,0.675,-4.74,0.05,33.9728,2.3781,36.3509,3.3543,0.2348,39.94,33.4412,pt-price-st-2026-9-17.xlsx
2026-09-17,gl95,ULG95,31.9677,,7.5,0.75,1.86,0.05,42.1277,2.9489,45.0766,3.6013,0.2521,48.93,33.4412,pt-price-st-2026-9-17.xlsx
2026-09-17,lpg,LPG (BAHT/KILOGRAM),27.7145,,2.17,0.217,-9.1836,0.0,20.9179,1.4643,22.3822,3.2566,0.228,25.8668,33.4412,pt-price-st-2026-9-17.xlsx
2026-09-18,ds,H-DIESEL,40.9913,-4.0,6.92,0.692,-8.62,0.05,36.0333,2.5223,38.5556,1.9948,0.1396,40.69,33.5422,pt-price-st-2026-9-18.xlsx
2026-09-18,dsb20,H-DIESEL B20,40.9991,-4.0,5.953,0.5953,-12.24,0.05,31.3574,2.195,33.5524,1.9978,0.1398,35.69,33.5422,pt-price-st-2026-9-18.xlsx
2026-09-18,e20,GASOHOL95 E20,30.3012,,6.0,0.6,-7.9,0.05,29.0512,2.0336,31.0848,3.603,0.2522,34.94,33.5422,pt-price-st-2026-9-18.xlsx
2026-09-18,e85,GASOHOL95 E85,26.6846,,1.125,0.1125,-2.71,0.05,25.2621,1.7683,27.0304,3.5978,0.2518,30.88,33.5422,pt-price-st-2026-9-18.xlsx
2026-09-18,fo1500,FO 1500 (2) 2%S,22.9155,,0.64,0.064,0.06,0.05,23.7295,1.6611,25.3906,,,,33.5422,pt-price-st-2026-9-18.xlsx
2026-09-18,fo600,FO 600 (1) 2%S,25.8183,,0.64,0.064,0.06,0.05,26.6323,1.8643,28.4966,,,,33.5422,pt-price-st-2026-9-18.xlsx
2026-09-18,gh91,GASOHOL91,30.9471,,6.75,0.675,-4.86,0.05,33.5621,2.3493,35.9114,3.4193,0.2393,39.57,33.5422,pt-price-st-2026-9-18.xlsx
2026-09-18,gh95,GASOHOL95 E10,31.3637,,6.75,0.675,-4.86,0.05,33.9787,2.3785,36.3572,3.3484,0.2344,39.94,33.5422,pt-price-st-2026-9-18.xlsx
2026-09-18,gl95,ULG95,32.1064,,7.5,0.75,1.72,0.05,42.1264,2.9488,45.0752,3.6026,0.2522,48.93,33.5422,pt-price-st-2026-9-18.xlsx
2026-09-18,lpg,LPG (BAHT/KILOGRAM),27.7145,,2.17,0.217,-9.1836,0.0,20.9179,1.4643,22.3822,3.2566,0.228,25.8668,33.5422,pt-price-st-2026-9-18.xlsx
2026-09-21,ds,H-DIESEL,39.332,-4.0,6.92,0.692,-6.95,0.05,36.044,2.5231,38.5671,1.984,0.1389,40.69,33.4416,pt-price-st-2026-9-21.xlsx
2026-09-21,dsb20,H-DIESEL B20,39.5907,-4.0,5.953,0.5953,-10.79,0.05,31.399,2.1979,33.5969,1.9562,0.1369,35.69,33.4416,pt-price-st-2026-9-21.xlsx
2026-09-21,e20,GASOHOL95 E20,30.0368,,6.0,0.6,-7.63,0.05,29.0568,2.034,31.0908,3.5974,0.2518,34.94,33.4416,pt-price-st-2026-9-21.xlsx
2026-09-21,e85,GASOHOL95 E85,26.603,,1.125,0.1125,-2.63,0.05,25.2605,1.7682,27.0287,3.5993,0.252,30.88,33.4416,pt-price-st-2026-9-21.xlsx
2026-09-21,fo1500,FO 1500 (2) 2%S,22.0842,,0.64,0.064,0.06,0.05,22.8982,1.6029,24.5011,,,,33.4416,pt-price-st-2026-9-21.xlsx
2026-09-21,fo600,FO 600 (1) 2%S,24.8288,,0.64,0.064,0.06,0.05,25.6428,1.795,27.4378,,,,33.4416,pt-price-st-2026-9-21.xlsx
2026-09-21,gh91,GASOHOL91,30.65,,6.75,0.675,-4.56,0.05,33.565,2.3496,35.9146,3.4163,0.2391,39.57,33.4416,pt-price-st-2026-9-21.xlsx
2026-09-21,gh95,GASOHOL95 E10,31.0654,,6.75,0.675,-4.56,0.05,33.9804,2.3786,36.359,3.3467,0.2343,39.94,33.4416,pt-price-st-2026-9-21.xlsx
2026-09-21,gl95,ULG95,31.7782,,7.5,0.75,2.05,0.05,42.1282,2.949,45.0772,3.6007,0.2521,48.93,33.4416,pt-price-st-2026-9-21.xlsx
2026-09-21,lpg,LPG (BAHT/KILOGRAM),27.7145,,2.17,0.217,-9.1836,0.0,20.9179,1.4643,22.3822,3.2566,0.228,25.8668,33.4416,pt-price-st-2026-9-21.xlsx
2026-09-22,ds,H-DIESEL,37.8421,-4.0,6.92,0.692,-5.48,0.05,36.0241,2.5217,38.5458,2.0039,0.1403,40.69,33.452,pt-price-st-2026-9-22.xlsx
2026-09-22,dsb20,H-DIESEL B20,38.2986,-4.0,5.953,0.5953,-9.54,0.05,31.3569,2.195,33.5519,1.9982,0.1399,35.69,33.452,pt-price-st-2026-9-22.xlsx
2026-09-22,e20,GASOHOL95 E20,29.7014,,6.0,0.6,-7.3,0.05,29.0514,2.0336,31.085,3.6028,0.2522,34.94,33.452,pt-price-st-2026-9-22.xlsx
2026-09-22,e85,GASOHOL95 E85,26.4995,,1.125,0.1125,-2.53,0.05,25.257,1.768,27.025,3.6028,0.2522,30.88,33.452,pt-price-st-2026-9-22.xlsx
2026-09-22,fo1500,FO 1500 (2) 2%S,21.8787,,0.64,0.064,0.06,0.05,22.6927,1.5885,24.2812,,,,33.452,pt-price-st-2026-9-22.xlsx
2026-09-22,fo600,FO 600 (1) 2%S,24.3946,,0.64,0.064,0.06,0.05,25.2086,1.7646,26.9732,,,,33.452,pt-price-st-2026-9-22.xlsx
2026-09-22,gh91,GASOHOL91,30.2732,,6.75,0.675,-4.19,0.05,33.5582,2.3491,35.9073,3.4231,0.2396,39.57,33.452,pt-price-st-2026-9-22.xlsx
2026-09-22,gh95,GASOHOL95 E10,30.6886,,6.75,0.675,-4.19,0.05,33.9736,2.3782,36.3518,3.3535,0.2347,39.94,33.452,pt-price-st-2026-9-22.xlsx
2026-09-22,gl95,ULG95,31.3641,,7.5,0.75,2.47,0.05,42.1341,2.9494,45.0835,3.5949,0.2516,48.93,33.452,pt-price-st-2026-9-22.xlsx
2026-09-22,lpg,LPG (BAHT/KILOGRAM),27.7145,,2.17,0.217,-9.1836,0.0,20.9179,1.4643,22.3822,3.2566,0.228,25.8668,33.452,pt-price-st-2026-9-22.xlsx
2026-09-23,ds,H-DIESEL,36.9889,-4.0,6.92,0.692,-4.62,0.05,36.0309,2.5222,38.5531,1.9971,0.1398,40.69,33.4113,pt-price-st-2026-9-23.xlsx
2026-09-23,dsb20,H-DIESEL B20,37.5586,-4.0,5.953,0.5953,-8.8,0.05,31.3569,2.195,33.5519,1.9982,0.1399,35.69,33.4113,pt-price-st-2026-9-23.xlsx
2026-09-23,e20,GASOHOL95 E20,29.4601,,6.0,0.6,-7.06,0.05,29.0501,2.0335,31.0836,3.6041,0.2523,34.94,33.4113,pt-price-st-2026-9-23.xlsx
2026-09-23,e85,GASOHOL95 E85,26.425,,1.125,0.1125,-2.45,0.05,25.2625,1.7684,27.0309,3.5973,0.2518,30.88,33.4113,pt-price-st-2026-9-23.xlsx
2026-09-23,fo1500,FO 1500 (2) 2%S,22.0815,,0.64,0.064,0.06,0.05,22.8955,1.6027,24.4982,,,,33.4113,pt-price-st-2026-9-23.xlsx
2026-09-23,fo600,FO 600 (1) 2%S,24.4141,,0.64,0.064,0.06,0.05,25.2281,1.766,26.9941,,,,33.4113,pt-price-st-2026-9-23.xlsx
2026-09-23,gh91,GASOHOL91,30.0021,,6.75,0.675,-3.92,0.05,33.5571,2.349,35.9061,3.4242,0.2397,39.57,33.4113,pt-price-st-2026-9-23.xlsx
2026-09-23,gh95,GASOHOL95 E10,30.4171,,6.75,0.675,-3.92,0.05,33.9721,2.378,36.3501,3.355,0.2349,39.94,33.4113,pt-price-st-2026-9-23.xlsx
2026-09-23,gl95,ULG95,31.0654,,7.5,0.75,2.76,0.05,42.1254,2.9488,45.0742,3.6036,0.2522,48.93,33.4113,pt-price-st-2026-9-23.xlsx
2026-09-23,lpg,LPG (BAHT/KILOGRAM),27.7145,,2.17,0.217,-9.1836,0.0,20.9179,1.4643,22.3822,3.2566,0.228,25.8668,33.4113,pt-price-st-2026-9-23.xlsx
2026-09-24,ds,H-DIESEL,37.4956,-4.0,6.92,0.692,-4.43,0.05,36.7276,2.5709,39.2985,2.0014,0.1401,41.44,33.3257,pt-price-st-2026-9-24.xlsx
2026-09-24,dsb20,H-DIESEL B20,37.998,-4.0,5.953,0.5953,-8.54,0.05,32.0563,2.2439,34.3002,1.9998,0.14,36.44,33.3257,pt-price-st-2026-9-24.xlsx
2026-09-24,e20,GASOHOL95 E20,29.2247,,6.0,0.6,-6.82,0.05,29.0547,2.0338,31.0885,3.5995,0.252,34.94,33.3257,pt-price-st-2026-9-24.xlsx
2026-09-24,e85,GASOHOL95 E85,26.3523,,1.125,0.1125,-2.38,0.05,25.2598,1.7682,27.028,3.6,0.252,30.88,33.3257,pt-price-st-2026-9-24.xlsx
2026-09-24,fo1500,FO 1500 (2) 2%S,21.8196,,0.64,0.064,0.06,0.05,22.6336,1.5844,24.218,,,,33.3257,pt-price-st-2026-9-24.xlsx
2026-09-24,fo600,FO 600 (1) 2%S,24.2845,,0.64,0.064,0.06,0.05,25.0985,1.7569,26.8554,,,,33.3257,pt-price-st-2026-9-24.xlsx
2026-09-24,gh91,GASOHOL91,29.7377,,6.75,0.675,-3.65,0.05,33.5627,2.3494,35.9121,3.4186,0.2393,39.57,33.3257,pt-price-st-2026-9-24.xlsx
2026-09-24,gh95,GASOHOL95 E10,30.1515,,6.75,0.675,-3.65,0.05,33.9765,2.3784,36.3549,3.3506,0.2345,39.94,33.3257,pt-price-st-2026-9-24.xlsx
2026-09-24,gl95,ULG95,30.7732,,7.5,0.75,3.06,0.05,42.1332,2.9493,45.0825,3.5958,0.2517,48.93,33.3257,pt-price-st-2026-9-24.xlsx
2026-09-24,lpg,LPG (BAHT/KILOGRAM),27.7145,,2.17,0.217,-9.1836,0.0,20.9179,1.4643,22.3822,3.2566,0.228,25.8668,33.3257,pt-price-st-2026-9-24.xlsx
2026-09-25,ds,H-DIESEL,38.013,-4,6.92,0.692,-4.95,0.05,36.725,2.5707,39.2958,2.0039,0.1403,41.44,33.5832,pt-price-st-2026-9-25.xlsx
2026-09-25,dsb20,H-DIESEL B20,38.4467,-4,5.953,0.5953,-8.99,0.05,32.055,2.2439,34.2989,2.001,0.1401,36.44,33.5832,pt-price-st-2026-9-25.xlsx
2026-09-25,e20,GASOHOL95 E20,29.7164,,6,0.6,-7.31,0.05,29.0564,2.0339,31.0903,3.5979,0.2518,34.94,33.5832,pt-price-st-2026-9-25.xlsx
2026-09-25,e85,GASOHOL95 E85,26.5041,,1.125,0.1125,-2.53,0.05,25.2616,1.7683,27.0299,3.5982,0.2519,30.88,33.5832,pt-price-st-2026-9-25.xlsx
2026-09-25,gh91,GASOHOL91,30.29,,6.75,0.675,-4.2,0.05,33.565,2.3495,35.9146,3.4163,0.2391,39.57,33.5832,pt-price-st-2026-9-25.xlsx
2026-09-25,gh95,GASOHOL95 E10,30.7071,,6.75,0.675,-4.2,0.05,33.9821,2.3787,36.3608,3.345,0.2342,39.94,33.5832,pt-price-st-2026-9-25.xlsx
2026-09-25,gl95,ULG95,31.3848,,7.5,0.75,2.44,0.05,42.1248,2.9487,45.0735,3.6042,0.2523,48.93,33.5832,pt-price-st-2026-9-25.xlsx
2026-09-25,lpg,LPG (BAHT/KILOGRAM),,,,,,,,,,,,25.87,,seed:structure_retail_compact.json
